-- --------------------------------------------------------
-- Servidor:                     127.0.0.1
-- Versão do servidor:           8.0.16 - MySQL Community Server - GPL
-- OS do Servidor:               Win64
-- HeidiSQL Versão:              10.1.0.5464
-- --------------------------------------------------------

/*!40101 SET @OLD_CHARACTER_SET_CLIENT=@@CHARACTER_SET_CLIENT */;
/*!40101 SET NAMES utf8 */;
/*!50503 SET NAMES utf8mb4 */;
/*!40014 SET @OLD_FOREIGN_KEY_CHECKS=@@FOREIGN_KEY_CHECKS, FOREIGN_KEY_CHECKS=0 */;
/*!40101 SET @OLD_SQL_MODE=@@SQL_MODE, SQL_MODE='NO_AUTO_VALUE_ON_ZERO' */;

-- Copiando estrutura para tabela toll_db.actions
CREATE TABLE IF NOT EXISTS `actions` (
  `id` int(11) NOT NULL AUTO_INCREMENT,
  `name` varchar(50) DEFAULT NULL,
  PRIMARY KEY (`id`)
) ENGINE=InnoDB AUTO_INCREMENT=16 DEFAULT CHARSET=latin1;

-- Copiando dados para a tabela toll_db.actions: ~12 rows (aproximadamente)
/*!40000 ALTER TABLE `actions` DISABLE KEYS */;
INSERT INTO `actions` (`id`, `name`) VALUES
	(1, 'Read'),
	(2, 'Create'),
	(3, 'Update'),
	(4, 'Delete'),
	(6, 'Exportar para Excel'),
	(7, 'Exportar para PDF'),
	(10, 'Aprovar Cadastro de Equipamento'),
	(11, 'Aprovar Desmobilização de Equipamento'),
	(12, 'Aprovar Transferência de Equipamento'),
	(13, 'Aprovar Encerramento de Ordem de Serviço'),
	(14, 'Desmobilizar Equipamento'),
	(15, 'Transferir Equipamento');
/*!40000 ALTER TABLE `actions` ENABLE KEYS */;

-- Copiando estrutura para tabela toll_db.addresses
CREATE TABLE IF NOT EXISTS `addresses` (
  `id` int(11) unsigned NOT NULL AUTO_INCREMENT,
  `code` varchar(10) DEFAULT NULL,
  `street` varchar(80) DEFAULT NULL,
  `number` varchar(10) DEFAULT NULL,
  `city` varchar(80) DEFAULT NULL,
  `state` varchar(100) DEFAULT NULL,
  `zip_code` varchar(10) DEFAULT NULL,
  `country` varchar(80) DEFAULT NULL,
  `complement` varchar(80) DEFAULT NULL,
  `neighborhood` varchar(80) DEFAULT NULL,
  `phone` varchar(50) DEFAULT NULL,
  `email` varchar(80) DEFAULT NULL,
  `is_activated` int(11) DEFAULT '1',
  `created_at` timestamp NULL DEFAULT CURRENT_TIMESTAMP,
  `updated_at` timestamp NULL DEFAULT NULL,
  `deleted_at` timestamp NULL DEFAULT NULL,
  PRIMARY KEY (`id`)
) ENGINE=InnoDB AUTO_INCREMENT=14 DEFAULT CHARSET=latin1;

-- Copiando dados para a tabela toll_db.addresses: ~13 rows (aproximadamente)
/*!40000 ALTER TABLE `addresses` DISABLE KEYS */;
INSERT INTO `addresses` (`id`, `code`, `street`, `number`, `city`, `state`, `zip_code`, `country`, `complement`, `neighborhood`, `phone`, `email`, `is_activated`, `created_at`, `updated_at`, `deleted_at`) VALUES
	(1, '1708-MD', '1708 Masonic Drive', NULL, 'Bozeman', 'Montana', '59715', 'United States', NULL, NULL, NULL, NULL, 1, '2024-09-24 10:46:34', NULL, NULL),
	(2, '4858-WPR', '4858 Wolf Pen Road', NULL, 'San Francisco', 'California', '94107', 'United States', NULL, NULL, '650-389-2325', NULL, 1, '2024-09-24 10:46:34', NULL, NULL),
	(3, '2200-MD', '2200 Masonic Drive', NULL, 'Sunrise', 'Florida', '33323', 'United States', NULL, NULL, '786-356-1177', NULL, 1, '2024-09-24 10:46:34', NULL, NULL),
	(4, '4357-MA', '4357 Modoc Alley', NULL, 'White Bird', 'Florida', '83554', 'United States', NULL, NULL, '208-839-0342', NULL, 1, '2024-09-24 10:46:34', NULL, NULL),
	(5, '123-FH', '123 Fisher Hill', NULL, 'Bailfour', 'Massachusetts', '', 'United States', NULL, NULL, NULL, NULL, 1, '2024-09-24 10:46:34', NULL, NULL),
	(6, '180-TST', '180 Telfourd St.', NULL, 'Boston', 'Massachusetts', '', 'United States', NULL, NULL, NULL, NULL, 1, '2024-09-24 10:46:34', NULL, NULL),
	(7, '44-46-SFP', '44-46 Soldiers Field Place', NULL, 'Boston', 'Massachusetts', '', 'United States', NULL, NULL, NULL, NULL, 1, '2024-09-24 10:46:34', NULL, NULL),
	(8, '490-ERd', '490 Edgartown Rd.', NULL, 'Boston', 'Massachusetts', '', 'United States', NULL, NULL, NULL, NULL, 1, '2024-09-24 10:46:34', NULL, NULL),
	(9, '39-MSt', '39 Main St.', NULL, 'Boston', 'Massachusetts', '', 'United States', NULL, NULL, NULL, NULL, 1, '2024-09-24 10:46:34', NULL, NULL),
	(10, '51-GSt', '51 Gage St.', NULL, 'Boston', 'Massachusetts', '', 'United States', NULL, NULL, NULL, NULL, 1, '2024-09-24 10:46:34', NULL, NULL),
	(11, '4182-VAv', '4182 Burton Avenue', NULL, 'Memphis', 'Tennessee', '38117', 'United States', NULL, NULL, '771-765-2077', NULL, 1, '2024-09-24 10:46:34', NULL, NULL),
	(12, '602-CD', '602 Carolina Divide', NULL, 'Boston', 'Massachusetts', '02125-2577', 'United States', 'Apt. 240', NULL, NULL, NULL, 1, '2024-09-25 09:50:16', NULL, NULL),
	(13, '5430-LAv', '5430 Lysanne Avenue', NULL, ' South Lilianeview', 'Texas', '7683-9656', 'United States', '', NULL, NULL, NULL, 1, '2024-09-25 09:52:30', NULL, NULL);
/*!40000 ALTER TABLE `addresses` ENABLE KEYS */;

-- Copiando estrutura para tabela toll_db.address_clients
CREATE TABLE IF NOT EXISTS `address_clients` (
  `id` int(11) unsigned NOT NULL AUTO_INCREMENT,
  `client_id` int(11) NOT NULL,
  `address_id` int(11) NOT NULL,
  `is_activated` int(11) DEFAULT '1',
  `created_at` timestamp NULL DEFAULT NULL,
  `deleted_at` timestamp NULL DEFAULT NULL,
  `updated_at` timestamp NULL DEFAULT NULL,
  PRIMARY KEY (`id`)
) ENGINE=InnoDB AUTO_INCREMENT=9 DEFAULT CHARSET=latin1;

-- Copiando dados para a tabela toll_db.address_clients: ~6 rows (aproximadamente)
/*!40000 ALTER TABLE `address_clients` DISABLE KEYS */;
INSERT INTO `address_clients` (`id`, `client_id`, `address_id`, `is_activated`, `created_at`, `deleted_at`, `updated_at`) VALUES
	(1, 10, 10, 1, '2024-09-24 14:56:33', NULL, NULL),
	(2, 8, 7, 1, NULL, NULL, NULL),
	(3, 2, 13, 1, NULL, NULL, NULL),
	(4, 3, 9, 1, NULL, NULL, NULL),
	(5, 9, 12, 1, NULL, NULL, NULL),
	(6, 5, 10, 1, NULL, NULL, NULL),
	(7, 7, 11, 1, NULL, NULL, NULL),
	(8, 4, 1, 1, NULL, NULL, NULL);
/*!40000 ALTER TABLE `address_clients` ENABLE KEYS */;

-- Copiando estrutura para tabela toll_db.allowed_actions
CREATE TABLE IF NOT EXISTS `allowed_actions` (
  `id` bigint(20) unsigned NOT NULL AUTO_INCREMENT,
  `user_id` bigint(20) unsigned NOT NULL,
  `read` int(11) unsigned NOT NULL DEFAULT '1',
  `store` int(11) unsigned NOT NULL DEFAULT '1',
  `edit` int(11) unsigned NOT NULL DEFAULT '1',
  `delete` int(11) unsigned NOT NULL DEFAULT '1',
  `export` int(11) unsigned NOT NULL DEFAULT '1',
  PRIMARY KEY (`id`),
  KEY `user_id_fk1x` (`user_id`),
  CONSTRAINT `user_id_fk1x` FOREIGN KEY (`user_id`) REFERENCES `users` (`id`)
) ENGINE=InnoDB DEFAULT CHARSET=latin1;

-- Copiando dados para a tabela toll_db.allowed_actions: ~0 rows (aproximadamente)
/*!40000 ALTER TABLE `allowed_actions` DISABLE KEYS */;
/*!40000 ALTER TABLE `allowed_actions` ENABLE KEYS */;

-- Copiando estrutura para tabela toll_db.brands
CREATE TABLE IF NOT EXISTS `brands` (
  `id` int(10) unsigned NOT NULL AUTO_INCREMENT,
  `cd_usuar_cad` int(11) NOT NULL,
  `name` varchar(80) DEFAULT NULL,
  `is_activated` int(10) unsigned DEFAULT '1',
  `cd_usuar_exc` int(11) DEFAULT NULL,
  `created_at` timestamp NULL DEFAULT NULL,
  `deleted_at` timestamp NULL DEFAULT NULL,
  `updated_at` timestamp NULL DEFAULT NULL,
  PRIMARY KEY (`id`),
  KEY `cd_usuar_cad_fksmk` (`cd_usuar_cad`),
  KEY `cd_usuar_exc_fkx2` (`cd_usuar_exc`),
  CONSTRAINT `cd_usuar_cad_fksmk` FOREIGN KEY (`cd_usuar_cad`) REFERENCES `tbl_usuar` (`cd_usuar`),
  CONSTRAINT `cd_usuar_exc_fkx2` FOREIGN KEY (`cd_usuar_exc`) REFERENCES `tbl_usuar` (`cd_usuar`)
) ENGINE=InnoDB AUTO_INCREMENT=167 DEFAULT CHARSET=utf8;

-- Copiando dados para a tabela toll_db.brands: ~129 rows (aproximadamente)
/*!40000 ALTER TABLE `brands` DISABLE KEYS */;
INSERT INTO `brands` (`id`, `cd_usuar_cad`, `name`, `is_activated`, `cd_usuar_exc`, `created_at`, `deleted_at`, `updated_at`) VALUES
	(25, 1, 'Black & Decker', 1, NULL, '2024-09-25 18:48:06', NULL, NULL),
	(26, 1, 'Bosch', 1, NULL, '2024-09-25 18:48:06', NULL, NULL),
	(27, 1, 'Makita', 1, NULL, '2024-09-25 18:48:06', NULL, NULL),
	(28, 1, '3M', 1, NULL, '2024-09-25 18:48:06', NULL, NULL),
	(29, 1, 'DeWalt', 1, NULL, '2024-09-25 18:48:06', NULL, NULL),
	(30, 1, 'Irwin', 1, NULL, '2024-09-25 18:48:06', NULL, NULL),
	(31, 1, 'Vonder', 1, NULL, '2024-09-25 18:48:06', NULL, NULL),
	(32, 1, 'Schulz', 1, NULL, '2024-09-25 18:48:06', NULL, NULL),
	(33, 1, 'Tramontina', 1, NULL, '2024-09-25 18:48:06', NULL, NULL),
	(34, 1, 'Stanley', 1, NULL, '2024-09-25 18:48:06', NULL, NULL),
	(35, 1, 'Fibratape', 0, NULL, NULL, NULL, NULL),
	(36, 1, 'Cortag', 1, NULL, '2024-09-25 18:48:06', NULL, NULL),
	(37, 1, 'Gedore', 1, NULL, '2024-09-25 18:48:06', NULL, NULL),
	(38, 1, 'Einhell', 1, NULL, '2024-09-25 18:48:06', NULL, NULL),
	(39, 1, 'Belzer', 1, NULL, '2024-09-25 18:48:06', NULL, NULL),
	(40, 1, 'Carbografite', 1, NULL, '2024-09-25 18:48:06', NULL, NULL),
	(41, 1, 'Placo', 1, NULL, '2024-10-14 11:30:37', NULL, NULL),
	(42, 1, 'Adfor', 1, NULL, '2024-10-14 11:30:43', NULL, NULL),
	(43, 1, 'Knauf', 1, NULL, '2024-10-14 11:31:19', NULL, NULL),
	(44, 1, 'XCMG', 0, NULL, NULL, NULL, NULL),
	(45, 1, 'JCB', 0, NULL, NULL, NULL, NULL),
	(46, 1, 'JOHN DEERE', 0, NULL, NULL, NULL, NULL),
	(47, 1, 'XGMA', 0, NULL, NULL, NULL, NULL),
	(48, 1, 'YANTAI EDDIE PRECISION', 0, NULL, NULL, NULL, NULL),
	(49, 1, 'MASSEY FERGUSON', 0, NULL, NULL, NULL, NULL),
	(50, 84, 'ZOOMLION', 0, NULL, NULL, NULL, NULL),
	(55, 97, 'VW', 0, 84, NULL, NULL, NULL),
	(57, 89, 'XGM', 0, 84, NULL, NULL, NULL),
	(58, 84, 'ATLAS COPCO', 0, NULL, NULL, NULL, NULL),
	(59, 84, 'SULLAIR', 0, NULL, NULL, NULL, NULL),
	(60, 84, 'CHICAGO PNEUMATIC', 0, NULL, NULL, NULL, NULL),
	(61, 91, 'RANDON', 0, NULL, NULL, NULL, NULL),
	(62, 97, 'JCB 200LC', 0, 84, NULL, NULL, NULL),
	(63, 84, 'SDLG', 0, NULL, NULL, NULL, NULL),
	(64, 99, 'SCANIA', 0, NULL, NULL, NULL, NULL),
	(65, 99, 'VALTRA', 0, NULL, NULL, NULL, NULL),
	(66, 84, 'TESMEC', 0, NULL, NULL, NULL, NULL),
	(68, 99, 'NISSAN', 0, NULL, NULL, NULL, NULL),
	(70, 88, 'ALLMAND ', 0, NULL, NULL, NULL, NULL),
	(72, 109, 'LIEBHERR', 0, NULL, NULL, NULL, NULL),
	(73, 106, 'FIORI', 0, NULL, NULL, NULL, NULL),
	(74, 88, 'VALMET', 0, NULL, NULL, NULL, NULL),
	(75, 92, 'DOOSAN', 0, NULL, NULL, NULL, NULL),
	(76, 99, 'INTERNATIONAL', 0, NULL, NULL, NULL, NULL),
	(78, 96, 'SUZUKI', 0, NULL, NULL, NULL, NULL),
	(79, 1, 'SINOTRUK', 0, NULL, NULL, NULL, NULL),
	(80, 88, 'PERKINS ', 0, NULL, NULL, NULL, NULL),
	(81, 1, 'HUSQVARNA', 0, NULL, NULL, NULL, NULL),
	(82, 1, 'TOYAMA', 0, NULL, NULL, NULL, NULL),
	(83, 1, 'COMIL', 0, NULL, NULL, NULL, NULL),
	(84, 1, 'STIHL', 0, NULL, NULL, NULL, NULL),
	(85, 1, 'PW HIDROPNEUMÁTICA', 0, NULL, NULL, NULL, NULL),
	(86, 91, 'LOKING', 0, NULL, NULL, NULL, NULL),
	(87, 91, 'LONKING', 0, NULL, NULL, NULL, NULL),
	(88, 92, 'STAMFORD', 0, NULL, NULL, NULL, NULL),
	(89, 92, 'COMBAT', 0, NULL, NULL, NULL, NULL),
	(90, 1, 'ALFA', 0, NULL, NULL, NULL, NULL),
	(91, 99, 'JD', 0, 84, NULL, NULL, NULL),
	(93, 84, 'BUSSCAR', 0, NULL, NULL, NULL, NULL),
	(94, 157, 'FIATALLIS', 0, NULL, NULL, NULL, NULL),
	(96, 99, 'TRITON', 0, NULL, NULL, NULL, NULL),
	(98, 146, 'LT-3', 0, 84, NULL, NULL, NULL),
	(99, 146, 'STEMAC', 0, NULL, NULL, NULL, NULL),
	(100, 156, 'BS INDUSTRIA', 0, NULL, NULL, NULL, NULL),
	(101, 84, 'MECC ALTE', 0, NULL, NULL, NULL, NULL),
	(102, 84, 'MASCARELLO', 0, NULL, NULL, NULL, NULL),
	(103, 84, 'CIFERAL', 0, NULL, NULL, NULL, NULL),
	(104, 99, 'MADAL', 0, NULL, NULL, NULL, NULL),
	(105, 157, 'G-DRIVE ENGINES', 0, NULL, NULL, NULL, NULL),
	(107, 84, 'CZM', 0, NULL, NULL, NULL, NULL),
	(108, 84, 'WACKER NEUSON', 0, NULL, NULL, NULL, NULL),
	(109, 161, 'CCMG', 0, NULL, NULL, NULL, NULL),
	(110, 1, 'MAN', 0, NULL, NULL, NULL, NULL),
	(111, 1, 'GENSET', 0, NULL, NULL, NULL, NULL),
	(112, 1, 'JEEP', 0, NULL, NULL, NULL, NULL),
	(113, 1, 'AGRALE', 0, NULL, NULL, NULL, NULL),
	(114, 1, 'PRENTICE', 0, NULL, NULL, NULL, NULL),
	(115, 155, 'HUBER WARCO', 0, NULL, NULL, NULL, NULL),
	(116, 1, 'KUBOTA', 0, NULL, NULL, NULL, NULL),
	(117, 1, 'LIU GONG', 0, NULL, NULL, NULL, NULL),
	(118, 1, 'WOLF', 0, NULL, NULL, NULL, NULL),
	(119, 1, 'MGR', 0, NULL, NULL, NULL, NULL),
	(120, 1, 'SHANTUI', 0, NULL, NULL, NULL, NULL),
	(121, 1, 'CLO ZIRONI', 0, NULL, NULL, NULL, NULL),
	(122, 1, 'MULLER', 0, NULL, NULL, NULL, NULL),
	(123, 1, 'BUFFALO', 0, NULL, NULL, NULL, NULL),
	(124, 1, 'DIAMOND DRILL', 0, NULL, NULL, NULL, NULL),
	(125, 219, 'USICAMP', 0, NULL, NULL, NULL, NULL),
	(126, 1, 'GROVE', 0, NULL, NULL, NULL, NULL),
	(127, 1, 'VIPART EQUIPAMENTOS', 0, NULL, NULL, NULL, NULL),
	(128, 1, 'METAL PEDRAO', 0, NULL, NULL, NULL, NULL),
	(129, 1, 'T.E.M.A.', 0, NULL, NULL, NULL, NULL),
	(130, 1, 'PRAMAC', 0, NULL, NULL, NULL, NULL),
	(131, 219, 'DYNAPAC', 0, NULL, NULL, NULL, NULL),
	(132, 219, 'GERA POWER', 0, NULL, NULL, NULL, NULL),
	(133, 219, 'CUMMINS', 0, NULL, NULL, NULL, NULL),
	(134, 219, 'JLG', 0, NULL, NULL, NULL, NULL),
	(135, 219, 'GENIE', 0, NULL, NULL, NULL, NULL),
	(136, 219, 'LINDE', 0, NULL, NULL, NULL, NULL),
	(137, 219, 'JHV', 0, NULL, NULL, NULL, NULL),
	(138, 219, 'MWM', 0, NULL, NULL, NULL, NULL),
	(139, 219, 'MTOWER', 0, NULL, NULL, NULL, NULL),
	(140, 219, 'MANITOU', 0, NULL, NULL, NULL, NULL),
	(141, 219, 'NAO SE APLICA', 0, NULL, NULL, NULL, NULL),
	(142, 219, 'WEG', 0, NULL, NULL, NULL, NULL),
	(143, 219, 'BRANCO', 0, NULL, NULL, NULL, NULL),
	(144, 219, 'FACCHINI', 0, NULL, NULL, NULL, NULL),
	(145, 219, 'LUNA', 0, NULL, NULL, NULL, NULL),
	(146, 219, 'TERRADRIL', 0, NULL, NULL, NULL, NULL),
	(147, 219, 'RODOVALE', 0, NULL, NULL, NULL, NULL),
	(148, 219, 'FG WILSON', 0, NULL, NULL, NULL, NULL),
	(149, 219, 'BOMAG', 0, NULL, NULL, NULL, NULL),
	(150, 219, 'LINK JET', 0, NULL, NULL, NULL, NULL),
	(151, 219, 'HIDROSOLO DUMKE', 0, NULL, NULL, NULL, NULL),
	(152, 354, 'GMI', 0, NULL, NULL, NULL, NULL),
	(153, 354, 'MGI', 0, NULL, NULL, NULL, NULL),
	(154, 219, 'TADANO', 0, NULL, NULL, NULL, NULL),
	(155, 219, 'BOBCAT', 0, NULL, NULL, NULL, NULL),
	(156, 219, 'FERGEL', 0, NULL, NULL, NULL, NULL),
	(157, 219, 'MANITOWOC', 0, NULL, NULL, NULL, NULL),
	(158, 219, 'RONDOMIX', 0, NULL, NULL, NULL, NULL),
	(159, 219, 'KOBELCO', 0, NULL, NULL, NULL, NULL),
	(160, 219, 'NAGANO', 0, NULL, NULL, NULL, NULL),
	(161, 219, 'COMETTO', 0, NULL, NULL, NULL, NULL),
	(162, 219, 'TEREX', 0, NULL, NULL, NULL, NULL),
	(163, 219, 'YANMAR', 0, NULL, NULL, NULL, NULL),
	(164, 219, 'LINK-BELT EXCAVATORS', 0, NULL, NULL, NULL, NULL),
	(165, 354, 'MS GERADORES', 0, NULL, NULL, NULL, NULL),
	(166, 219, 'GMG', 0, NULL, NULL, NULL, NULL);
/*!40000 ALTER TABLE `brands` ENABLE KEYS */;

-- Copiando estrutura para tabela toll_db.clients
CREATE TABLE IF NOT EXISTS `clients` (
  `id` int(11) NOT NULL AUTO_INCREMENT,
  `code` varchar(10) DEFAULT NULL,
  `name` varchar(80) DEFAULT NULL,
  `address` varchar(80) DEFAULT NULL,
  `city` varchar(50) DEFAULT NULL,
  `state` varchar(50) DEFAULT NULL,
  `country` varchar(50) DEFAULT NULL,
  `zip_code` varchar(20) DEFAULT NULL,
  `phone` varchar(20) DEFAULT NULL,
  `email` varchar(50) DEFAULT NULL,
  `responsible` varchar(50) DEFAULT NULL,
  `is_activated` int(11) DEFAULT '1',
  `dt_datareg` timestamp NULL DEFAULT CURRENT_TIMESTAMP,
  `created_at` timestamp NULL DEFAULT NULL,
  `deleted_at` timestamp NULL DEFAULT NULL,
  `updated_at` timestamp NULL DEFAULT NULL,
  PRIMARY KEY (`id`)
) ENGINE=InnoDB AUTO_INCREMENT=27 DEFAULT CHARSET=latin1;

-- Copiando dados para a tabela toll_db.clients: ~26 rows (aproximadamente)
/*!40000 ALTER TABLE `clients` DISABLE KEYS */;
INSERT INTO `clients` (`id`, `code`, `name`, `address`, `city`, `state`, `country`, `zip_code`, `phone`, `email`, `responsible`, `is_activated`, `dt_datareg`, `created_at`, `deleted_at`, `updated_at`) VALUES
	(1, NULL, 'VALE', NULL, NULL, NULL, NULL, NULL, NULL, NULL, NULL, 0, '2022-11-16 14:14:08', NULL, NULL, NULL),
	(2, 'BD', 'Brookline Development', NULL, NULL, NULL, NULL, NULL, NULL, NULL, NULL, 1, '2022-11-16 14:14:08', NULL, NULL, NULL),
	(3, 'DELL', 'DELLBROOK / JKS', NULL, NULL, NULL, NULL, NULL, '+1 508-540-6226', NULL, NULL, 1, '2022-11-16 15:17:31', NULL, '2024-12-05 01:48:26', '2024-12-05 01:48:26'),
	(4, 'JAN', 'Janey', NULL, NULL, NULL, NULL, NULL, NULL, NULL, NULL, 1, '2022-11-16 15:17:31', NULL, NULL, NULL),
	(5, 'FC', 'Fasttel Co.', NULL, NULL, NULL, NULL, NULL, NULL, NULL, NULL, 1, '2022-11-16 15:17:31', NULL, NULL, NULL),
	(6, NULL, 'SEPCO1', NULL, NULL, NULL, NULL, NULL, NULL, NULL, NULL, 0, '2022-12-21 10:07:40', NULL, NULL, NULL),
	(7, 'JJW', 'JJ Welch', NULL, NULL, NULL, NULL, NULL, NULL, NULL, NULL, 1, '2022-12-21 10:08:52', NULL, NULL, NULL),
	(8, 'RCS', 'Reynolds Construction Services, Inc', NULL, NULL, NULL, NULL, NULL, NULL, NULL, NULL, 1, '2022-12-21 10:09:19', NULL, NULL, NULL),
	(9, 'EP', 'Emond Plumbing', NULL, NULL, NULL, NULL, NULL, NULL, NULL, NULL, 1, '2022-12-21 10:09:37', NULL, NULL, NULL),
	(10, 'EDF', 'EDF', NULL, NULL, NULL, NULL, NULL, NULL, NULL, NULL, 1, '2023-02-15 11:21:50', NULL, NULL, NULL),
	(11, NULL, 'EDP TRANSMISSAO SP-MG S.A.', NULL, NULL, NULL, NULL, NULL, NULL, NULL, NULL, 0, '2023-10-06 09:08:12', NULL, NULL, NULL),
	(12, NULL, 'Fasttel', NULL, NULL, NULL, NULL, NULL, NULL, NULL, NULL, 0, '2024-02-23 07:18:31', NULL, NULL, NULL),
	(13, NULL, 'AMERICAN CONSTRUCTION CORP', 'RUA CAMPOS SALES', 'BARUERI', 'SP', 'BRASIL', '06401-000', '+1 617-645-0291', 'kreuschel@amconcorp.com', NULL, 1, '2024-12-11 18:44:40', NULL, NULL, '2024-12-13 13:19:38'),
	(14, NULL, 'BALD HILL CONSTRUCTION', NULL, NULL, NULL, NULL, NULL, '+1 781-995-0746', NULL, NULL, 1, '2024-12-11 18:57:12', NULL, NULL, NULL),
	(15, NULL, 'BENTLEY COMPANIES', NULL, NULL, NULL, NULL, NULL, '+1 617-388-6361', NULL, NULL, 1, '2024-12-11 18:59:03', NULL, NULL, NULL),
	(16, NULL, 'BERKS CONSTRUCTION GROUP', NULL, NULL, NULL, NULL, NULL, NULL, NULL, NULL, 1, '2024-12-11 18:59:52', NULL, NULL, NULL),
	(17, NULL, 'FFSDFS', NULL, NULL, NULL, NULL, NULL, NULL, NULL, NULL, 1, '2024-12-11 20:00:33', '2024-12-11 23:00:33', '2024-12-13 13:19:10', '2024-12-13 13:19:10'),
	(18, NULL, 'BOWDOIN CONSTRUCTION', NULL, NULL, NULL, NULL, NULL, '+1 617-435-2272', 'rcahn@bowdoinconstruction.com', NULL, 1, '2024-12-11 20:06:58', '2024-12-11 23:06:58', NULL, '2024-12-11 23:06:58'),
	(19, NULL, 'BRANDPOINT SERVICES', NULL, NULL, NULL, NULL, NULL, '+1 774-606-3049', 'sbaumgartner@brandpointservices.com', 'JOHN', 1, '2024-12-11 20:09:00', '2024-12-11 23:09:00', NULL, '2024-12-11 23:09:00'),
	(20, NULL, 'COMMERCIAL CONTRACTORS, INC', 'RUA CAMPOS SALES', 'BARUERI', 'SP', 'BRASIL', '06401-000', '(27) 99229-6555', 'saleteusbert@gmail.com', 'SALETE', 1, '2024-12-11 20:09:53', '2024-12-11 23:09:53', NULL, '2024-12-11 23:09:53'),
	(21, NULL, 'CONNELY CONSTRUCTION', NULL, NULL, NULL, NULL, NULL, NULL, 'connellyconstruction@verizon.net', NULL, 1, '2024-12-11 20:13:33', '2024-12-11 23:13:33', NULL, '2024-12-11 23:13:33'),
	(22, NULL, 'CONSTRUCTION ONE', NULL, NULL, NULL, NULL, NULL, NULL, 'mmeeks@constructionone.com', NULL, 1, '2024-12-13 09:45:13', '2024-12-13 12:45:13', NULL, '2024-12-13 12:45:13'),
	(23, NULL, 'CORCON - USA', NULL, NULL, NULL, NULL, NULL, '+1 516-505-2700', 'diannucci@corcon-usa.com', NULL, 1, '2024-12-13 09:45:34', '2024-12-13 12:45:34', NULL, '2024-12-13 12:45:34'),
	(24, NULL, 'DAVACO', NULL, NULL, NULL, NULL, NULL, '+1 817-307-1363', 'tricia.cox@davaco.com', NULL, 1, '2024-12-13 09:45:52', '2024-12-13 12:45:52', NULL, '2024-12-13 12:45:52'),
	(25, NULL, 'DELPHI CONSTRUCTION INC', NULL, NULL, NULL, NULL, NULL, '+1 781-893-9900', 'info@delphiconstruction.com', NULL, 1, '2024-12-13 09:46:08', '2024-12-13 12:46:08', NULL, '2024-12-13 12:46:08'),
	(26, NULL, 'ICSK BRASIL CONSTRUCAO LTDA.', 'R ALEXANDRE DUMAS', 'SÃO PAULO', 'SP', 'BRASIL', '04.717-004', '11 315513', 'icsk@icsk.com', 'JOAO', 1, '2024-12-13 10:23:42', '2024-12-13 13:23:42', '2024-12-13 13:23:53', '2024-12-13 13:23:53');
/*!40000 ALTER TABLE `clients` ENABLE KEYS */;

-- Copiando estrutura para tabela toll_db.companies
CREATE TABLE IF NOT EXISTS `companies` (
  `id` int(11) NOT NULL AUTO_INCREMENT,
  `segment` int(10) unsigned DEFAULT NULL,
  `name` varchar(50) DEFAULT NULL,
  `ds_empresa_email` varchar(120) DEFAULT NULL,
  `ds_empresa_contato` varchar(40) DEFAULT NULL,
  `fantasy_name` varchar(80) DEFAULT NULL,
  `document_number` varchar(18) DEFAULT NULL,
  `ds_empresa_telfixo` varchar(20) DEFAULT NULL,
  `ds_empresa_telcel` varchar(20) DEFAULT NULL,
  `ds_empresa_site` varchar(50) DEFAULT NULL,
  `is_activated` int(11) DEFAULT '1',
  `created_at` timestamp NULL DEFAULT CURRENT_TIMESTAMP,
  `logo` varchar(20) DEFAULT NULL,
  `updated_at` timestamp NULL DEFAULT NULL,
  `deleted_at` timestamp NULL DEFAULT NULL,
  PRIMARY KEY (`id`),
  KEY `cd_empresa_tipo_fk` (`segment`)
) ENGINE=InnoDB AUTO_INCREMENT=16 DEFAULT CHARSET=utf8;

-- Copiando dados para a tabela toll_db.companies: ~4 rows (aproximadamente)
/*!40000 ALTER TABLE `companies` DISABLE KEYS */;
INSERT INTO `companies` (`id`, `segment`, `name`, `ds_empresa_email`, `ds_empresa_contato`, `fantasy_name`, `document_number`, `ds_empresa_telfixo`, `ds_empresa_telcel`, `ds_empresa_site`, `is_activated`, `created_at`, `logo`, `updated_at`, `deleted_at`) VALUES
	(1, 1, 'METALLEVE WALL SYSTEMS', NULL, NULL, 'METALLEVE WALL SYSTEMS', NULL, NULL, '(11 ) 0000 0000', NULL, 0, '2016-11-08 17:18:58', 'logo.png', NULL, NULL),
	(13, 1, 'SK - NOVO ESTADO', NULL, NULL, 'SBEI', NULL, NULL, '(11 ) 0000 0000', NULL, 0, '2016-11-08 17:18:58', 'logo3.png', NULL, NULL),
	(14, 1, 'ONTIME CONSTRUCTION', NULL, NULL, 'ONTIME CONSTRUCTION', NULL, NULL, '(11 ) 0000 0000', NULL, 1, '2016-11-08 17:18:58', 'logo3.png', NULL, NULL),
	(15, 1, 'ICSK BRASIL', NULL, NULL, 'ICSK BRASIL', NULL, NULL, '(11 ) 0000 0000', NULL, 0, '2016-11-08 17:18:58', 'logo3.png', NULL, NULL);
/*!40000 ALTER TABLE `companies` ENABLE KEYS */;

-- Copiando estrutura para tabela toll_db.contacts
CREATE TABLE IF NOT EXISTS `contacts` (
  `id` int(11) unsigned NOT NULL AUTO_INCREMENT,
  `name` varchar(80) DEFAULT NULL,
  `client_id` int(11) DEFAULT NULL,
  `employee_role_id` int(11) unsigned DEFAULT NULL,
  `phone` varchar(20) DEFAULT NULL,
  `email` varchar(80) DEFAULT NULL,
  `is_activated` int(11) DEFAULT '1',
  `created_at` timestamp NULL DEFAULT CURRENT_TIMESTAMP,
  `updated_at` timestamp NULL DEFAULT NULL,
  `deleted_at` timestamp NULL DEFAULT NULL,
  PRIMARY KEY (`id`),
  KEY `client_id_fkxia` (`client_id`),
  KEY `function_id_fkxia` (`employee_role_id`),
  CONSTRAINT `client_id_fkxia` FOREIGN KEY (`client_id`) REFERENCES `clients` (`id`),
  CONSTRAINT `function_id_fkxia` FOREIGN KEY (`employee_role_id`) REFERENCES `employee_roles` (`id`)
) ENGINE=InnoDB AUTO_INCREMENT=10 DEFAULT CHARSET=latin1;

-- Copiando dados para a tabela toll_db.contacts: ~4 rows (aproximadamente)
/*!40000 ALTER TABLE `contacts` DISABLE KEYS */;
INSERT INTO `contacts` (`id`, `name`, `client_id`, `employee_role_id`, `phone`, `email`, `is_activated`, `created_at`, `updated_at`, `deleted_at`) VALUES
	(1, 'JONNY BUTTON', 8, 2, '27 99 999 999', 'jony@gmail.com', 1, '2024-12-04 18:35:18', '2024-12-13 13:21:26', NULL),
	(2, 'Salete Usbert', 7, 1, '+55 27 66585 6545', 'salusbert@gmail.com', 1, '2024-12-05 01:11:07', '2024-12-05 03:12:47', NULL),
	(3, 'Carlos Antonio', 2, 2, '+01 531 53135', 'carlos@gmail.com', 1, '2024-12-05 01:14:12', '2024-12-05 03:16:20', '2024-12-05 03:16:20'),
	(8, 'João Batista', 4, 1, '(27) 99535 3153', 'jb@gmail.com', 1, '2024-12-05 03:04:38', '2024-12-05 03:04:38', NULL),
	(9, 'MIGUEL NETO', 13, 1, '(27) 99229-6555', 'MIG@GMAIL.COM', 1, '2024-12-13 13:22:31', '2024-12-13 13:22:31', NULL);
/*!40000 ALTER TABLE `contacts` ENABLE KEYS */;

-- Copiando estrutura para tabela toll_db.contracts
CREATE TABLE IF NOT EXISTS `contracts` (
  `id` int(10) unsigned NOT NULL AUTO_INCREMENT,
  `supplyer_id` int(10) unsigned NOT NULL,
  `vehicle_id` int(10) unsigned DEFAULT NULL,
  `user_id` int(11) NOT NULL,
  `project_id` int(11) DEFAULT NULL,
  `id_excluido` int(10) DEFAULT NULL,
  `contract_start_date` date DEFAULT NULL,
  `contract_end_date` date DEFAULT NULL,
  `contract_number` varchar(30) DEFAULT NULL,
  `contract_year` int(10) unsigned DEFAULT NULL,
  `contract_value` decimal(10,2) DEFAULT NULL,
  `mobilization_value` decimal(12,2) DEFAULT NULL,
  `demobilization_value` decimal(12,2) DEFAULT NULL,
  `type` int(10) unsigned DEFAULT NULL,
  `order_number` varchar(30) DEFAULT NULL,
  `rm` varchar(30) DEFAULT NULL,
  `order_year` int(10) unsigned DEFAULT NULL,
  `rm1` int(10) unsigned DEFAULT NULL,
  `rm_year1` int(10) unsigned DEFAULT NULL,
  `rm2` int(10) unsigned DEFAULT NULL,
  `rm_year2` int(10) unsigned DEFAULT NULL,
  `rm3` int(10) unsigned DEFAULT NULL,
  `rm_year3` int(10) unsigned DEFAULT NULL,
  `is_activated` int(10) unsigned DEFAULT '1',
  `created_at` timestamp NULL DEFAULT CURRENT_TIMESTAMP,
  `deleted_at` timestamp NULL DEFAULT NULL,
  `updated_at` timestamp NULL DEFAULT NULL,
  PRIMARY KEY (`id`),
  KEY `cd_veic_locatario_fk1c` (`supplyer_id`),
  KEY `cd_veic_dados_fk1cr` (`vehicle_id`),
  KEY `cd_usuar_cad_fk1cr` (`user_id`),
  KEY `cd_projeto_fk1x` (`project_id`),
  CONSTRAINT `cd_projeto_fk1x` FOREIGN KEY (`project_id`) REFERENCES `projects` (`id`),
  CONSTRAINT `cd_usuar_cad_fk1cr` FOREIGN KEY (`user_id`) REFERENCES `tbl_usuar` (`cd_usuar`),
  CONSTRAINT `cd_veic_dados_fk1cr` FOREIGN KEY (`vehicle_id`) REFERENCES `vehicles` (`id`),
  CONSTRAINT `cd_veic_locatario_fk1c` FOREIGN KEY (`supplyer_id`) REFERENCES `supplyers` (`id`)
) ENGINE=InnoDB AUTO_INCREMENT=3523 DEFAULT CHARSET=utf8;

-- Copiando dados para a tabela toll_db.contracts: ~0 rows (aproximadamente)
/*!40000 ALTER TABLE `contracts` DISABLE KEYS */;
/*!40000 ALTER TABLE `contracts` ENABLE KEYS */;

-- Copiando estrutura para tabela toll_db.countries
CREATE TABLE IF NOT EXISTS `countries` (
  `id` int(11) NOT NULL AUTO_INCREMENT,
  `name` varchar(50) DEFAULT NULL,
  `locale` varchar(10) DEFAULT NULL,
  `code` varchar(5) DEFAULT NULL,
  `language` varchar(20) DEFAULT NULL,
  PRIMARY KEY (`id`)
) ENGINE=InnoDB DEFAULT CHARSET=latin1;

-- Copiando dados para a tabela toll_db.countries: ~0 rows (aproximadamente)
/*!40000 ALTER TABLE `countries` DISABLE KEYS */;
/*!40000 ALTER TABLE `countries` ENABLE KEYS */;

-- Copiando estrutura para tabela toll_db.disciplines
CREATE TABLE IF NOT EXISTS `disciplines` (
  `id` int(11) unsigned NOT NULL AUTO_INCREMENT,
  `name` varchar(100) DEFAULT NULL,
  `is_activated` int(11) DEFAULT '1',
  `created_at` timestamp NULL DEFAULT CURRENT_TIMESTAMP,
  `updated_at` timestamp NULL DEFAULT NULL,
  `deleted_at` timestamp NULL DEFAULT NULL,
  PRIMARY KEY (`id`)
) ENGINE=InnoDB AUTO_INCREMENT=5 DEFAULT CHARSET=latin1;

-- Copiando dados para a tabela toll_db.disciplines: ~4 rows (aproximadamente)
/*!40000 ALTER TABLE `disciplines` DISABLE KEYS */;
INSERT INTO `disciplines` (`id`, `name`, `is_activated`, `created_at`, `updated_at`, `deleted_at`) VALUES
	(1, 'Carpentry', 1, '2024-10-18 09:13:02', NULL, NULL),
	(2, 'Drywall', 1, '2024-10-18 09:13:02', NULL, NULL),
	(3, 'Insulation', 1, '2024-10-18 09:13:02', NULL, NULL),
	(4, 'Metal Framing', 1, '2024-10-18 09:13:02', NULL, NULL);
/*!40000 ALTER TABLE `disciplines` ENABLE KEYS */;

-- Copiando estrutura para tabela toll_db.drivers
CREATE TABLE IF NOT EXISTS `drivers` (
  `id` int(10) unsigned NOT NULL AUTO_INCREMENT,
  `registration` varchar(10) DEFAULT NULL,
  `name` varchar(80) DEFAULT NULL,
  `is_activated` int(10) unsigned DEFAULT '1',
  `project_id` int(11) DEFAULT NULL,
  `function` varchar(80) DEFAULT NULL,
  `cd_usuar_exc` int(11) DEFAULT NULL,
  `cd_usuar_cad` int(11) DEFAULT NULL,
  `no_cpf` varchar(11) DEFAULT NULL,
  `no_cnh` varchar(15) DEFAULT NULL,
  `ds_cnh_categ` char(2) DEFAULT NULL,
  `dt_cnh_emissao` date DEFAULT NULL,
  `dt_cnh_validade` date DEFAULT NULL,
  `id_proprio` char(1) DEFAULT NULL,
  `created_at` timestamp NULL DEFAULT CURRENT_TIMESTAMP,
  `dt_nasc` date DEFAULT NULL,
  `updated_at` timestamp NULL DEFAULT NULL,
  `deleted_at` timestamp NULL DEFAULT NULL,
  PRIMARY KEY (`id`),
  KEY `cd_projto_fkmt1` (`project_id`),
  KEY `cd_usuar_exc_fkx5` (`cd_usuar_exc`),
  KEY `cd_usuar_cad_mot` (`cd_usuar_cad`),
  CONSTRAINT `cd_projto_fkmt1` FOREIGN KEY (`project_id`) REFERENCES `projects` (`id`),
  CONSTRAINT `cd_usuar_cad_mot` FOREIGN KEY (`cd_usuar_cad`) REFERENCES `tbl_usuar` (`cd_usuar`),
  CONSTRAINT `cd_usuar_exc_fkx5` FOREIGN KEY (`cd_usuar_exc`) REFERENCES `tbl_usuar` (`cd_usuar`)
) ENGINE=InnoDB AUTO_INCREMENT=6350 DEFAULT CHARSET=utf8;

-- Copiando dados para a tabela toll_db.drivers: ~0 rows (aproximadamente)
/*!40000 ALTER TABLE `drivers` DISABLE KEYS */;
/*!40000 ALTER TABLE `drivers` ENABLE KEYS */;

-- Copiando estrutura para tabela toll_db.employee_roles
CREATE TABLE IF NOT EXISTS `employee_roles` (
  `id` int(11) unsigned NOT NULL AUTO_INCREMENT,
  `name` varchar(80) DEFAULT NULL,
  `is_activated` int(11) DEFAULT '1',
  `created_at` timestamp NULL DEFAULT CURRENT_TIMESTAMP,
  `updated_at` timestamp NULL DEFAULT NULL,
  `deleted_at` timestamp NULL DEFAULT NULL,
  PRIMARY KEY (`id`)
) ENGINE=InnoDB AUTO_INCREMENT=5 DEFAULT CHARSET=latin1;

-- Copiando dados para a tabela toll_db.employee_roles: ~4 rows (aproximadamente)
/*!40000 ALTER TABLE `employee_roles` DISABLE KEYS */;
INSERT INTO `employee_roles` (`id`, `name`, `is_activated`, `created_at`, `updated_at`, `deleted_at`) VALUES
	(1, 'Assist. Project Manager', 1, '2024-12-04 19:54:19', NULL, NULL),
	(2, 'Carpenter', 1, '2024-12-04 19:54:29', NULL, NULL),
	(3, 'Taper', 1, '2024-12-04 19:54:36', NULL, NULL),
	(4, 'Project Manager', 1, '2024-12-04 19:54:49', NULL, NULL);
/*!40000 ALTER TABLE `employee_roles` ENABLE KEYS */;

-- Copiando estrutura para tabela toll_db.equipment_contracts
CREATE TABLE IF NOT EXISTS `equipment_contracts` (
  `id` int(10) unsigned NOT NULL AUTO_INCREMENT,
  `project_id` int(11) DEFAULT NULL,
  `contract_id` int(10) unsigned NOT NULL,
  `vehicle_id` int(10) unsigned NOT NULL,
  `user_id` int(11) NOT NULL,
  `contract_value` decimal(12,2) DEFAULT NULL,
  `mobilization_value` decimal(12,2) DEFAULT NULL,
  `demobilization_value` decimal(12,2) DEFAULT NULL,
  `created_at` datetime DEFAULT CURRENT_TIMESTAMP,
  `is_activated` int(10) unsigned DEFAULT '1',
  `cd_usuar_alt` int(11) DEFAULT NULL,
  `dt_dataupd` datetime DEFAULT CURRENT_TIMESTAMP,
  `deleted_at` timestamp NULL DEFAULT NULL,
  `updated_at` timestamp NULL DEFAULT NULL,
  PRIMARY KEY (`id`),
  KEY `cd_veic_moto_fkctr1` (`contract_id`),
  KEY `cd_usuar_fkctr3` (`user_id`),
  KEY `cd_projeto_fkctr4` (`project_id`),
  KEY `cd_veic_dados_fkctr2` (`vehicle_id`),
  KEY `cd_usuar_alt_fku0` (`cd_usuar_alt`),
  CONSTRAINT `cd_projeto_fkctr4` FOREIGN KEY (`project_id`) REFERENCES `projects` (`id`),
  CONSTRAINT `cd_usuar_alt_fku0` FOREIGN KEY (`cd_usuar_alt`) REFERENCES `tbl_usuar` (`cd_usuar`),
  CONSTRAINT `cd_usuar_fkctr3` FOREIGN KEY (`user_id`) REFERENCES `tbl_usuar` (`cd_usuar`),
  CONSTRAINT `cd_veic_dados_fkctr2` FOREIGN KEY (`vehicle_id`) REFERENCES `vehicles` (`id`),
  CONSTRAINT `cd_veic_moto_fkctr1` FOREIGN KEY (`contract_id`) REFERENCES `contracts` (`id`)
) ENGINE=InnoDB AUTO_INCREMENT=14887 DEFAULT CHARSET=latin1 COLLATE=latin1_general_ci;

-- Copiando dados para a tabela toll_db.equipment_contracts: ~0 rows (aproximadamente)
/*!40000 ALTER TABLE `equipment_contracts` DISABLE KEYS */;
/*!40000 ALTER TABLE `equipment_contracts` ENABLE KEYS */;

-- Copiando estrutura para tabela toll_db.equipment_families
CREATE TABLE IF NOT EXISTS `equipment_families` (
  `id` int(10) unsigned NOT NULL AUTO_INCREMENT,
  `name` varchar(50) DEFAULT NULL,
  `cd_usuar_exc` int(11) DEFAULT NULL,
  `equipment_group_id` int(10) unsigned DEFAULT NULL,
  `cd_familiasub` int(10) unsigned DEFAULT NULL,
  `user_id` int(11) NOT NULL,
  `maximum_hour` int(10) unsigned DEFAULT '8',
  `id_unid_km` varchar(10) DEFAULT NULL,
  `has_implement` int(10) unsigned DEFAULT NULL,
  `type` int(10) unsigned DEFAULT NULL,
  `has_tag` int(10) unsigned DEFAULT NULL,
  `has_vin_number` int(10) unsigned DEFAULT NULL,
  `has_model_year` int(10) unsigned DEFAULT NULL,
  `created_at` timestamp NULL DEFAULT CURRENT_TIMESTAMP,
  `is_activated` int(10) unsigned DEFAULT '1',
  `vl_implemento` decimal(10,2) DEFAULT NULL,
  `conversion_factor` int(10) unsigned DEFAULT NULL,
  `ds_linha` varchar(30) DEFAULT NULL,
  `ds_autopropelido` char(3) DEFAULT NULL,
  `id_critico` char(3) DEFAULT 'NÃO',
  `id_montagem` char(3) DEFAULT 'NÃO',
  `updated_at` timestamp NULL DEFAULT NULL,
  `deleted_at` timestamp NULL DEFAULT NULL,
  PRIMARY KEY (`id`),
  KEY `cd_usuar_exc_fkx3` (`cd_usuar_exc`),
  KEY `cd_veic_grupo_fk1g` (`equipment_group_id`),
  KEY `cd_familiasub_fk1` (`cd_familiasub`),
  KEY `cd_usuar_cad_fkvd1` (`user_id`),
  CONSTRAINT `cd_familiasub_fk1` FOREIGN KEY (`cd_familiasub`) REFERENCES `tbl_familiasub` (`cd_familiasub`),
  CONSTRAINT `cd_usuar_cad_fkvd1` FOREIGN KEY (`user_id`) REFERENCES `tbl_usuar` (`cd_usuar`),
  CONSTRAINT `cd_usuar_exc_fkx3` FOREIGN KEY (`cd_usuar_exc`) REFERENCES `tbl_usuar` (`cd_usuar`),
  CONSTRAINT `cd_veic_grupo_fk1g` FOREIGN KEY (`equipment_group_id`) REFERENCES `equipment_groups` (`id`)
) ENGINE=InnoDB AUTO_INCREMENT=183 DEFAULT CHARSET=utf8;

-- Copiando dados para a tabela toll_db.equipment_families: ~130 rows (aproximadamente)
/*!40000 ALTER TABLE `equipment_families` DISABLE KEYS */;
INSERT INTO `equipment_families` (`id`, `name`, `cd_usuar_exc`, `equipment_group_id`, `cd_familiasub`, `user_id`, `maximum_hour`, `id_unid_km`, `has_implement`, `type`, `has_tag`, `has_vin_number`, `has_model_year`, `created_at`, `is_activated`, `vl_implemento`, `conversion_factor`, `ds_linha`, `ds_autopropelido`, `id_critico`, `id_montagem`, `updated_at`, `deleted_at`) VALUES
	(30, 'VEÍCULO LEVE', NULL, 1, 136, 1, 24, 'Km', 0, 1, 1, 1, 1, '2017-11-27 08:08:58', 1, NULL, 70, 'FROTA LEVE', 'SIM', 'SIM', 'NÃO', NULL, NULL),
	(31, 'CAMINHÃO MUNCK 11 À 20 T.M', NULL, 7, 145, 1, 24, 'H', 1, 1, 1, 1, 1, '2017-11-27 08:08:58', 1, 161000.00, 1, 'BRANCA', 'SIM', 'SIM', 'NÃO', NULL, NULL),
	(32, 'VEÍCULO UTILITÁRIO CAMIONETE 4X2', NULL, 5, 138, 1, 24, 'Km', 0, 1, 1, 1, 1, '2017-11-27 08:08:58', 1, NULL, 70, 'FROTA LEVE', 'SIM', 'SIM', 'NÃO', NULL, NULL),
	(33, 'RETROESCAVADEIRA 4X4', NULL, 2, 109, 1, 24, 'H', 0, 0, 0, 0, 0, '2017-11-27 08:08:58', 1, 215000.00, 1, 'AMARELA', 'SIM', 'SIM', 'NÃO', NULL, NULL),
	(34, 'VEÍCULO UTILITÁRIO TRANSPORTE PESSOAL', NULL, 5, 140, 1, 24, 'Km', 0, 1, 1, 1, 1, '2017-11-27 08:08:58', 1, NULL, 20, 'FROTA LEVE', 'SIM', 'NÃO', 'NÃO', NULL, NULL),
	(35, 'VEÍCULO UTILITÁRIO LEVE', NULL, 1, 139, 1, 24, 'Km', 0, 1, 1, 1, 1, '2017-11-27 08:08:58', 1, NULL, 70, 'FROTA LEVE', 'SIM', 'NÃO', 'NÃO', NULL, NULL),
	(36, 'VEÍCULO UTILITÁRIO MÉDIO', NULL, 5, 167, 1, 24, 'Km', NULL, NULL, NULL, NULL, NULL, '2017-11-27 08:08:58', 0, NULL, 1, NULL, NULL, 'NÃO', 'NÃO', NULL, NULL),
	(37, 'CAMINHÃO CARROCERIA CABINADO', NULL, 5, 168, 1, 24, 'H', 1, 1, 1, 1, 1, '2017-11-27 08:08:58', 1, 40000.00, 25, 'BRANCA', 'SIM', 'NÃO', 'NÃO', NULL, NULL),
	(38, 'PÁ CARREGADEIRA', NULL, 2, 107, 1, 24, 'H', 0, 0, 0, 0, 0, '2017-11-27 08:08:58', 1, 520000.00, 1, 'AMARELA', 'SIM', 'SIM', 'NÃO', NULL, NULL),
	(39, 'AMBULÂNCIA', NULL, 1, 169, 1, 24, 'Km', 1, 1, 1, 1, 1, '2017-11-27 08:08:58', 1, 35000.00, 45, 'FROTA LEVE', 'SIM', 'SIM', 'NÃO', NULL, NULL),
	(40, 'CAMINHÃO BASCULANTE 6X4 16M³', NULL, 2, 162, 1, 24, 'H', 1, 1, 1, 1, 1, '2017-11-27 08:08:58', 1, 48000.00, 20, 'BRANCA', 'SIM', 'NÃO', 'NÃO', NULL, NULL),
	(41, 'COMBOIO MISTO', NULL, 3, 150, 1, 24, 'H', 1, 1, 1, 1, 1, '2017-11-27 08:08:58', 1, 106000.00, 1, 'BRANCA', 'SIM', 'SIM', 'NÃO', NULL, NULL),
	(42, 'CAVALO MECÂNICO PRANCHA 30 TON.', NULL, 3, 154, 1, 24, 'H', 1, 1, 1, 1, 1, '2017-11-27 08:08:58', 1, 120000.00, 25, 'BRANCA', 'SIM', 'SIM', 'NÃO', NULL, NULL),
	(43, 'MICRO ÔNIBUS', NULL, 5, 165, 1, 24, 'Km', 0, 1, 1, 1, 1, '2017-11-27 08:08:58', 1, NULL, 45, 'BRANCA', 'SIM', 'NÃO', 'NÃO', NULL, NULL),
	(44, 'MOTONIVELADORA', NULL, 2, 113, 1, 24, 'H', 1, 0, 0, 0, 0, '2017-11-27 08:08:58', 1, 220000.00, 1, 'AMARELA', 'SIM', 'NÃO', 'NÃO', NULL, NULL),
	(45, 'CAMINHÃO BASCULANTE 6X4 12M³', NULL, 2, 161, 1, 24, 'H', 1, 1, 1, 1, 1, '2017-11-27 08:08:58', 1, 48000.00, 20, 'BRANCA', 'SIM', 'NÃO', 'NÃO', NULL, NULL),
	(46, 'CAMINHÃO BASCULANTE 6X4 15M³', NULL, 2, 142, 1, 24, 'H', 1, 1, 1, 1, 1, '2017-11-27 08:08:58', 1, 48000.00, 20, 'BRANCA', 'SIM', 'NÃO', 'NÃO', NULL, NULL),
	(47, 'CAMINHÃO BASCULANTE 8X4 15M³', NULL, 2, 163, 1, 24, 'H', 1, 1, 1, 1, 1, '2017-11-27 08:08:58', 1, 48000.00, 20, 'BRANCA', 'SIM', 'NÃO', 'NÃO', NULL, NULL),
	(48, 'CAMINHÃO BETONEIRA 8M³', NULL, 4, 143, 1, 24, 'H', 1, 1, 1, 1, 1, '2017-11-27 08:08:58', 1, 89000.00, 1, 'BRANCA', 'SIM', 'SIM', 'NÃO', NULL, NULL),
	(50, 'CAMINHÃO MUNCK 31 À 40 T.M', NULL, 7, 164, 1, 24, 'H', 1, 1, 1, 1, 1, '2017-11-27 08:08:58', 1, 161000.00, 1, 'BRANCA', 'SIM', 'SIM', 'NÃO', NULL, NULL),
	(51, 'COMBOIO LUBRIFICAÇÃO', NULL, 3, 149, 1, 24, 'H', 1, 1, 1, 1, 1, '2017-11-27 08:08:58', 1, 106000.00, 1, 'BRANCA', 'SIM', 'NÃO', 'NÃO', NULL, NULL),
	(52, 'CAMINHÃO PERFURATRIZ ROTATIVA', NULL, 6, 108, 1, 24, 'H', 0, 1, 1, 1, 1, '2017-11-27 08:08:58', 1, NULL, 10, 'BRANCA', 'SIM', 'SIM', 'NÃO', NULL, NULL),
	(53, 'CAMINHÃO PIPA 10.000 LITROS', NULL, 3, 147, 1, 24, 'H', 1, 1, 1, 1, 1, '2017-11-27 08:08:58', 1, 70000.00, 15, 'BRANCA', 'SIM', 'NÃO', 'NÃO', NULL, NULL),
	(54, 'CAVALO MECÂNICO CARGA SECA', NULL, 3, 148, 1, 24, 'H', 1, 1, 1, 1, 1, '2017-11-27 08:08:58', 1, 55000.00, 25, 'BRANCA', 'SIM', 'NÃO', 'NÃO', NULL, NULL),
	(55, 'CAVALO MECÂNICO PRANCHA 20 TON.', NULL, 3, 153, 1, 24, 'H', 1, 1, 1, 1, 1, '2017-11-27 08:08:58', 1, 120000.00, 1, 'BRANCA', 'SIM', 'NÃO', 'NÃO', NULL, NULL),
	(56, 'ESCAVADEIRA HIDRÁULICA', NULL, 2, 114, 1, 24, 'H', 0, 0, 0, 0, 0, '2017-11-27 08:08:58', 1, 320000.00, 1, 'AMARELA', 'SIM', 'NÃO', 'NÃO', NULL, NULL),
	(57, 'GUINDASTE 51 A 60 TON', NULL, 7, 118, 1, 24, 'H', 0, 0, 1, 1, 1, '2017-11-27 08:08:58', 1, NULL, 1, 'AMARELA', 'SIM', 'NÃO', 'NÃO', NULL, NULL),
	(58, 'ÔNIBUS', NULL, 5, 166, 1, 24, 'Km', 0, 1, 1, 1, 1, '2017-11-27 08:08:58', 1, 75000.00, 45, 'BRANCA', 'SIM', 'NÃO', 'NÃO', NULL, NULL),
	(59, 'ROMPEDOR HIDRÁULICO', NULL, 2, 119, 1, 24, 'H', 0, 0, 0, 0, 0, '2017-11-27 08:08:58', 1, 85000.00, 1, 'AMARELA', 'NÃO', 'NÃO', 'NÃO', NULL, NULL),
	(60, 'TRATOR DE ESTEIRA', NULL, 2, 110, 1, 24, 'H', 0, 0, 0, 0, 0, '2017-11-27 08:08:58', 1, 630000.00, 1, 'AMARELA', 'SIM', 'SIM', 'NÃO', NULL, NULL),
	(61, 'TRATOR AGRÍCOLA COM GUINCHO', NULL, 8, 111, 1, 24, 'H', 0, 0, 0, 0, 0, '2017-11-27 08:08:58', 1, 261000.00, 1, 'AMARELA', 'SIM', 'SIM', 'NÃO', NULL, NULL),
	(62, 'VEICULO UTILITARIO PICKUP', NULL, 5, 137, 1, 24, 'Km', 0, 1, 1, 1, 1, '2017-11-27 08:08:58', 1, NULL, 70, 'FROTA LEVE', 'SIM', 'SIM', 'NÃO', NULL, NULL),
	(63, 'CAMINHÃO MUNCK 41 À 50 T.M', NULL, 7, 151, 1, 24, 'H', 1, 1, 1, 1, 1, '2017-11-27 08:08:58', 1, 161000.00, 1, 'BRANCA', 'SIM', 'SIM', 'NÃO', NULL, NULL),
	(64, 'CAMINHÃO PRANCHA C/ MUNCK 10 À 20 TON.', NULL, 3, 152, 1, 24, 'H', 1, 1, 1, 1, 1, '2017-11-27 08:08:58', 1, 190000.00, 1, 'BRANCA', 'SIM', 'SIM', 'NÃO', NULL, NULL),
	(65, 'GUINDASTE 31 A 40 TON', NULL, 7, 117, 1, 24, 'H', 0, 0, 1, 1, 1, '2017-11-27 08:08:58', 1, NULL, 1, 'AMARELA', 'SIM', 'NÃO', 'NÃO', NULL, NULL),
	(66, 'CAMINHÃO PIPA 15.000 LITROS', NULL, 3, 156, 1, 24, 'H', 1, 1, 1, 1, 1, '2017-11-27 08:08:58', 1, 80000.00, 15, 'BRANCA', 'SIM', 'NÃO', 'NÃO', NULL, NULL),
	(67, 'PERFURATRIZ HIDRÁULICA', NULL, 6, 121, 1, 24, 'H', 0, 0, 0, 0, 0, '2017-11-27 08:08:58', 1, 650000.00, 1, 'AMARELA', 'NÃO', 'NÃO', 'NÃO', NULL, NULL),
	(68, 'PERFURATRIZ PNEUMÁTICA', NULL, 6, 122, 1, 24, 'H', 0, 0, 0, 0, 0, '2017-11-27 08:08:58', 1, 55000.00, 1, 'AMARELA', 'NÃO', 'NÃO', 'NÃO', NULL, NULL),
	(69, 'CAMINHÃO PIPA 20.000 LITROS', NULL, 3, 155, 1, 24, 'H', 1, 1, 1, 1, 1, '2017-11-27 08:08:58', 1, 85000.00, 15, 'BRANCA', 'SIM', 'NÃO', 'NÃO', NULL, NULL),
	(70, 'CAMINHÃO MUNCK 21 À 30 T.M', NULL, 7, 146, 1, 24, 'H', 1, 1, 1, 1, 1, '2017-11-27 08:08:58', 1, 161000.00, 1, 'BRANCA', 'SIM', 'SIM', 'NÃO', NULL, NULL),
	(71, 'GERADOR 01 À 20 KVA', NULL, 3, 123, 1, 24, 'H', NULL, 0, NULL, NULL, NULL, '2017-11-27 08:08:58', 1, NULL, 1, 'AMARELA', 'NÃO', 'NÃO', 'NÃO', NULL, NULL),
	(72, 'GERADOR 21 À 40 KVA', NULL, 3, 124, 1, 24, 'H', NULL, 0, NULL, NULL, NULL, '2017-11-27 08:08:58', 1, 287000.00, 1, 'AMARELA', 'NÃO', 'NÃO', 'NÃO', NULL, NULL),
	(73, 'GERADOR 41 À 60 KVA', NULL, 3, 125, 1, 24, 'H', 0, 0, 0, 0, 0, '2017-11-27 08:08:58', 1, 30000.00, 1, 'AMARELA', 'NÃO', 'NÃO', 'NÃO', NULL, NULL),
	(74, 'GERADOR 61 À 80 KVA', NULL, 3, 126, 1, 24, 'H', 0, 0, 0, 0, 0, '2017-11-27 08:08:58', 1, 35000.00, 1, 'AMARELA', 'NÃO', 'NÃO', 'NÃO', NULL, NULL),
	(75, 'CAMINHÃO CARROCERIA 4X2 3/4', NULL, 3, 141, 1, 24, 'H', 1, 1, 1, 1, 1, '2017-11-27 08:08:58', 1, 21000.00, 20, 'BRANCA', 'SIM', 'NÃO', 'NÃO', NULL, NULL),
	(76, 'CAMINHÃO MUNCK 01 À 10 T.M', NULL, 7, 144, 1, 24, 'H', 1, 1, 1, 1, 1, '2017-11-27 08:08:58', 1, 161000.00, 1, 'BRANCA', 'SIM', 'SIM', 'NÃO', NULL, NULL),
	(77, 'TRATOR AGRÍCOLA C/ PERFURATRIZ', NULL, 6, 120, 1, 24, 'H', 0, 0, 0, 0, 0, '2017-11-27 08:08:58', 1, NULL, 1, 'AMARELA', 'SIM', 'NÃO', 'NÃO', NULL, NULL),
	(78, 'CAMINHÃO CARROCERIA 6X2 (TRUCADO)', NULL, 3, 171, 1, 24, 'H', 1, 1, 1, 1, 1, '2017-11-27 08:08:58', 1, 21000.00, 20, 'BRANCA', 'SIM', 'NÃO', 'NÃO', NULL, NULL),
	(79, 'TRATOR DE PNEUS COM FACÃO', NULL, 8, 127, 1, 24, 'H', NULL, NULL, NULL, NULL, NULL, '2017-11-27 08:08:58', 0, NULL, 1, NULL, NULL, 'NÃO', 'NÃO', NULL, NULL),
	(80, 'TRATOR AGRÍCOLA', NULL, 3, 128, 1, 24, 'H', 0, 0, 0, 0, 0, '2017-11-27 08:08:58', 1, 180000.00, 1, 'AMARELA', 'SIM', 'NÃO', 'NÃO', NULL, NULL),
	(81, 'CAMINHÃO BASCULANTE 6X2 15M³', NULL, 2, 158, 1, 24, 'H', 1, 1, 1, 1, 1, '2017-11-27 08:08:58', 1, 48000.00, 20, 'BRANCA', 'SIM', 'NÃO', 'NÃO', NULL, NULL),
	(82, 'CAMINHÃO PLATAFORMA', NULL, 3, 159, 1, 24, 'H', 1, 1, 1, 1, 1, '2017-11-27 08:08:58', 1, 110000.00, 20, 'BRANCA', 'SIM', 'NÃO', 'NÃO', NULL, NULL),
	(84, 'COMPRESSOR DE AR 301 A 600 PCM', NULL, 6, 115, 1, 24, 'H', 0, 0, 0, 0, 0, '2017-11-27 08:08:58', 1, 40000.00, 1, 'AMARELA', 'NÃO', 'NÃO', 'NÃO', NULL, NULL),
	(85, 'CAMINHÃO CARROCERIA 6X4 (TRAÇADO)', NULL, 3, 160, 1, 24, 'H', 1, 1, 1, 1, 1, '2017-11-27 08:08:58', 1, 21000.00, 20, 'BRANCA', 'SIM', 'NÃO', 'NÃO', NULL, NULL),
	(88, 'TENSIONADOR HIDRÁULICO 03 CONDUTORES', NULL, 8, 173, 84, 24, 'H', 0, 0, 0, 0, 0, '2017-11-28 11:57:25', 1, NULL, 1, 'LARANJA', 'NÃO', 'NÃO', 'NÃO', NULL, NULL),
	(89, 'PUXADOR HIDRÁULICO 06 CONDUTORES', NULL, 8, 172, 84, 24, 'H', 0, 0, 0, 0, 0, '2017-11-28 11:58:38', 1, 500000.00, 1, 'LARANJA', 'NÃO', 'NÃO', 'NÃO', NULL, NULL),
	(90, 'PUXADOR HIDRÁULICO CABO OPGW', NULL, 8, 174, 84, 24, 'H', 0, 0, 0, 0, 0, '2017-11-28 11:59:16', 1, NULL, 1, 'LARANJA', 'NÃO', 'NÃO', 'NÃO', NULL, NULL),
	(91, 'TENSIONADOR HIDRÁULICO CABO OPGW', NULL, 8, 175, 84, 24, 'H', 0, 0, 0, 0, 0, '2017-11-28 11:59:40', 1, NULL, 1, 'LARANJA', 'NÃO', 'NÃO', 'NÃO', NULL, NULL),
	(96, 'GUINDASTE 71 A 80 TON', NULL, 7, 129, 1, 24, 'H', 0, 0, 1, 1, 1, '2017-11-28 14:36:03', 1, 2500000.00, 1, 'AMARELA', 'SIM', 'SIM', 'NÃO', NULL, NULL),
	(97, 'GUINDASTE 151 A 160 TON', NULL, 7, 130, 1, 24, 'H', 0, 0, 1, 1, 1, '2017-11-28 14:36:11', 1, NULL, 1, 'AMARELA', 'SIM', 'NÃO', 'NÃO', NULL, NULL),
	(99, 'USINA DOSADORA CONCRETO 20M³/H', NULL, 4, 112, 1, 24, 'H', 0, 0, 0, 0, 0, '2017-11-28 14:36:50', 1, 155000.00, 1, 'AMARELA', 'NÃO', 'NÃO', 'NÃO', NULL, NULL),
	(100, 'GUINDASTE 161 A 170 TON', NULL, 7, 131, 84, 24, 'H', 0, 0, 1, 1, 1, '2017-12-18 13:49:53', 1, NULL, 1, 'AMARELA', 'SIM', 'NÃO', 'NÃO', NULL, NULL),
	(103, 'BETONEIRA DIESEL 230 LITROS', NULL, 4, 116, 84, 24, 'H', NULL, 0, NULL, NULL, NULL, '2017-12-19 12:58:38', 1, NULL, 1, 'AMARELA', 'NÃO', 'NÃO', 'NÃO', NULL, NULL),
	(104, 'GUINDASTE 81 A 90 TON', NULL, 7, 170, 84, 24, 'H', 0, 0, 1, 1, 1, '2017-12-19 15:26:54', 1, NULL, 1, 'AMARELA', 'SIM', 'NÃO', 'NÃO', NULL, NULL),
	(105, 'COMPRESSOR DE AR 001 A 300 PCM', NULL, 6, 176, 1, 24, 'H', 0, 0, 0, 0, 0, '2018-01-16 10:13:19', 1, 34000.00, 1, 'AMARELA', 'NÃO', 'NÃO', 'NÃO', NULL, NULL),
	(107, 'TRATOR AGRÍCOLA COM FACÃO', NULL, 8, 192, 1, 24, 'H', 0, 0, 0, 0, 0, '2018-02-20 15:51:21', 1, NULL, 1, 'AMARELA', 'SIM', 'NÃO', 'NÃO', NULL, NULL),
	(111, 'MOTOSSERRA', NULL, 3, 180, 1, 24, 'H', NULL, 0, NULL, NULL, NULL, '2018-03-14 17:38:57', 1, NULL, 1, 'AMARELA', 'NÃO', 'NÃO', 'NÃO', NULL, NULL),
	(113, 'COMPACTADOR', NULL, 3, 203, 1, 24, 'H', 1, 0, 0, 0, 0, '2018-03-14 17:46:11', 1, 84731.61, 1, 'AMARELA', 'NÃO', 'NÃO', 'NÃO', NULL, NULL),
	(114, 'ROÇADEIRA', NULL, 3, 183, 1, 24, 'H', NULL, 0, NULL, NULL, NULL, '2018-03-14 17:46:33', 1, NULL, 1, 'AMARELA', 'NÃO', 'NÃO', 'NÃO', NULL, NULL),
	(115, 'CORTADORA', NULL, 3, 182, 1, 24, 'H', NULL, 0, NULL, NULL, NULL, '2018-03-20 17:19:50', 1, NULL, 1, 'AMARELA', 'NÃO', 'NÃO', 'NÃO', NULL, NULL),
	(119, 'VEÍCULO SUV 4X4', NULL, 5, 205, 1, 24, 'Km', 0, 1, 1, 1, 1, '2018-04-19 09:09:38', 1, NULL, 70, 'FROTA LEVE', 'SIM', 'SIM', 'NÃO', NULL, NULL),
	(120, 'GUINDASTE 201 A 250 TON', NULL, 7, 186, 84, 24, 'H', 0, 0, 1, 1, 1, '2018-05-04 08:31:00', 1, NULL, 1, 'AMARELA', 'SIM', 'NÃO', 'NÃO', NULL, NULL),
	(121, 'RETROESCAVADEIRA 4X4 C/COMPACTADOR', NULL, 2, 199, 98, 24, 'H', 0, 0, 0, 0, 0, '2018-07-24 15:19:49', 1, 215000.00, 1, 'AMARELA', 'SIM', 'NÃO', 'NÃO', NULL, NULL),
	(122, 'GERADOR 141 À 160 KVA', NULL, 3, 194, 84, 24, 'H', NULL, 0, NULL, NULL, NULL, '2018-07-25 11:31:28', 1, NULL, 1, 'AMARELA', 'NÃO', 'NÃO', 'NÃO', NULL, NULL),
	(123, 'GUINDASTE 171 A 180 TON', NULL, 7, 196, 84, 24, 'H', 0, 0, 1, 1, 1, '2018-07-25 11:43:50', 1, NULL, 1, 'AMARELA', 'SIM', 'NÃO', 'NÃO', NULL, NULL),
	(124, 'CAMINHÃO AUTOBETONEIRA 4X4', NULL, 4, 208, 84, 24, 'H', 1, 1, 1, 1, 1, '2018-07-25 12:04:29', 1, 89000.00, 1, 'BRANCA', 'SIM', 'NÃO', 'NÃO', NULL, NULL),
	(125, 'RETROESCAVADEIRA 4X4 BRAÇO EXTENSÍVEL', NULL, 2, 198, 84, 24, 'H', 0, 0, 0, 0, 0, '2018-07-30 17:45:16', 1, 215000.00, 1, 'AMARELA', 'SIM', 'NÃO', 'NÃO', NULL, NULL),
	(126, 'TORRE DE ILUMINAÇÃO', NULL, 3, 217, 146, 24, 'H', 0, 0, 0, 0, 0, '2018-08-15 11:10:17', 1, NULL, 1, 'AMARELA', 'NÃO', 'NÃO', 'NÃO', NULL, NULL),
	(127, 'GERADOR 91 À 140 KVA', NULL, 3, 213, 146, 24, 'H', 0, 0, 0, 0, 0, '2018-08-15 12:01:07', 1, 45000.00, 1, 'AMARELA', 'NÃO', 'NÃO', 'NÃO', NULL, NULL),
	(128, 'GUINDASTE 21 A 30 TON', NULL, 7, 197, 84, 24, 'H', 0, 0, 1, 1, 1, '2018-08-29 14:30:13', 1, NULL, 1, 'AMARELA', 'SIM', 'NÃO', 'NÃO', NULL, NULL),
	(129, 'COMPRESSOR DE AR 601 A 900 PCM', NULL, 6, 202, 157, 24, 'H', 0, 0, 0, 0, 0, '2018-09-12 11:14:40', 1, 50000.00, 1, 'AMARELA', 'NÃO', 'NÃO', 'NÃO', NULL, NULL),
	(130, 'ESCAVADEIRA HIDRÁULICA C/ ROMPEDOR', NULL, 2, 193, 84, 24, 'H', 0, 0, 0, 0, 0, '2018-09-14 10:18:17', 1, 320000.00, 1, 'AMARELA', 'SIM', 'NÃO', 'NÃO', NULL, NULL),
	(132, 'CAMINHÃO CABINADO', NULL, 5, 168, 144, 24, 'H', NULL, NULL, NULL, NULL, NULL, '2018-10-15 09:39:46', 0, NULL, 1, NULL, NULL, 'NÃO', 'NÃO', NULL, NULL),
	(133, 'COMBOIO ABASTECIMENTO COMBUSTÍVEL', NULL, 3, 214, 84, 24, 'H', 1, 1, 1, 1, 1, '2018-10-22 11:34:41', 1, 106000.00, 1, 'BRANCA', 'SIM', 'NÃO', 'NÃO', NULL, NULL),
	(134, 'VAN', NULL, 5, 206, 84, 24, 'Km', 0, 1, 1, 1, 1, '2018-10-31 15:09:26', 1, NULL, 60, 'BRANCA', 'SIM', 'NÃO', 'NÃO', NULL, NULL),
	(135, 'GERADOR 251 À 300 KVA', NULL, 3, 195, 84, 24, 'H', 0, 0, 0, 0, 0, '2018-10-31 16:03:35', 1, 50000.00, 1, 'AMARELA', 'NÃO', 'NÃO', 'NÃO', NULL, NULL),
	(136, 'PERFURATRIZ SOBRE CAMINHÃO', NULL, 6, 190, 84, 24, 'H', NULL, 0, NULL, NULL, NULL, '2018-11-05 15:29:49', 1, 550000.00, 1, 'AMARELA', 'NÃO', 'NÃO', 'NÃO', NULL, NULL),
	(138, 'CAMINHÃO CABINE TRIPLA', NULL, 5, 209, 1, 24, 'Km', 1, 1, 1, 1, 1, '2018-11-20 13:42:40', 1, 72650.00, 30, 'BRANCA', 'SIM', 'NÃO', 'NÃO', NULL, NULL),
	(139, 'GUINDASTE 91 À 100 TON', NULL, 7, 210, 84, 24, 'H', 0, 0, 1, 1, 1, '2018-11-21 08:25:11', 1, NULL, 1, 'AMARELA', 'SIM', 'NÃO', 'NÃO', NULL, NULL),
	(140, 'CAMINHÃO MUNCK 60 À 70 T.M', NULL, 7, 219, 1, 24, 'H', 1, 1, 1, 1, 1, '2018-12-04 10:10:28', 1, 161000.00, 1, 'BRANCA', 'SIM', 'SIM', 'NÃO', NULL, NULL),
	(141, 'CAVALO MECÂNICO PRANCHA 10 A 19 TON.', NULL, 3, 212, 1, 24, 'H', 1, 1, 1, 1, 1, '2019-01-09 16:19:33', 1, 120000.00, 1, 'BRANCA', 'SIM', 'NÃO', 'NÃO', NULL, NULL),
	(142, 'GERADOR 81 À 90 KVA', NULL, 3, 177, 84, 24, 'H', 0, 0, 0, 0, 0, '2019-01-18 16:32:05', 1, 40000.00, 1, 'AMARELA', 'NÃO', 'NÃO', 'NÃO', NULL, NULL),
	(143, 'PUXADOR HIDRÁULICO 04 CONDUTORES', NULL, 8, 181, 84, 24, 'H', NULL, 0, NULL, NULL, NULL, '2019-01-23 11:29:35', 1, NULL, 1, 'LARANJA', 'NÃO', 'NÃO', 'NÃO', NULL, NULL),
	(144, 'TENSIONADOR HIDRÁULICO 06 CONDUTORES', NULL, 8, 216, 84, 24, 'H', 0, 0, 0, 0, 0, '2019-01-23 11:55:03', 1, NULL, 1, 'LARANJA', 'NÃO', 'NÃO', 'NÃO', NULL, NULL),
	(145, 'GUINCHO HIDRAULICO REBOCAVEL', NULL, 3, 220, 84, 24, 'H', 0, 0, 0, 0, 0, '2019-02-14 11:12:16', 1, 76000.00, 1, 'LARANJA', 'NÃO', 'NÃO', 'NÃO', NULL, NULL),
	(146, 'TRATOR FLORESTAL', NULL, 2, 221, 1, 24, 'H', 0, 0, 0, 0, 0, '2019-04-03 15:21:54', 1, NULL, 1, 'AMARELA', 'SIM', 'NÃO', 'NÃO', NULL, NULL),
	(147, 'GUINDASTE 61 A 70 TON', NULL, 7, 222, 84, 24, 'H', 0, 0, 1, 1, 1, '2019-04-29 09:08:29', 1, NULL, 1, 'AMARELA', 'SIM', 'NÃO', 'NÃO', NULL, NULL),
	(148, 'ROLO COMPACTADOR', NULL, 2, 223, 84, 24, 'H', 0, 0, 0, 0, 0, '2019-04-29 09:25:28', 1, NULL, 1, 'AMARELA', 'SIM', 'NÃO', 'NÃO', NULL, NULL),
	(149, 'CONJUNTO MISTURADOR E BOMBA INJEÇÃO', NULL, 4, 224, 84, 24, 'H', NULL, 0, NULL, NULL, NULL, '2019-04-29 10:29:03', 1, NULL, 1, 'AMARELA', 'NÃO', 'NÃO', 'NÃO', NULL, NULL),
	(150, 'VEÍCULO SUV 4X2', NULL, 5, 205, 1, 24, 'Km', 0, 1, 1, 1, 1, '2018-04-19 09:09:38', 1, NULL, 70, 'FROTA LEVE', 'SIM', 'SIM', 'NÃO', NULL, NULL),
	(153, 'LANÇAMENTO - MISCELANIA', NULL, 8, 181, 155, 8, 'H', NULL, 0, NULL, NULL, NULL, '2020-01-23 16:43:29', 1, NULL, 1, 'LARANJA', 'NÃO', 'NÃO', 'NÃO', NULL, NULL),
	(154, 'SONDA HIDRÁULICA', NULL, 3, 225, 1, 8, 'H', NULL, 0, NULL, NULL, NULL, '2020-01-29 17:41:39', 1, NULL, 1, 'AMARELA', 'NÃO', 'NÃO', 'NÃO', NULL, NULL),
	(155, 'SEMI-REBOQUE PRANCHA', NULL, 3, 159, 219, 8, 'H', 0, 1, 1, 1, 1, '2020-02-06 16:42:12', 1, NULL, 1, 'BRANCA', 'NÃO', 'NÃO', 'NÃO', NULL, NULL),
	(156, 'GERADOR 90 À 251 KVA', NULL, 3, 227, 1, 24, 'H', NULL, 0, NULL, NULL, NULL, '2020-05-20 11:20:10', 1, NULL, 1, 'AMARELA', 'NÃO', 'NÃO', 'NÃO', NULL, NULL),
	(157, 'CAMINHAO OFICINA', NULL, 3, 148, 155, 8, 'H', NULL, 1, NULL, NULL, NULL, '2020-09-24 15:50:55', 1, NULL, 50, 'BRANCA', 'SIM', 'NÃO', 'NÃO', NULL, NULL),
	(158, 'MINI ESCAVADEIRA HIDRÁULICA', NULL, 2, 114, 219, 8, 'H', 0, 0, 0, 0, 0, '2022-04-01 11:01:27', 1, NULL, 1, 'AMARELA', 'NÃO', 'NÃO', 'NÃO', NULL, NULL),
	(159, 'GUINDASTE HIDRÁULICO IMPLEMENTO', NULL, 7, 170, 219, 8, 'H', 0, 2, 0, 0, 0, '2022-04-08 08:19:15', 1, NULL, 1, 'AMARELA', 'NÃO', 'NÃO', 'NÃO', NULL, NULL),
	(160, 'PLATAFORMA ELEVATÓRIA ARTICULADA', NULL, 3, 140, 219, 8, 'H', 0, 0, 0, 0, 0, '2022-05-30 16:09:02', 1, NULL, 1, 'BRANCA', 'NÃO', 'NÃO', 'NÃO', NULL, NULL),
	(161, 'CAMINHÃO GUINDASTE', NULL, 7, NULL, 219, 8, 'H', 0, 0, 1, 1, 1, '2022-07-27 13:03:09', 1, NULL, 1, 'AMARELA', 'NÃO', 'NÃO', 'NÃO', NULL, NULL),
	(162, 'EMPILHADEIRA', NULL, 3, NULL, 219, 8, 'H', 0, 0, 0, 0, 0, '2022-08-03 15:57:02', 1, NULL, 1, 'AMARELA', 'NÃO', 'NÃO', 'NÃO', NULL, NULL),
	(163, 'CAMINHÃO GUINDASTE E SUPERESTRUTURA', NULL, 7, NULL, 219, 8, 'H', 0, 0, 1, 1, 1, '2022-09-15 16:41:14', 1, NULL, 1, 'AMARELA', 'NÃO', 'NÃO', 'NÃO', NULL, NULL),
	(164, 'SEMI-REBOQUE CARGA SECA', NULL, 3, NULL, 219, 8, 'H', 0, 1, 1, 1, 1, '2022-10-21 11:54:21', 1, NULL, 1, 'BRANCA', 'NÃO', 'NÃO', 'NÃO', NULL, NULL),
	(165, 'MANIPULADOR TELESCÓPICO', NULL, 3, NULL, 219, 8, 'H', 0, 0, 0, 0, 0, '2022-10-27 07:19:32', 1, NULL, 1, 'AMARELA', 'NÃO', 'NÃO', 'NÃO', NULL, NULL),
	(166, 'EQUIPAMENTOS DE PEQUENO PORTE', NULL, 3, NULL, 219, 8, 'H', 0, 0, 0, 0, 0, '2022-11-30 11:07:14', 1, NULL, 1, 'AMARELA', 'NÃO', 'NÃO', 'NÃO', NULL, NULL),
	(167, 'PEQUENO PORTE AUTOPROPELIDOS', 219, 3, NULL, 219, 8, 'H', 0, 0, 0, 0, 0, '2022-12-05 08:52:53', 0, NULL, 1, 'AMARELA', 'NÃO', 'NÃO', 'NÃO', NULL, NULL),
	(168, 'CAVALO MECÂNICO C/ MUNCK', NULL, 3, NULL, 219, 8, 'H', 1, 1, 1, 1, 1, '2023-01-12 07:58:15', 1, NULL, 1, 'BRANCA', 'NÃO', 'NÃO', 'NÃO', NULL, NULL),
	(169, 'CAMINHÃO BASCULANTE 6X4 14M³', NULL, 2, 162, 1, 24, 'H', 1, 1, 1, 1, 1, '2017-11-27 08:08:58', 1, 48000.00, 20, 'BRANCA', 'SIM', 'NÃO', 'NÃO', NULL, NULL),
	(170, 'CRAVADORA DE ESTACAS', NULL, 6, NULL, 219, 8, 'H', 0, 0, 0, 0, 0, '2023-03-23 10:30:54', 1, NULL, 1, 'AMARELA', 'NÃO', 'NÃO', 'NÃO', NULL, NULL),
	(171, 'PLATAFORMA ELEVATÓRIA TESOURA', NULL, 3, NULL, 219, 8, 'H', 0, 0, 0, 0, 0, '2023-03-24 11:26:18', 1, NULL, 1, 'BRANCA', 'NÃO', 'NÃO', 'NÃO', NULL, NULL),
	(172, 'MINICARREGADORA', NULL, 2, NULL, 219, 8, 'H', 0, 0, 0, 0, 0, '2023-04-17 09:50:14', 1, NULL, 1, 'AMARELA', 'NÃO', 'NÃO', 'NÃO', NULL, NULL),
	(173, 'MINI ROLO COMPACTADOR', NULL, 2, NULL, 219, 8, 'H', 0, 0, 0, 0, 0, '2023-04-26 07:56:24', 1, NULL, 1, 'AMARELA', 'NÃO', 'NÃO', 'NÃO', NULL, NULL),
	(174, 'GERADOR 300 KVA +', NULL, 3, NULL, 219, 8, 'H', 0, 0, 0, 0, 0, '2023-05-11 07:29:05', 1, NULL, 1, 'AMARELA', 'NÃO', 'NÃO', 'NÃO', NULL, NULL),
	(175, 'CAMINHÃO CARROCERIA FLORESTAL', NULL, 3, NULL, 219, 8, 'H', 0, 1, 1, 1, 1, '2023-05-12 07:28:28', 1, NULL, 1, 'BRANCA', 'NÃO', 'NÃO', 'NÃO', NULL, NULL),
	(176, 'GUINDASTE SOBRE ESTEIRAS', NULL, 7, NULL, 354, 8, 'H', 0, 0, 0, 0, 0, '2023-06-21 15:31:01', 1, NULL, 1, 'AMARELA', 'NÃO', 'NÃO', 'NÃO', NULL, NULL),
	(177, 'CAMINHÃO PIPA 30.000 LITROS', NULL, 3, NULL, 219, 8, 'H', 1, 1, 1, 1, 1, '2023-07-06 11:23:27', 1, NULL, 1, 'BRANCA', 'NÃO', 'NÃO', 'NÃO', NULL, NULL),
	(178, 'CAMIHÃO PIPA 25.000 LITROS', 219, 3, NULL, 354, 8, 'H', 1, 1, 1, 1, 1, '2023-07-06 11:51:07', 0, NULL, 1, 'BRANCA', 'NÃO', 'NÃO', 'NÃO', NULL, NULL),
	(179, 'CAMINHÃO PIPA', NULL, 3, NULL, 354, 8, 'H', 1, 1, 1, 1, 1, '2023-07-06 12:48:30', 1, NULL, 1, 'BRANCA', 'NÃO', 'NÃO', 'NÃO', NULL, NULL),
	(180, 'CAMINHÃO PRANCHA', NULL, 3, NULL, 219, 8, 'H', 0, 1, 1, 1, 1, '2023-08-02 14:13:26', 1, NULL, 1, 'BRANCA', 'NÃO', 'NÃO', 'NÃO', NULL, NULL),
	(181, 'LINHA DE EIXO AUTOPROPELIDA', NULL, 3, NULL, 219, 8, 'H', 0, 0, 0, 0, 0, '2023-11-01 17:35:40', 1, NULL, 1, 'BRANCA', 'NÃO', 'NÃO', 'NÃO', NULL, NULL),
	(182, 'TORRE DE ILUMINAÇÃO SOLAR', NULL, 1, NULL, 354, 8, 'H', 0, 0, 0, 0, 0, '2023-12-06 09:31:08', 1, NULL, 1, 'AMARELA', 'NÃO', 'NÃO', 'NÃO', NULL, NULL);
/*!40000 ALTER TABLE `equipment_families` ENABLE KEYS */;

-- Copiando estrutura para tabela toll_db.equipment_groups
CREATE TABLE IF NOT EXISTS `equipment_groups` (
  `id` int(10) unsigned NOT NULL AUTO_INCREMENT,
  `name` varchar(50) DEFAULT NULL,
  `is_activated` int(10) unsigned DEFAULT '1',
  `created_at` timestamp NULL DEFAULT NULL,
  `updated_at` timestamp NULL DEFAULT NULL,
  `deleted_at` timestamp NULL DEFAULT NULL,
  PRIMARY KEY (`id`)
) ENGINE=InnoDB AUTO_INCREMENT=9 DEFAULT CHARSET=utf8;

-- Copiando dados para a tabela toll_db.equipment_groups: ~8 rows (aproximadamente)
/*!40000 ALTER TABLE `equipment_groups` DISABLE KEYS */;
INSERT INTO `equipment_groups` (`id`, `name`, `is_activated`, `created_at`, `updated_at`, `deleted_at`) VALUES
	(1, 'APOIO ADMINISTRATIVO', 1, NULL, NULL, NULL),
	(2, 'MOVIMENTO TERRA', 1, NULL, NULL, NULL),
	(3, 'APOIO PRODUÇÃO', 1, NULL, NULL, NULL),
	(4, 'CONCRETO', 1, NULL, NULL, NULL),
	(5, 'TRANSPORTE PESSOAL', 1, NULL, NULL, NULL),
	(6, 'PERFURAÇÃO', 1, NULL, NULL, NULL),
	(7, 'IÇAMENTO', 1, NULL, '2024-06-13 14:54:50', NULL),
	(8, 'LANÇAMENTO CABO', 1, NULL, NULL, NULL);
/*!40000 ALTER TABLE `equipment_groups` ENABLE KEYS */;

-- Copiando estrutura para tabela toll_db.equipment_models
CREATE TABLE IF NOT EXISTS `equipment_models` (
  `id` int(10) unsigned NOT NULL AUTO_INCREMENT,
  `equipment_brand_id` int(10) unsigned DEFAULT NULL,
  `equipment_family_id` int(10) unsigned DEFAULT NULL,
  `equipment_prefix_id` int(11) unsigned DEFAULT NULL,
  `user_id_deleted` int(11) DEFAULT NULL,
  `prefix` char(4) DEFAULT NULL,
  `name` varchar(80) DEFAULT NULL,
  `weight_measurment` decimal(12,2) DEFAULT NULL,
  `capacity_measurment` decimal(12,2) DEFAULT NULL,
  `power_measurment` decimal(12,2) DEFAULT NULL,
  `is_activated` int(10) unsigned DEFAULT '1',
  `tank_capacity` decimal(10,2) DEFAULT NULL,
  `id_unid_km` varchar(10) DEFAULT NULL,
  `fuel_consumption` decimal(10,4) DEFAULT NULL,
  `lubricant_consumption` decimal(10,4) DEFAULT NULL,
  `dt_datareg` timestamp NOT NULL DEFAULT CURRENT_TIMESTAMP,
  `unit1` char(20) DEFAULT NULL,
  `unit2` char(20) DEFAULT NULL,
  `unit3` char(20) DEFAULT NULL,
  `updated_at` timestamp NULL DEFAULT NULL,
  `deleted_at` timestamp NULL DEFAULT NULL,
  `created_at` timestamp NULL DEFAULT NULL,
  PRIMARY KEY (`id`),
  KEY `Rel_1marcx` (`equipment_brand_id`),
  KEY `Rel_1famcx` (`equipment_family_id`),
  KEY `cd_veic_desc_fk2` (`equipment_prefix_id`),
  KEY `cd_usuar_exc_fkx1` (`user_id_deleted`),
  CONSTRAINT `cd_usuar_exc_fkx1` FOREIGN KEY (`user_id_deleted`) REFERENCES `tbl_usuar` (`cd_usuar`),
  CONSTRAINT `cd_veic_desc_fk2` FOREIGN KEY (`equipment_prefix_id`) REFERENCES `equipment_prefixes` (`id`),
  CONSTRAINT `equipment_models_ibfk_1` FOREIGN KEY (`equipment_brand_id`) REFERENCES `brands` (`id`),
  CONSTRAINT `equipment_models_ibfk_2` FOREIGN KEY (`equipment_family_id`) REFERENCES `equipment_families` (`id`)
) ENGINE=InnoDB AUTO_INCREMENT=1509 DEFAULT CHARSET=utf8;

-- Copiando dados para a tabela toll_db.equipment_models: ~1.269 rows (aproximadamente)
/*!40000 ALTER TABLE `equipment_models` DISABLE KEYS */;
INSERT INTO `equipment_models` (`id`, `equipment_brand_id`, `equipment_family_id`, `equipment_prefix_id`, `user_id_deleted`, `prefix`, `name`, `weight_measurment`, `capacity_measurment`, `power_measurment`, `is_activated`, `tank_capacity`, `id_unid_km`, `fuel_consumption`, `lubricant_consumption`, `dt_datareg`, `unit1`, `unit2`, `unit3`, `updated_at`, `deleted_at`, `created_at`) VALUES
	(90, 25, 30, 29, NULL, 'AUT', 'ONIX 1.0 MT LT', 1034.00, 1.72, 80.00, 1, 50.00, 'Km', 7.0000, 0.0630, '2018-06-18 11:28:12', 'Kg', 'Passageiro', 'CV', NULL, NULL, NULL),
	(91, 26, 31, 30, NULL, 'CMU', 'WORKER 15190', 15000.00, 43.60, 186.00, 1, 275.00, 'H', 0.3229, 0.0052, '2018-06-18 11:28:12', 'Kg', 'Ton', 'CV', NULL, NULL, NULL),
	(92, 27, 62, 31, NULL, 'PIC', 'L200 TRITON GLS D', 1935.00, 43.60, 180.00, 1, 75.00, 'Km', 0.3125, 0.0050, '2018-06-18 11:28:12', 'Kg', 'Passageiro', 'CV', NULL, NULL, NULL),
	(93, 28, 62, 31, NULL, 'PIC', 'HILUX CD 4X4 SRV', 1925.00, 1.20, 171.00, 1, 80.00, 'Km', 0.4167, 0.0067, '2018-06-18 11:28:12', 'Kg', 'Passageiro', 'CV', NULL, NULL, NULL),
	(94, 26, 62, 31, NULL, 'PIC', 'AMAROK CD 4X4 S', 2073.00, 1.10, 180.00, 1, 80.00, 'Km', 0.4167, 0.0067, '2018-06-18 11:28:12', 'Kg', 'Passageiro', 'CV', NULL, NULL, NULL),
	(95, 29, 33, 32, NULL, 'RET', '416E', 10.20, 1.10, 78.00, 1, 142.00, 'H', 0.2958, 0.0047, '2018-06-18 11:28:12', 'Ton', 'm³', 'HP', NULL, NULL, NULL),
	(96, 30, 134, 33, NULL, 'VAN', 'SPRINTER', 7.00, 2.90, 146.00, 1, 75.00, 'Km', 7.0000, 0.0630, '2018-06-18 11:28:12', 'Ton', 'Passageiro', 'CV', NULL, NULL, NULL),
	(97, 26, 35, 34, NULL, 'VEU', 'SAVEIRO', 1028.00, 1.00, 104.00, 1, 55.00, 'Km', 7.5000, 0.0375, '2018-06-18 11:28:12', 'Kg', 'Passageiro', 'CV', NULL, NULL, NULL),
	(98, 31, 30, 29, NULL, 'AUT', 'FIESTA 1.6', 1555.00, 2.10, 125.00, 1, 45.00, 'Km', 12.0000, 0.0600, '2018-06-18 11:28:12', 'Kg', 'Passageiro', 'CV', NULL, NULL, NULL),
	(99, 31, 30, 29, NULL, 'AUT', 'KA 1.0', 1450.00, 1.40, 85.00, 1, 45.00, 'Km', 15.7000, 0.0785, '2018-06-18 11:28:12', 'kg', 'Passageiro', 'CV', NULL, NULL, NULL),
	(100, 32, 30, 29, NULL, 'AUT', 'HB20 1.0 CONFORTLINE', 990.00, 2.10, 75.00, 1, 50.00, 'Km', 9.9000, 0.0495, '2018-06-18 11:28:12', 'Kg', 'Passageiro', 'CV', NULL, NULL, NULL),
	(101, 33, 30, 29, NULL, 'AUT', 'LOGAN EXPRESSION 1.0 16V', 1019.00, 2.10, 82.00, 1, 50.00, 'Km', 14.5000, 0.0725, '2018-06-18 11:28:12', 'kg', 'Passageiro', 'CV', NULL, NULL, NULL),
	(102, 26, 30, 29, NULL, 'AUT', 'GOL TRENDLINE 1.0', 850.00, 14.54, 76.00, 1, 55.00, 'Km', 10.0000, 0.0500, '2018-06-18 11:28:12', 'Kg', 'Passageiro', 'CV', NULL, NULL, NULL),
	(103, 25, 62, 31, NULL, 'PIC', 'S10 LS', 1813.00, 3.80, 200.00, 1, 70.00, 'Km', 7.5000, 0.0675, '2018-06-18 11:28:12', 'kg', 'Passageiro', 'CV', NULL, NULL, NULL),
	(104, 27, 62, 31, NULL, 'PIC', 'L200 OUTDOOR', 1935.00, 16.50, 180.00, 1, 75.00, 'Km', 3.5000, 0.0420, '2018-06-18 11:28:12', 'Kg', 'Passageiro', 'CV', NULL, NULL, NULL),
	(105, 28, 34, 57, NULL, 'VUT', 'BAND BJ55LP 2BL4', 2.00, 1.20, 96.00, 1, 70.00, 'Km', 0.0100, 0.0001, '2018-06-18 11:28:12', 'Ton', 'Passageiro', 'CV', NULL, NULL, NULL),
	(106, 28, 34, 57, NULL, 'VUT', 'BAND BJ55LP 2BL4', 1980.00, 26.70, 96.00, 1, 70.00, 'Km', 0.4167, 0.0067, '2018-06-18 11:28:12', 'Kg', 'Passageiro', 'CV', NULL, NULL, NULL),
	(107, 30, 37, 35, NULL, 'CCC', '710', 7700.00, 1.40, 115.00, 1, 150.00, 'Km', 5.5000, 0.0660, '2018-06-18 11:28:12', 'Kg', 'Passageiro', 'CV', NULL, NULL, NULL),
	(108, 34, 38, 36, NULL, 'PAC', 'W20E', 10040.00, 1.60, 152.00, 1, 180.00, 'H', 0.3750, 0.0060, '2018-06-18 11:28:12', 'Kg', 'm³', 'HP', NULL, NULL, NULL),
	(109, 34, 33, 32, NULL, 'RET', '580 N', 7157.00, 0.90, 79.00, 1, 159.00, 'H', 0.3313, 0.0053, '2018-06-18 11:28:12', 'Kg', 'm³', 'HP', NULL, NULL, NULL),
	(110, 31, 134, 33, NULL, 'VAN', 'TRANSIT', 2015.00, 4.50, 125.00, 1, 80.00, 'Km', 7.0000, 0.0630, '2018-06-18 11:28:12', 'Kg', 'Passageiro', 'CV', NULL, NULL, NULL),
	(111, 35, 39, 37, NULL, 'AMB', 'JUMPER', 2100.00, 1.80, 127.00, 1, 80.00, 'Km', 9.6000, 0.0864, '2018-06-18 11:28:12', 'Kg', 'Passageiro', 'CV', NULL, NULL, NULL),
	(112, 36, 39, 37, NULL, 'AMB', 'DUCATO', 2310.00, 10.90, 127.00, 1, 80.00, 'Km', 10.0000, 0.0900, '2018-06-18 11:28:12', 'Kg', 'Passageiro', 'CV', NULL, NULL, NULL),
	(113, 37, 39, 37, NULL, 'AMB', 'BOXER', 2100.00, 4.50, 127.00, 1, 80.00, 'Km', 7.9000, 0.0711, '2018-06-18 11:28:12', 'kg', 'Passageiro', 'CV', NULL, NULL, NULL),
	(114, 36, 30, 29, NULL, 'AUT', 'UNO WAY', 810.00, 4.50, 66.00, 1, 50.00, 'Km', 5.0000, 0.0600, '2018-06-18 11:28:12', 'Kg', 'Passageiro', 'CV', NULL, NULL, NULL),
	(115, 26, 40, 38, NULL, 'CAB', 'CONSTELLATION 31320', 23000.00, 40.50, 320.00, 1, 275.00, 'Km', 0.6250, 0.0100, '2018-06-18 11:28:12', 'kg', 'm³', 'CV', NULL, NULL, NULL),
	(116, 38, 31, 30, NULL, 'CMU', 'VM 270 6X2R', 17500.00, 2.90, 270.00, 1, 300.00, 'H', 4.0000, 0.0480, '2018-06-18 11:28:12', 'Kg', 'Ton.m', 'CV', NULL, NULL, NULL),
	(117, 31, 37, 35, NULL, 'CCC', 'CARGO 712', 7700.00, 2.90, 120.00, 1, 120.00, 'Km', 6.2000, 0.0744, '2018-06-18 11:28:12', 'kg', 'Passageiro', 'CV', NULL, NULL, NULL),
	(118, 30, 37, 35, NULL, 'CCC', 'ACCELO 1016', 9600.00, 1.20, 160.00, 1, 150.00, 'Km', 7.0000, 0.0840, '2018-06-18 11:28:12', 'Kg', 'Passageiro', 'CV', NULL, NULL, NULL),
	(119, 26, 37, 35, NULL, 'CCC', 'DELIVERY 8150', 7850.00, 1.40, 143.00, 1, 150.00, 'Km', 0.4167, 0.0067, '2018-06-18 11:28:12', 'Kg', 'Passageiro', 'CV', NULL, NULL, NULL),
	(120, 30, 41, 39, NULL, 'CCM', '1718', 16000.00, 2.90, 177.00, 1, 250.00, 'H', 8.0000, 0.0720, '2018-06-18 11:28:12', 'Kg', 'Litro', 'CV', NULL, NULL, NULL),
	(121, 27, 62, 31, NULL, 'PIC', 'L200 GL', 1750.00, 3.80, 121.00, 1, 75.00, 'Km', 8.0000, 0.0720, '2018-06-18 11:28:12', 'Kg', 'Passageiro', 'CV', NULL, NULL, NULL),
	(122, 27, 62, 31, NULL, 'PIC', 'L200-TRITON', NULL, NULL, NULL, 0, 75.00, 'Km', 8.0000, 0.0720, '2018-06-18 11:28:12', NULL, NULL, NULL, NULL, NULL, NULL),
	(123, 38, 42, 40, NULL, 'CMP', 'VM 310 4X2', 17500.00, 2.90, 310.00, 1, 600.00, 'Km', 3.2000, 0.0384, '2018-06-18 11:28:12', 'Kg', 'Ton', 'CV', NULL, NULL, NULL),
	(124, 38, 42, 40, NULL, 'CMP', 'VM 330 4X2T', 17500.00, 1.70, 330.00, 1, 600.00, 'Km', 2.5000, 0.0300, '2018-06-18 11:28:12', 'Kg', 'Ton', 'CV', NULL, NULL, NULL),
	(125, 39, 43, 41, NULL, 'MIO', 'VOLARE W9', 9400.00, 45.70, 156.00, 1, 150.00, 'Km', 6.5000, 0.0780, '2018-06-18 11:28:12', 'Kg', 'Passageiro', 'CV', NULL, NULL, NULL),
	(126, 40, 44, 42, NULL, 'MTN', '140B', 14605.00, 0.90, 140.00, 1, 341.00, 'H', 3.2000, 0.0384, '2018-06-18 11:28:12', 'Kg', '', 'HP', NULL, NULL, NULL),
	(127, 36, 35, 34, NULL, 'VEU', 'STRADA CD', 1253.00, 0.90, 86.00, 1, 58.00, 'Km', 0.7104, 0.0114, '2018-06-18 11:28:12', 'Kg', 'Passageiro', 'CV', NULL, NULL, NULL),
	(128, 36, 35, 34, NULL, 'VEU', 'STRADA CE', 1063.00, 1.20, 86.00, 1, 58.00, 'Km', 8.0000, 0.0400, '2018-06-18 11:28:12', 'Kg', 'Passageiro', 'CV', NULL, NULL, NULL),
	(129, 25, 39, 37, NULL, 'AMB', 'S10 PICKUPECIA', 1830.00, 3.80, 200.00, 1, 70.00, 'Km', 7.5000, 0.0675, '2018-06-18 11:28:12', 'Kg', 'Passageiro', 'CV', NULL, NULL, NULL),
	(130, 28, 39, 37, NULL, 'AMB', 'HILUX PICKUPECIA', 2035.00, 3.80, 171.00, 1, 75.00, 'Km', 8.0000, 0.0720, '2018-06-18 11:28:12', 'Kg', 'Passageiro', 'CV', NULL, NULL, NULL),
	(131, 31, 45, 38, NULL, 'CAB', 'CARGO 2628 E', 23000.00, 3.80, 275.00, 1, 300.00, 'Km', 2.8000, 0.0336, '2018-06-18 11:28:12', 'Kg', 'm³', 'CV', NULL, NULL, NULL),
	(132, 31, 46, 38, NULL, 'CAB', 'CARGO 2629 6X4', 23000.00, 2.70, 290.00, 1, 280.00, 'Km', 2.8000, 0.0336, '2018-06-18 11:28:12', 'Kg', 'm³', 'CV', NULL, NULL, NULL),
	(133, 41, 46, 38, NULL, 'CAB', 'EUROCARGO 260 E25', 23000.00, 8.50, 250.00, 1, 285.00, 'Km', 0.4167, 0.0067, '2018-06-18 11:28:12', 'Kg', 'm³', 'CV', NULL, NULL, NULL),
	(134, 26, 46, 38, NULL, 'CAB', '26.260 CNM 6X4', 16000.00, 3.10, 256.00, 1, 275.00, 'Km', 2.8000, 0.0336, '2018-06-18 11:28:12', 'Kg', 'm³', 'CV', NULL, NULL, NULL),
	(135, 38, 47, 77, NULL, 'CBA', 'VM 270 8X4R', 23000.00, 15.19, 250.00, 1, 300.00, 'Km', 4.0000, 0.0480, '2018-06-18 11:28:12', 'Kg', 'm³', 'CV', NULL, NULL, NULL),
	(136, 38, 46, 38, NULL, 'CAB', 'VM 270 6X4R', 23000.00, 15.00, 270.00, 1, 300.00, 'H', 4.0000, 0.0480, '2018-06-18 11:28:12', 'Kg', 'm³', 'CV', NULL, NULL, NULL),
	(137, 38, 46, 38, NULL, 'CAB', 'VM 310 6X4R', 23000.00, 12.30, 310.00, 1, 280.00, 'Km', 3.2000, 0.0384, '2018-06-18 11:28:12', 'Kg', 'm³', 'CV', NULL, NULL, NULL),
	(138, 31, 48, 44, NULL, 'CBE', 'CARGO 2628 E', 23000.00, 16.50, 275.00, 1, 250.00, 'H', 3.0000, 0.0360, '2018-06-18 11:28:12', 'Kg', 'm³', 'CV', NULL, NULL, NULL),
	(139, 30, 48, 44, NULL, 'CBE', '2726', 19000.00, 8.50, 260.00, 1, 200.00, 'H', 3.0000, 0.0360, '2018-06-18 11:28:12', 'Kg', 'm³', 'CV', NULL, NULL, NULL),
	(140, 30, 48, 44, NULL, 'CBE', 'ATRON 2729', 29000.00, 1.80, 286.00, 1, 300.00, 'H', 3.5000, 0.0420, '2018-06-18 11:28:12', 'Kg', 'm³', 'CV', NULL, NULL, NULL),
	(141, 30, 78, 45, NULL, 'CCA', 'L 1620', 23000.00, 8.50, 211.00, 1, 300.00, 'Km', 3.5000, 0.0420, '2018-06-18 11:28:12', 'Kg', 'Ton', 'CV', NULL, NULL, NULL),
	(142, 31, 31, 30, NULL, 'CMU', 'CARGO 2422 E', 18500.00, 15.87, 220.00, 1, 300.00, 'H', 9.9000, 0.0495, '2018-06-18 11:28:12', 'Kg', 'Ton', 'CV', NULL, NULL, NULL),
	(143, 30, 31, 30, NULL, 'CMU', 'ATRON 1319', 13500.00, 1.80, 270.00, 1, 300.00, 'H', 4.0000, 0.0480, '2018-06-18 11:28:12', 'Kg', 'Ton', 'CV', NULL, NULL, NULL),
	(144, 30, 31, 30, NULL, 'CMU', 'L 1620', 13500.00, 2.80, 211.00, 1, 300.00, 'H', 3.5000, 0.0420, '2018-06-18 11:28:12', 'Kg', 'Ton', 'CV', NULL, NULL, NULL),
	(145, 26, 63, 30, NULL, 'CMU', '24.280 CRM 6X2', 13500.00, 2.30, 275.00, 1, 275.00, 'H', 10.0000, 0.0500, '2018-06-18 11:28:12', 'Kg', 'Ton.m', 'CV', NULL, NULL, NULL),
	(146, 38, 31, 30, NULL, 'CMU', 'VM 260 6X2R', 13500.00, 1.60, 260.00, 1, 280.00, 'H', 3.5000, 0.0420, '2018-06-18 11:28:12', 'Kg', 'Ton.m', 'CV', NULL, NULL, NULL),
	(148, 38, 50, 30, NULL, 'CMU', 'VM 330 6X4R', 13500.00, 12.30, 330.00, 1, 300.00, 'H', 2.5000, 0.0300, '2018-06-18 11:28:12', 'Kg', 'Ton', 'CV', NULL, NULL, NULL),
	(149, 31, 37, 35, NULL, 'CCC', 'CARGO 815 E', 4500.00, 12.30, 150.00, 1, 70.00, 'Km', 5.5000, 0.0660, '2018-06-18 11:28:12', 'Kg', 'Passageiro', 'CV', NULL, NULL, NULL),
	(151, 30, 37, 35, NULL, 'CCC', '710', 4500.00, 3.80, 115.00, 1, 150.00, 'Km', 8.0000, 0.0720, '2018-06-18 11:28:12', 'Kg', 'Passageiro', 'CV', NULL, NULL, NULL),
	(152, 30, 37, 35, NULL, 'CCC', '712 C', 4500.00, 16.22, 122.00, 1, 150.00, 'Km', 8.0000, 0.0720, '2018-06-18 11:28:12', 'Kg', 'Passageiro', 'CV', NULL, NULL, NULL),
	(153, 31, 51, 46, NULL, 'CCL', 'CARGO 2422 E', 8000.00, 15.81, 220.00, 1, 300.00, 'H', 2.5000, 0.0300, '2018-06-18 11:28:12', 'Kg', 'Litro', 'CV', NULL, NULL, NULL),
	(154, 30, 51, 46, NULL, 'CCL', 'ATRON 1719', 8000.00, 1.40, 215.00, 1, 300.00, 'H', 8.0000, 0.0720, '2018-06-18 11:28:12', 'Kg', 'Litro', 'CV', NULL, NULL, NULL),
	(155, 30, 52, 47, NULL, 'CPE', '2726', 8500.00, 1.40, 260.00, 1, 200.00, 'Km', 2.8000, 0.0336, '2018-06-18 11:28:12', 'Kg', 'm', 'CV', NULL, NULL, NULL),
	(156, 31, 53, 48, NULL, 'CPI', 'CARGO 1319', 23000.00, 11.52, 180.00, 1, 300.00, 'Km', 6.2000, 0.0744, '2018-06-18 11:28:12', 'Kg', 'Litro', 'HP', NULL, NULL, NULL),
	(157, 31, 53, 48, NULL, 'CPI', 'CARGO 2422 E', 20000.00, 16.05, 220.00, 1, 300.00, 'Km', 5.5000, 0.0660, '2018-06-18 11:28:12', 'Kg', 'Litro', 'CV', NULL, NULL, NULL),
	(158, 26, 53, 48, NULL, 'CPI', 'WORKER 13180 EURO 3', 13000.00, 1.70, 173.00, 1, 280.00, 'Km', 0.4167, 0.0067, '2018-06-18 11:28:12', 'Kg', 'Litro', 'CV', NULL, NULL, NULL),
	(159, 38, 53, 48, NULL, 'CPI', 'VM 270 6X2R', 17500.00, 4.14, 270.00, 1, 300.00, 'Km', 4.0000, 0.0480, '2018-06-18 11:28:12', 'Kg', 'Litro', 'CV', NULL, NULL, NULL),
	(160, 31, 32, 49, NULL, 'CAM', 'RANGER XLT', 2.00, 6.06, 145.00, 1, 70.00, 'Km', 4.0000, 0.0360, '2018-06-18 11:28:12', 'Ton', 'Passageiro', 'CV', NULL, NULL, NULL),
	(162, 30, 54, 50, NULL, 'CME', 'LS 1634', 14000.00, 16.22, 370.00, 1, 300.00, 'Km', 7.9000, 0.0711, '2018-06-18 11:28:12', 'Kg', 'Ton', 'CV', NULL, NULL, NULL),
	(163, 38, 54, 50, NULL, 'CME', 'VM 310 4X2', 12000.00, 14.59, 310.00, 1, 600.00, 'Km', 3.2000, 0.0384, '2018-06-18 11:28:12', 'Kg', 'Ton', 'CV', NULL, NULL, NULL),
	(164, 31, 55, 40, NULL, 'CMP', 'CARGO 2428 E', 22000.00, 3.80, 275.00, 1, 300.00, 'Km', 2.5000, 0.0300, '2018-06-18 11:28:12', 'Kg', 'Ton', 'CV', NULL, NULL, NULL),
	(165, 38, 55, 40, NULL, 'CMP', 'VM 330 4X2T', 22000.00, 4.20, 330.00, 1, 600.00, 'Km', 2.5000, 0.0300, '2018-06-18 11:28:12', 'Kg', 'Ton', 'CV', NULL, NULL, NULL),
	(166, 42, 56, 51, NULL, 'ESC', 'PC 200', 21000.00, 1.70, 148.00, 1, 400.00, 'H', 0.8333, 0.0133, '2018-06-18 11:28:12', 'Kg', 'm³', 'HP', NULL, NULL, NULL),
	(168, 44, 57, 52, NULL, 'GUI', 'QY 50K', 38.50, 8.50, 280.00, 1, 150.00, 'H', 2.5000, 0.0300, '2018-06-18 11:28:12', 'Ton', 'Ton', 'CV', NULL, NULL, NULL),
	(169, 30, 58, 53, NULL, 'ONB', 'OF 1620', 8000.00, 1.10, 204.00, 1, 150.00, 'Km', 3.8000, 0.0456, '2018-06-18 11:28:12', 'Kg', 'Passageiro', 'CV', NULL, NULL, NULL),
	(171, 45, 33, 32, NULL, 'RET', '3C', 7610.00, 0.65, 92.00, 1, 160.00, 'H', 0.3333, 0.0053, '2018-06-18 11:28:12', 'Kg', 'm³', 'HP', NULL, NULL, NULL),
	(172, 46, 33, 32, NULL, 'RET', '310 K', 6402.00, 11.80, 80.00, 1, 155.00, 'H', 0.3229, 0.0052, '2018-06-18 11:28:12', 'Kg', 'm³', 'HP', NULL, NULL, NULL),
	(173, 47, 33, 32, NULL, 'RET', 'XG 765', 7610.00, 2.90, 92.00, 1, 150.00, 'H', 0.3125, 0.0050, '2018-06-18 11:28:12', 'Kg', 'm³', 'HP', NULL, NULL, NULL),
	(174, 48, 59, 54, NULL, 'ROH', 'EDT- 400', 263.00, 43650.00, 120.00, 1, 0.00, 'H', 0.0000, 0.0000, '2018-06-18 11:28:12', 'Kg', 'Ton', '', NULL, NULL, NULL),
	(175, 42, 60, 55, NULL, 'TRE', 'D51 EX-22', 14000.00, 2.90, 130.00, 1, 200.00, 'H', 0.4167, 0.0067, '2018-06-18 11:28:12', 'Kg', 'm³', 'HP', NULL, NULL, NULL),
	(177, 40, 61, 56, NULL, 'TRP', '7630', 3750.00, 5.00, 55.00, 1, 150.00, 'H', 0.3125, 0.0050, '2018-06-18 11:28:12', 'Kg', 'Ton', 'HP', NULL, NULL, NULL),
	(178, 26, 31, 30, NULL, 'CMU', 'WORKER 13180 EURO 3', 13000.00, 10.00, 173.00, 1, 280.00, 'H', 0.3313, 0.0053, '2018-06-18 11:28:12', 'kg', 'Ton', 'CV', NULL, NULL, NULL),
	(179, 31, 31, 30, NULL, 'CMU', 'CARGO 1317', 13000.00, 20.00, 170.00, 1, 150.00, 'H', 3.5000, 0.0420, '2018-06-18 11:28:12', 'Kg', 'Ton', 'CV', NULL, NULL, NULL),
	(180, 31, 37, 35, NULL, 'CCC', 'CARGO 1319', 13000.00, 9.00, 120.00, 1, 300.00, 'Km', 5.0000, 0.0600, '2018-06-18 11:28:12', 'Kg', 'Passageiro', 'CV', NULL, NULL, NULL),
	(181, 31, 37, 35, NULL, 'CCC', 'F-4000 4X4', 6800.00, 12.00, 150.00, 1, 140.00, 'Km', 8.0000, 0.0400, '2018-06-18 11:28:12', 'Kg', 'Passageiro', 'CV', NULL, NULL, NULL),
	(182, 28, 34, 57, NULL, 'VUT', 'BAND BJ55LP 2BL4', 1935.00, 12.00, 96.00, 1, 70.00, 'Km', 8.0000, 0.0720, '2018-06-18 11:28:12', 'Kg', 'Passageiro', 'CV', NULL, NULL, NULL),
	(184, 36, 30, 29, NULL, 'AUT', 'PÁLIO FIRE WAY', 940.00, 4.00, 75.00, 1, 48.00, 'Km', 11.9000, 0.0595, '2018-06-18 11:28:12', 'Kg', 'Passageiro', 'CV', NULL, NULL, NULL),
	(186, 38, 31, 30, 84, 'CMU', 'VM 270 6X2R', NULL, NULL, NULL, 0, 300.00, 'H', 4.0000, 0.0480, '2018-06-18 11:28:12', 'Kg', 'Ton', 'CV', NULL, NULL, NULL),
	(187, 42, 38, 36, NULL, 'PAC', 'WA200-5', 10330.00, 2.40, 127.00, 1, 175.00, 'H', 0.3646, 0.0058, '2018-06-18 11:28:12', 'Kg', 'm³', 'HP', NULL, NULL, NULL),
	(188, 34, 38, 36, NULL, 'PAC', '621D', 11848.00, 2.10, 137.00, 1, 189.00, 'H', 0.3938, 0.0063, '2018-06-18 11:28:12', 'Kg', 'm³', 'HP', NULL, NULL, NULL),
	(189, 30, 46, 38, NULL, 'CAB', 'ATRON 2729', 23000.00, 15.00, 286.00, 1, 300.00, 'Km', 0.4063, 0.0065, '2018-06-18 11:28:12', 'Kg', 'm³', 'CV', NULL, NULL, NULL),
	(192, 26, 52, 47, NULL, 'CPE', 'CONSTELLATION 13320 6X4', 9500.00, 15.00, 320.00, 1, 300.00, 'Km', 0.4167, 0.0067, '2018-06-18 11:28:12', 'Kg', 'm', 'CV', NULL, NULL, NULL),
	(193, 38, 31, 30, NULL, 'CMU', 'VM 210 4X2', 13500.00, 10.00, 260.00, 1, 200.00, 'H', 3.5000, 0.0420, '2018-06-18 11:28:12', 'Kg', 'Ton', 'CV', NULL, NULL, NULL),
	(196, 31, 64, 59, NULL, 'CPM', 'CARGO 1722E', 21000.00, 18.00, 220.00, 1, 275.00, 'H', 5.5000, 0.0880, '2018-06-18 11:28:12', 'Kg', 'Ton', 'CV', NULL, NULL, NULL),
	(197, 27, 62, 57, 84, 'VUT', 'L 200 OUTDOOR', NULL, NULL, NULL, 0, NULL, 'Km', NULL, NULL, '2018-06-18 11:28:12', NULL, NULL, NULL, NULL, NULL, NULL),
	(198, 50, 65, 52, NULL, 'GUI', 'QY 30V', 32.40, 30.00, 280.00, 1, 100.00, 'H', 0.2083, 0.0033, '2018-06-18 11:28:12', 'Ton', 'Ton', 'CV', NULL, NULL, NULL),
	(201, 26, 31, 30, NULL, 'CMU', 'WORKER 15180 EURO 3', 12000.00, 12.00, 173.00, 1, 275.00, 'H', 0.3333, 0.0053, '2018-06-18 11:28:12', 'Kg', 'Ton', 'CV', NULL, NULL, NULL),
	(202, 34, 56, 51, NULL, 'ESC', 'CX 220', 20500.00, 1.40, 175.00, 1, 457.50, 'H', 0.9531, 0.0153, '2018-06-18 11:28:12', 'Kg', 'm³', 'HP', NULL, NULL, NULL),
	(203, 36, 39, 37, NULL, 'AMB', 'DOBLÔ', 1190.00, 2.00, 132.00, 1, 60.00, 'Km', 8.0000, 0.0400, '2018-06-18 11:28:12', 'Kg', 'Passageiro', 'CV', NULL, NULL, NULL),
	(205, 31, 31, 30, NULL, 'CMU', 'CARGO 2623', 14000.00, 20.00, 230.00, 1, 300.00, 'H', 3.5000, 0.0420, '2018-06-18 11:28:12', 'Kg', 'Ton', 'CV', NULL, NULL, NULL),
	(206, 38, 54, 50, NULL, 'CME', 'FM 370 6X2T', 56.00, 30.00, 370.00, 1, 600.00, 'Km', 2.5000, 0.0300, '2018-06-18 11:28:12', 'Ton', 'Ton', 'CV', NULL, NULL, NULL),
	(207, 30, 53, 48, NULL, 'CPI', '2423 K', 22000.00, 10000.00, 231.00, 1, 250.00, 'Km', 6.0000, 0.0720, '2018-06-18 11:28:12', 'Kg', 'Litro', 'CV', NULL, NULL, NULL),
	(208, 29, 38, 36, NULL, 'PAC', '924H', 10400.00, 2.10, 200.00, 1, 200.00, 'H', 0.4167, 0.0067, '2018-06-18 11:28:12', 'Kg', 'm³', 'HP', NULL, NULL, NULL),
	(209, 31, 52, 47, NULL, 'CPE', 'CARGO 2428 E', 12690.00, 15.00, 275.00, 1, 300.00, 'Km', 2.5000, 0.0300, '2018-06-18 11:28:12', 'Kg', 'm', 'CV', NULL, NULL, NULL),
	(210, 26, 63, 30, NULL, 'CMU', '26.260 CNM 6X4', 14000.00, 43.00, 256.00, 1, 275.00, 'H', 6.0000, 0.0720, '2018-06-18 11:28:12', 'Kg', 'Ton.m', 'CV', NULL, NULL, NULL),
	(211, 30, 50, 30, NULL, 'CMU', 'ATEGO 2426', 6700.00, 31.00, 256.00, 1, 275.00, 'H', 3.5000, 0.0420, '2018-06-18 11:28:12', 'Kg', 'Ton', 'CV', NULL, NULL, NULL),
	(212, 38, 58, 53, NULL, 'ONB', 'BM10', 10.00, 46.00, 310.00, 1, 300.00, 'Km', 6.0000, 0.0720, '2018-06-18 11:28:12', 'Ton', 'Passageiro', 'CV', NULL, NULL, NULL),
	(213, 26, 63, 30, NULL, 'CMU', 'CONSTELLATION 26280 6X4', 13000.00, 42.00, 275.00, 1, 275.00, 'H', 6.0000, 0.0720, '2018-06-18 11:28:12', 'Kg', 'Ton', 'CV', NULL, NULL, NULL),
	(216, 31, 69, 62, NULL, 'CPP', 'CARGO 2629 6X4', 23000.00, 20000.00, 290.00, 1, 280.00, 'Km', 2.5000, 0.0300, '2018-06-18 11:28:12', 'Kg', 'Litro', 'CV', NULL, NULL, NULL),
	(217, 57, 38, 36, 84, 'PAC', 'XG932111', NULL, NULL, NULL, 0, NULL, 'H', NULL, NULL, '2018-06-18 11:28:12', NULL, NULL, NULL, NULL, NULL, NULL),
	(218, 47, 38, 36, NULL, 'PAC', 'XG 935', 11848.00, 2.10, 137.00, 1, 300.00, 'H', 0.6250, 0.0100, '2018-06-18 11:28:12', 'Kg', 'm³', 'HP', NULL, NULL, NULL),
	(219, 26, 70, 30, NULL, 'CMU', 'WORKER 17220 EURO 3', 15000.00, 15.00, 218.00, 1, 275.00, 'H', 0.3313, 0.0053, '2018-06-18 11:28:12', 'Kg', 'Ton', 'CV', NULL, NULL, NULL),
	(220, 26, 50, 30, NULL, 'CMU', 'CONSTELLATION 31320', 10400.00, 14.54, 320.00, 1, 275.00, 'H', 0.2958, 0.0047, '2018-06-18 11:28:12', 'Kg', 'Ton', 'CV', NULL, NULL, NULL),
	(221, 31, 31, 30, NULL, 'CMU', 'F 12000', 17000.00, 8.00, 162.00, 1, 150.00, 'H', 10.0000, 0.0500, '2018-06-18 11:28:12', 'Kg', 'Ton', 'CV', NULL, NULL, NULL),
	(222, 26, 37, 35, NULL, 'CCC', 'WORKER 8120 EURO 3', 4500.00, 9.00, 115.00, 1, 150.00, 'Km', 7.5000, 0.0675, '2018-06-18 11:28:12', 'Kg', 'Passageiro', 'CV', NULL, NULL, NULL),
	(223, 26, 63, 30, NULL, 'CMU', 'CONSTELLATION 24250 6X2', 42000.00, 43.00, 250.00, 1, 300.00, 'H', 3.0000, 0.0360, '2018-06-18 11:28:12', 'Kg', 'Ton.m', 'CV', NULL, NULL, NULL),
	(224, 61, 33, 32, NULL, 'RET', 'RK 406 B - 4X4 NACF', 7157.00, 1.00, 110.00, 1, 190.00, 'H', 0.3958, 0.0063, '2018-06-18 11:28:12', 'Kg', 'm³', 'HP', NULL, NULL, NULL),
	(225, 30, 75, 66, NULL, 'CAC', '710', 5500.00, 3.80, 115.00, 1, 150.00, 'Km', 0.0667, 0.0008, '2018-06-18 11:28:12', 'Kg', 'Ton', 'CV', NULL, NULL, NULL),
	(226, 30, 53, 48, NULL, 'CPI', 'L 1812', 9100.00, 10000.00, 170.00, 1, 250.00, 'Km', 5.8000, 0.0696, '2018-06-18 11:28:12', 'Kg', 'Litro', 'CV', NULL, NULL, NULL),
	(228, 26, 70, 30, NULL, 'CMU', 'CONSTELLATION 24250 6x2', 21000.00, 16.00, 250.00, 1, 275.00, 'H', 0.2958, 0.0047, '2018-06-18 11:28:12', 'Kg', 'Ton', 'CV', NULL, NULL, NULL),
	(229, 31, 52, 47, NULL, 'CPE', 'CARGO 1317 E', 23000.00, 15.00, 170.00, 1, 300.00, 'Km', 3.5000, 0.0420, '2018-06-18 11:28:12', 'Kg', 'm', 'CV', NULL, NULL, NULL),
	(230, 31, 48, 44, NULL, 'CBE', 'CARGO 2622 E', 23000.00, 8.00, 220.00, 1, 300.00, 'H', 0.5208, 0.0083, '2018-06-18 11:28:12', 'Kg', 'm³', 'CV', NULL, NULL, NULL),
	(231, 41, 48, 44, NULL, 'CBE', 'TECTOR 260 E28', 23000.00, 8.00, 280.00, 1, 400.00, 'H', 3.0000, 0.0360, '2018-06-18 11:28:12', 'Kg', 'm³', 'CV', NULL, NULL, NULL),
	(232, 38, 48, 44, NULL, 'CBE', 'VM 270 6X4R', 23000.00, 8.00, 270.00, 1, 300.00, 'H', 4.0000, 0.0480, '2018-06-18 11:28:12', 'Kg', 'm³', 'CV', NULL, NULL, NULL),
	(233, 31, 52, 47, NULL, 'CPE', 'CARGO 1622', 20000.00, 15.00, 215.00, 1, 300.00, 'Km', 4.0000, 0.0480, '2018-06-18 11:28:12', 'Kg', 'm', 'CV', NULL, NULL, NULL),
	(234, 26, 30, 29, NULL, 'AUT', 'GOL CITY MB', 850.00, 4.00, 76.00, 1, 55.00, 'Km', 10.0000, 0.0500, '2018-06-18 11:28:12', 'Kg', 'Passageiro', 'CV', NULL, NULL, NULL),
	(235, 26, 31, 30, NULL, 'CMU', 'CONSTELLATION 24250 6X2', 21000.00, 16.50, 250.00, 1, 275.00, 'H', 3.0000, 0.0200, '2018-06-18 11:28:12', 'Kg', 'Ton.m', 'CV', NULL, NULL, NULL),
	(236, 31, 62, 31, NULL, 'PIC', 'RANGER LTD CD4 3.2', 2198.00, 5.00, 200.00, 1, 80.00, 'Km', 8.0000, 0.0720, '2018-06-18 11:28:12', 'Kg', 'Passageiro', 'CV', NULL, NULL, NULL),
	(237, 26, 55, 40, NULL, 'CMP', 'WORKER 17180 EURO 3', 9000.00, 14.00, 176.00, 1, 250.00, 'Km', 3.5000, 0.0420, '2018-06-18 11:28:12', 'Kg', 'Ton', 'CV', NULL, NULL, NULL),
	(238, 45, 56, 51, NULL, 'ESC', 'JS200LC', 21190.00, 1.20, 129.00, 1, 343.00, 'H', 0.7146, 0.0114, '2018-06-18 11:28:12', 'Kg', 'm³', 'Kw', NULL, NULL, NULL),
	(239, 26, 50, 30, NULL, 'CMU', 'WORKER 24220 EURO 3', 23000.00, 42.00, 218.00, 1, 275.00, 'H', 0.3958, 0.0063, '2018-06-18 11:28:12', 'Kg', 'Ton', 'CV', NULL, NULL, NULL),
	(240, 38, 63, 30, NULL, 'CMU', 'VM 260 6X4R', 20000.00, 26.70, 260.00, 1, 200.00, 'H', 3.5000, 0.0420, '2018-06-18 11:28:12', 'Kg', 'Ton', 'CV', NULL, NULL, NULL),
	(241, 36, 35, 34, NULL, 'VEU', 'STRADA HD WORKING CC E', 1084.00, 1.00, 88.00, 1, 58.00, 'Km', 0.6250, 0.0100, '2018-06-18 11:28:12', 'Kg', 'Passageiro', 'CV', NULL, NULL, NULL),
	(244, 29, 56, 51, NULL, 'ESC', '320 D', 24000.00, 1.40, 172.00, 1, 410.00, 'H', 0.8542, 0.0137, '2018-06-18 11:28:12', 'Kg', 'm³', 'HP', NULL, NULL, NULL),
	(245, 29, 56, 51, NULL, 'ESC', '336 DL', 35050.00, 1.60, 182.00, 1, 500.00, 'H', 1.0417, 0.0167, '2018-06-18 11:28:12', 'Kg', 'm³', 'HP', NULL, NULL, NULL),
	(246, 29, 56, 51, 84, 'ESC', '336C', NULL, NULL, NULL, 0, NULL, 'H', NULL, NULL, '2018-06-18 11:28:12', NULL, NULL, NULL, NULL, NULL, NULL),
	(247, 26, 46, 38, NULL, 'CAB', 'WORKER 26220 EURO 3', 23000.00, 15.00, 218.00, 1, 275.00, 'Km', 0.6250, 0.0100, '2018-06-18 11:28:12', 'Kg', 'm³', 'CV', NULL, NULL, NULL),
	(248, 49, 77, 67, NULL, 'TPE', '296', 6000.00, 13.00, 118.00, 1, 150.00, 'H', 0.3125, 0.0050, '2018-06-18 11:28:12', 'Kg', 'm', 'CV', NULL, NULL, NULL),
	(249, 43, 56, 51, NULL, 'ESC', '215 C', 21800.00, 0.90, 153.00, 1, 340.00, 'H', 0.7083, 0.0113, '2018-06-18 11:28:12', 'Kg', 'm³', 'HP', NULL, NULL, NULL),
	(250, 26, 37, 35, NULL, 'CCC', '7110', 4700.00, 11.00, 150.00, 1, 150.00, 'Km', 7.0000, 0.0840, '2018-06-18 11:28:12', 'Kg', 'Passageiro', 'CV', NULL, NULL, NULL),
	(251, 36, 35, 34, NULL, 'VEU', 'STRADA WORKING', 1100.00, 1.00, 86.00, 1, 58.00, 'Km', 8.0000, 0.0720, '2018-06-18 11:28:12', 'Kg', 'Passageiro', 'CV', NULL, NULL, NULL),
	(253, 36, 35, 34, NULL, 'VEU', 'STRADA ADVENT FLEX', 1020.00, 1.00, 132.00, 1, 58.00, 'Km', 0.7104, 0.0114, '2018-06-18 11:28:12', 'Kg', 'Passageiro', 'CV', NULL, NULL, NULL),
	(254, 40, 38, 36, NULL, 'PAC', 'W 130B', 11915.00, 3.00, 132.00, 1, 300.00, 'H', 0.6250, 0.0100, '2018-06-18 11:28:12', 'Kg', 'm³', 'HP', NULL, NULL, NULL),
	(255, 29, 38, 36, NULL, 'PAC', '938G', 14360.00, 3.00, 119.00, 1, 300.00, 'H', 0.6250, 0.0100, '2018-06-18 11:28:12', 'Kg', 'm³', 'Kw', NULL, NULL, NULL),
	(256, 63, 38, 36, NULL, 'PAC', 'LG 918', 6200.00, 1.00, 75.00, 1, 300.00, 'H', 0.6250, 0.0100, '2018-06-18 11:28:12', 'Kg', 'm³', 'HP', NULL, NULL, NULL),
	(258, 29, 44, 42, NULL, 'MTN', '120 H', 16395.00, 14.00, 173.00, 1, 341.00, 'H', 0.7104, 0.0114, '2018-06-18 11:28:12', 'Kg', '', 'CV', NULL, NULL, NULL),
	(259, 26, 85, 68, NULL, 'CCT', 'CONSTELLATION 26370 6X4', 11500.00, 4920.00, 367.00, 1, 275.00, 'Km', 8.0000, 0.0720, '2018-06-18 11:28:12', 'Kg', 'Kg', 'CV', NULL, NULL, NULL),
	(260, 64, 85, 68, NULL, 'CCT', 'P124 CB6X4NZ 360', 4500.00, 4920.00, 230.00, 1, 300.00, 'Km', 8.0000, 0.0720, '2018-06-18 11:28:12', 'Kg', 'Kg', 'CV', NULL, NULL, NULL),
	(261, 26, 39, 37, NULL, 'AMB', 'AMAROK PICKUPECIA', 1900.00, 2.00, 140.00, 1, 80.00, 'Km', 8.0000, 0.0720, '2018-06-18 11:28:12', 'Kg', 'Passageiro', 'CV', NULL, NULL, NULL),
	(262, 65, 61, 56, 84, 'TRP', 'BM100', NULL, NULL, NULL, 0, 200.00, 'H', 0.4167, 0.0067, '2018-06-18 11:28:12', NULL, NULL, NULL, NULL, NULL, NULL),
	(264, 29, 44, 42, NULL, 'MTN', '120 K', 16395.00, 14.00, 173.00, 1, 341.00, 'H', 0.7104, 0.0114, '2018-06-18 11:28:12', 'Kg', '', 'CV', NULL, NULL, NULL),
	(266, 28, 39, 37, NULL, 'AMB', 'HILUX CSLSTM4FD', 2035.00, 2.00, 171.00, 1, 75.00, 'Km', 8.0000, 0.0720, '2018-06-18 11:28:12', 'Kg', 'Passageiro', 'CV', NULL, NULL, NULL),
	(269, 31, 37, 35, NULL, 'CCC', 'CARGO 815 S', 4500.00, 10.00, 152.00, 1, 70.00, 'Km', 5.5000, 0.0660, '2018-06-18 11:28:12', 'Kg', 'Passageiro', 'CV', NULL, NULL, NULL),
	(271, 31, 85, 68, NULL, 'CCT', 'CARGO 2432 E', 8270.00, 4.50, 319.00, 1, 280.00, 'Km', 3.0000, 0.0360, '2018-06-18 11:28:12', 'Kg', 'Ton', 'CV', NULL, NULL, NULL),
	(272, 38, 50, 30, NULL, 'CMU', 'VM 260 6X4R', 26700.00, 35.00, 260.00, 1, 200.00, 'H', 3.5000, 0.0420, '2018-06-18 11:28:12', 'Kg', 'Ton', 'CV', NULL, NULL, NULL),
	(274, 26, 37, 35, NULL, 'CCC', 'WORKER 17180 EURO 3', 7800.00, 23.00, 173.00, 1, 275.00, 'Km', 0.6250, 0.0100, '2018-06-18 11:28:12', 'Kg', 'Passageiro', 'CV', NULL, NULL, NULL),
	(275, 26, 37, 35, NULL, 'CCC', 'WORKER 13180 EURO 3', 13000.00, 23.00, 173.00, 1, 280.00, 'Km', 0.6250, 0.0100, '2018-06-18 11:28:12', 'Kg', 'Passageiro', 'CV', NULL, NULL, NULL),
	(277, 30, 53, 48, NULL, 'CPI', 'L 1620', 15500.00, 10000.00, 211.00, 1, 300.00, 'Km', 6.0000, 0.0720, '2018-06-18 11:28:12', 'Kg', 'Litro', 'CV', NULL, NULL, NULL),
	(278, 36, 60, 55, NULL, 'TRE', '7D', 9400.00, 1.80, 90.00, 1, 150.00, 'H', 0.3125, 0.0050, '2018-06-18 11:28:12', 'Kg', 'm³', 'HP', NULL, NULL, NULL),
	(279, 38, 31, 30, NULL, 'CMU', 'VM 270 6X4R', 13000.00, 10.90, 270.00, 1, 300.00, 'H', 4.0000, 0.0480, '2018-06-18 11:28:12', 'Kg', 'Ton', 'CV', NULL, NULL, NULL),
	(280, 45, 33, 32, NULL, 'RET', '3C PLUS', 10.20, 1.00, 78.00, 1, 160.00, 'H', 7.5000, 0.0375, '2018-06-18 11:28:12', 'Ton', 'm³', 'HP', NULL, NULL, NULL),
	(281, 26, 48, 44, NULL, 'CBE', '26.260 CNM 6X4', 16000.00, 8.00, 256.00, 1, 275.00, 'H', 3.5000, 0.0420, '2018-06-18 11:28:12', 'Kg', 'm³', 'CV', NULL, NULL, NULL),
	(285, 26, 41, 39, NULL, 'CCM', 'WORKER 15190', 14000.00, 5000.00, 186.00, 1, 275.00, 'H', 8.0000, 0.0720, '2018-06-18 11:28:12', 'Kg', 'Litro', 'CV', NULL, NULL, NULL),
	(286, 49, 80, 70, NULL, 'TRA', '42994', 4675.00, 2100.00, 85.00, 1, 300.00, 'H', 0.6250, 0.0100, '2018-06-18 11:28:12', 'Kg', 'Kg', 'CV', NULL, NULL, NULL),
	(287, 65, 80, 70, NULL, 'TRA', 'BM100', 4675.00, 2100.00, 85.00, 1, 200.00, 'H', 0.4167, 0.0067, '2018-06-18 11:28:12', 'Kg', 'Kg', 'CV', NULL, NULL, NULL),
	(289, 26, 85, 68, NULL, 'CCT', 'CONSTELLATION 26300', 8500.00, 4500.00, 280.00, 1, 275.00, 'Km', 8.0000, 0.0720, '2018-06-18 11:28:12', 'Kg', 'Ton', 'CV', NULL, NULL, NULL),
	(290, 31, 85, 68, NULL, 'CCT', 'CARGO 2632 E', 12270.00, 4.50, 320.00, 1, 300.00, 'Km', 7.5000, 0.0675, '2018-06-18 11:28:12', 'Kg', 'Ton', 'CV', NULL, NULL, NULL),
	(291, 31, 85, 68, NULL, 'CCT', 'CARGO 2628 E', 14500.00, 4.50, 275.00, 1, 300.00, 'Km', 7.5000, 0.0675, '2018-06-18 11:28:12', 'Kg', 'Ton', 'CV', NULL, NULL, NULL),
	(293, 26, 63, 30, NULL, 'CMU', 'CONSTELLATION 31280 6X4', 13000.00, 40.50, 275.00, 1, 275.00, 'H', 0.6250, 0.0100, '2018-06-18 11:28:12', 'Kg', 'Ton', 'CV', NULL, NULL, NULL),
	(294, 42, 60, 55, NULL, 'TRE', 'D61 EX-15EO', 14000.00, 2.90, 130.00, 1, 200.00, 'H', 0.4167, 0.0067, '2018-06-18 11:28:12', 'Kg', 'm³', 'HP', NULL, NULL, NULL),
	(295, 29, 60, 55, NULL, 'TRE', 'D6 N', 14000.00, 2.90, 130.00, 1, 200.00, 'H', 0.4167, 0.0067, '2018-06-18 11:28:12', 'Kg', 'm³', 'HP', NULL, NULL, NULL),
	(296, 26, 52, 47, NULL, 'CPE', 'WORKER 13180 EURO 3', 13000.00, 15.00, 173.00, 1, 280.00, 'Km', 0.4167, 0.0067, '2018-06-18 11:28:12', 'Kg', 'm', 'CV', NULL, NULL, NULL),
	(297, 26, 52, 47, NULL, 'CPE', '31260', 12500.00, 15.00, 260.00, 1, 275.00, 'Km', 0.4167, 0.0067, '2018-06-18 11:28:12', 'Kg', 'm', 'CV', NULL, NULL, NULL),
	(298, 30, 52, 47, NULL, 'CPE', '2423 K', 12500.00, 15.00, 231.00, 1, 250.00, 'Km', 6.0000, 0.0720, '2018-06-18 11:28:12', 'Kg', 'm', 'CV', NULL, NULL, NULL),
	(299, 25, 62, 31, NULL, 'PIC', 'S10 LS DD4', 1813.00, 4.00, 180.00, 1, 70.00, 'Km', 7.5000, 0.0675, '2018-06-18 11:28:12', 'Kg', 'Passageiro', 'CV', NULL, NULL, NULL),
	(300, 26, 64, 59, NULL, 'CPM', 'CONSTELLATION 24250 6x2', 21000.00, 24.00, 250.00, 1, 275.00, 'H', 0.4167, 0.0067, '2018-06-18 11:28:12', 'Kg', 'Ton', 'CV', NULL, NULL, NULL),
	(301, 26, 81, 78, NULL, 'CBT', 'CONSTELLATION 24280 6X2', 23000.00, 15.00, 275.00, 1, 275.00, 'Km', 2.8000, 0.0336, '2018-06-18 11:28:12', 'Kg', 'm³', 'CV', NULL, NULL, NULL),
	(302, 39, 43, 41, NULL, 'MIO', 'VOLARE W8', 9400.00, 28.00, 150.00, 1, 150.00, 'Km', 8.0000, 0.0960, '2018-06-18 11:28:12', 'Kg', 'Passageiro', 'CV', NULL, NULL, NULL),
	(305, 30, 82, 71, NULL, 'CPC', 'L 1618', 30000.00, 18.00, 184.00, 1, 200.00, 'Km', 6.2000, 0.0744, '2018-06-18 11:28:12', 'Kg', 'Ton', 'CV', NULL, NULL, NULL),
	(308, 33, 30, 29, NULL, 'AUT', 'SANDERO EXPR 16', 810.00, 4.00, 171.00, 1, 55.00, 'Km', 10.8000, 0.0540, '2018-06-18 11:28:12', 'Kg', 'Passageiro', 'CV', NULL, NULL, NULL),
	(309, 68, 62, 31, NULL, 'PIC', 'FRONTIER S 4X4', 1935.00, 4.00, 200.00, 1, 80.00, 'Km', 8.0000, 0.0720, '2018-06-18 11:28:12', 'Kg', 'Passageiro', 'CV', NULL, NULL, NULL),
	(310, 32, 56, 51, NULL, 'ESC', 'R140W-7', 21190.00, 1.20, 148.00, 1, 200.00, 'H', 0.4167, 0.0067, '2018-06-18 11:28:12', 'Kg', '', 'HP', NULL, NULL, NULL),
	(311, 29, 56, 51, NULL, 'ESC', '315 D', 24000.00, 1.40, 165.00, 1, 300.00, 'H', 0.6250, 0.0100, '2018-06-18 11:28:12', 'Kg', '', 'HP', NULL, NULL, NULL),
	(312, 26, 52, 47, NULL, 'CPE', 'WORKER 23220 EURO 3', 12500.00, 15.00, 215.00, 1, 300.00, 'Km', 0.3125, 0.0050, '2018-06-18 11:28:12', 'Kg', 'm', 'CV', NULL, NULL, NULL),
	(313, 30, 52, 47, NULL, 'CPE', 'ATRON 1719', 12500.00, 15.00, 215.00, 1, 200.00, 'Km', 3.5000, 0.0420, '2018-06-18 11:28:12', 'Kg', 'm', 'CV', NULL, NULL, NULL),
	(314, 31, 52, 47, NULL, 'CPE', 'CARGO 2623', 18500.00, 15.00, 230.00, 1, 300.00, 'Km', 2.5000, 0.0300, '2018-06-18 11:28:12', 'Kg', 'm', 'CV', NULL, NULL, NULL),
	(315, 29, 60, 55, NULL, 'TRE', 'D6 K', 14000.00, 2.90, 130.00, 1, 200.00, 'H', 0.4167, 0.0067, '2018-06-18 11:28:12', 'Kg', 'm³', 'HP', NULL, NULL, NULL),
	(316, 26, 76, 30, NULL, 'CMU', 'WORKER 26220 EURO 3', 13000.00, 10.00, 218.00, 1, 275.00, 'H', 0.4167, 0.0067, '2018-06-18 11:28:12', 'Kg', 'Ton', 'CV', NULL, NULL, NULL),
	(317, 31, 31, 30, NULL, 'CMU', 'CARGO 2628 E', 23000.00, 16.00, 275.00, 1, 300.00, 'H', 11.9000, 0.0595, '2018-06-18 11:28:12', 'Kg', 'Ton', 'CV', NULL, NULL, NULL),
	(319, 31, 75, 66, NULL, 'CAC', 'F-4000', 6500.00, 3.80, 150.00, 1, 150.00, 'Km', 4.0000, 0.0480, '2018-06-18 11:28:12', 'Kg', 'Ton', 'CV', NULL, NULL, NULL),
	(320, 28, 32, 49, NULL, 'CAM', 'HILUX', 2.00, 1.00, 145.00, 1, 70.00, 'Km', 0.5200, 0.0062, '2018-06-18 11:28:12', 'Ton', 'Passageiro', 'CV', NULL, NULL, NULL),
	(322, 70, 126, 64, NULL, 'TRI', 'NIGHT-LITE PRO II', 732.00, 20.00, 8.00, 1, 114.00, 'H', 3.0000, 0.0360, '2018-06-18 11:28:12', 'Kg', 'Kva', 'kW', NULL, NULL, NULL),
	(323, 60, 84, 65, NULL, 'COM', 'L13139066', 1800.00, 400.00, 109.00, 1, 150.00, 'H', 0.3125, 0.0028, '2018-06-18 11:28:12', 'Kg', 'pcm', 'HP', NULL, NULL, NULL),
	(325, 46, 60, 55, NULL, 'TRE', 'J 700', 14000.00, 2.90, 130.00, 1, 200.00, 'H', 0.4167, 0.0067, '2018-06-18 11:28:12', 'Kg', 'm³', 'HP', NULL, NULL, NULL),
	(327, 26, 30, 29, NULL, 'AUT', 'VOYAGE 1.6', 1100.00, 4.00, 104.00, 1, 55.00, 'Km', 10.0000, 0.0500, '2018-06-18 11:28:12', 'Kg', 'Passageiro', 'CV', NULL, NULL, NULL),
	(329, 38, 85, 68, NULL, 'CCT', 'VM 330 6X4R', 23000.00, 15460.00, 330.00, 1, 300.00, 'Km', 2.5000, 0.0300, '2018-06-18 11:28:12', 'Kg', 'Kg', 'CV', NULL, NULL, NULL),
	(330, 29, 38, 36, NULL, 'PAC', '924K', 12019.00, 1.70, 141.00, 1, 195.00, 'H', 0.4063, 0.0065, '2018-06-18 11:28:12', 'Kg', 'm³', 'HP', NULL, NULL, NULL),
	(332, 72, 123, 52, NULL, 'GUI', 'LTM 1160 5.2', 114.00, 180.00, 544.00, 1, 800.00, 'H', 1.6667, 0.0267, '2018-06-18 11:28:12', 'Ton', 'Ton', 'HP', NULL, NULL, NULL),
	(333, 31, 63, 30, NULL, 'CMU', 'CARGO 2629 6X4', 23000.00, 45.70, 290.00, 1, 280.00, 'H', 10.8000, 0.0540, '2018-06-18 11:28:12', 'Kg', 'Ton', 'CV', NULL, NULL, NULL),
	(335, 41, 50, 30, NULL, 'CMU', 'TECTOR 260 E28', 13500.00, 40.00, 280.00, 1, 400.00, 'H', 2.8000, 0.0336, '2018-06-18 11:28:12', 'Kg', 'Ton', 'CV', NULL, NULL, NULL),
	(336, 64, 55, 40, NULL, 'CMP', 'R124', 68.00, 35.00, 360.00, 1, 600.00, 'Km', 3.6000, 0.0432, '2018-06-18 11:28:12', 'Ton', 'Ton', 'CV', NULL, NULL, NULL),
	(338, 73, 124, 73, NULL, 'MCO', 'DB460B', 9200.00, 16500.00, 100.00, 1, 150.00, 'H', 0.3125, 0.0028, '2018-06-18 11:28:12', 'Kg', 'Kg', 'CV', NULL, NULL, NULL),
	(339, 38, 56, 51, NULL, 'ESC', 'EC 215 LC', 21800.00, 0.90, 153.00, 1, 250.00, 'H', 0.5208, 0.0083, '2018-06-18 11:28:12', 'Kg', 'm³', 'HP', NULL, NULL, NULL),
	(340, 40, 56, 51, NULL, 'ESC', 'EC215 LC', 21800.00, 0.90, 153.00, 1, 250.00, 'H', 0.5208, 0.0083, '2018-06-18 11:28:12', 'Kg', 'm³', 'HP', NULL, NULL, NULL),
	(342, 30, 48, 44, NULL, 'CBE', '2423 B', 19000.00, 8.00, 231.00, 1, 250.00, 'H', 2.5000, 0.0300, '2018-06-18 11:28:12', 'Kg', 'm³', 'CV', NULL, NULL, NULL),
	(344, 25, 30, 29, NULL, 'AUT', 'ONIX 1.0 JOY', 1034.00, 4.00, 80.00, 1, 54.00, 'Km', 10.5000, 0.0525, '2018-06-18 11:28:12', 'Kg', 'Passageiro', 'CV', NULL, NULL, NULL),
	(345, 33, 30, 29, NULL, 'AUT', 'SANDERO AUTH 1.0', 1011.00, 4.00, 82.00, 1, 50.00, 'Km', 11.9000, 0.0595, '2018-06-18 11:28:12', 'Kg', 'Passageiro', 'CV', NULL, NULL, NULL),
	(346, 31, 31, 30, NULL, 'CMU', 'CARGO 2629 6X4', 23000.00, 16.00, 290.00, 1, 280.00, 'H', 10.8000, 0.0540, '2018-06-18 11:28:12', 'Kg', 'Ton', 'CV', NULL, NULL, NULL),
	(347, 32, 56, 51, NULL, 'ESC', 'ROBEX 210 LC-7', 21190.00, 1.20, 129.00, 1, 350.00, 'H', 0.7292, 0.0117, '2018-06-18 11:28:12', 'Kg', 'm³', 'Kw', NULL, NULL, NULL),
	(348, 30, 50, 30, NULL, 'CMU', 'ATRON 2729', 15000.00, 35.00, 286.00, 1, 300.00, 'H', 0.6250, 0.0056, '2018-06-18 11:28:12', 'Kg', 'Ton.m', 'CV', NULL, NULL, NULL),
	(349, 31, 70, 30, NULL, 'CMU', 'CARGO 6332 E', 20000.00, 20.00, 320.00, 1, 300.00, 'H', 3.0000, 0.0360, '2018-06-18 11:28:12', 'Kg', 'Ton', 'CV', NULL, NULL, NULL),
	(350, 31, 75, 66, NULL, 'CAC', 'CARGO 2428 E', 7500.00, 3.80, 275.00, 1, 300.00, 'Km', 4.0000, 0.0480, '2018-06-18 11:28:12', 'Kg', 'Ton', 'CV', NULL, NULL, NULL),
	(351, 30, 75, 66, NULL, 'CAC', 'L 1214', 7500.00, 3.80, 115.00, 1, 250.00, 'Km', 6.0000, 0.0720, '2018-06-18 11:28:12', 'Kg', 'Ton', 'CV', NULL, NULL, NULL),
	(352, 30, 37, 35, NULL, 'CCC', 'L 1318', 4500.00, 9.00, 180.00, 1, 150.00, 'Km', 6.0000, 0.0720, '2018-06-18 11:28:12', 'Kg', 'Passageiro', 'CV', NULL, NULL, NULL),
	(354, 26, 37, 35, NULL, 'CCC', '8.160 DRC 4X2', 7500.00, 12.00, 162.00, 1, 150.00, 'Km', 8.0000, 0.0720, '2018-06-18 11:28:12', 'Kg', 'Passageiro', 'CV', NULL, NULL, NULL),
	(355, 26, 75, 66, NULL, 'CAC', 'WORKER 13180 EURO 3', 13000.00, 3.80, 173.00, 1, 280.00, 'Km', 0.2000, 0.0200, '2018-06-18 11:28:12', 'Kg', 'Ton', 'CV', NULL, NULL, NULL),
	(356, 40, 61, 56, NULL, 'TRP', 'TS 6020', 3750.00, 5.00, 55.00, 1, 200.00, 'H', 0.4167, 0.0067, '2018-06-18 11:28:12', 'Kg', 'Ton', 'HP', NULL, NULL, NULL),
	(357, 46, 61, 56, NULL, 'TRP', '6605 4X4', 3750.00, 8.00, 55.00, 1, 200.00, 'H', 0.4167, 0.0067, '2018-06-18 11:28:12', 'Kg', 'Ton', 'HP', NULL, NULL, NULL),
	(360, 25, 30, 29, NULL, 'AUT', 'CELTA 1.0 LT', 810.00, 4.00, 75.00, 1, 45.00, 'Km', 10.0000, 0.0500, '2018-06-18 11:28:12', 'Kg', 'Passageiro', 'CV', NULL, NULL, NULL),
	(362, 31, 50, 30, NULL, 'CMU', 'CARGO 1217', 20000.00, 8.00, 162.00, 1, 275.00, 'H', 3.0000, 0.0360, '2018-06-18 11:28:12', 'Kg', 'Ton', 'CV', NULL, NULL, NULL),
	(363, 28, 34, 57, 84, 'VUT', 'BAND MAX', NULL, NULL, NULL, 0, NULL, 'Km', NULL, NULL, '2018-06-18 11:28:12', NULL, NULL, NULL, NULL, NULL, NULL),
	(364, 75, 38, 36, NULL, 'PAC', 'ELO DL250', 14000.00, 2.70, 121.00, 1, 250.00, 'H', 0.5208, 0.0083, '2018-06-18 11:28:12', 'Kg', 'm³', 'HP', NULL, NULL, NULL),
	(365, 26, 48, 44, NULL, 'CBE', '26.280 CRM 6X4', 15000.00, 8.00, 275.00, 1, 275.00, 'H', 3.5000, 0.0420, '2018-06-18 11:28:12', 'Kg', 'm³', 'CV', NULL, NULL, NULL),
	(366, 44, 96, 52, NULL, 'GUI', 'QY 70T', 46.00, 70.00, 235.00, 1, 300.00, 'H', 0.6250, 0.0100, '2018-06-18 11:28:12', 'Ton', 'Ton', 'Kw', NULL, NULL, NULL),
	(367, 74, 61, 56, NULL, 'TRP', '1580', 7.00, 8.50, 145.00, 1, 200.00, 'H', 0.4167, 0.0067, '2018-06-18 11:28:12', 'Ton', 'Ton', 'CV', NULL, NULL, NULL),
	(368, 60, 84, 65, 84, 'COM', '', NULL, NULL, NULL, 0, NULL, 'H', NULL, NULL, '2018-06-18 11:28:12', NULL, NULL, NULL, NULL, NULL, NULL),
	(370, 66, 89, 75, NULL, 'PUL', 'ARS 802', 9500.00, 240.00, 375.00, 1, 300.00, 'H', 0.6250, 0.0056, '2018-06-18 11:28:12', 'Kg', 'kN', 'HP', NULL, NULL, NULL),
	(371, 66, 88, 76, NULL, 'FRT', 'FRB 616', 7600.00, 140.00, 64.00, 1, 70.00, 'H', 0.1458, 0.0013, '2018-06-18 11:28:12', 'Kg', 'kN', 'HP', NULL, NULL, NULL),
	(372, 44, 120, 52, NULL, 'GUI', 'QAY 240', 73.00, 240.00, 280.00, 1, 600.00, 'H', 1.2500, 0.0200, '2018-06-18 11:28:12', 'Ton', 'Ton', 'CV', NULL, NULL, NULL),
	(373, 39, 58, 53, NULL, 'ONB', 'TORINO GVU', 8000.00, 38.00, 206.00, 1, 300.00, 'Km', 8.0000, 0.0720, '2018-06-18 11:28:12', 'Kg', 'Passageiro', 'CV', NULL, NULL, NULL),
	(374, 30, 47, 77, NULL, 'CBA', 'AXOR 2831', 23000.00, 15.00, 310.00, 1, 250.00, 'Km', 3.2000, 0.0384, '2018-06-18 11:28:12', 'Kg', 'm³', 'CV', NULL, NULL, NULL),
	(375, 65, 61, 56, NULL, 'TRP', 'BM100', 4675.00, 3.00, 88.00, 1, 150.00, 'H', 0.4167, 0.0067, '2018-06-18 11:28:12', 'Kg', 'Ton', 'CV', NULL, NULL, NULL),
	(376, 49, 61, 56, NULL, 'TRP', '7150 K', 8250.00, 8.00, 150.00, 1, 150.00, 'H', 0.3125, 0.0050, '2018-06-18 11:28:12', 'Kg', 'Ton', 'HP', NULL, NULL, NULL),
	(379, 76, 85, 68, NULL, 'CCT', '4400P7 6X4', 42000.00, 42000.00, 274.00, 1, 300.00, 'Km', 6.0000, 0.0960, '2018-06-18 11:28:12', 'Kg', 'Kg', 'CV', NULL, NULL, NULL),
	(381, 30, 31, 30, NULL, 'CMU', '1718', 21000.00, 10.00, 177.00, 1, 250.00, 'H', 2.8000, 0.0336, '2018-06-18 11:28:12', 'Kg', 'Ton', 'CV', NULL, NULL, NULL),
	(382, 58, 105, 65, NULL, 'COM', 'XA 120', 500.00, 250.00, 120.00, 1, 80.00, 'H', 0.1667, 0.0015, '2018-06-18 11:28:12', 'Kg', 'pcm', 'CV', NULL, NULL, NULL),
	(383, 102, 58, 53, NULL, 'ONB', 'GRANMICRO', 8000.00, 28.00, 160.00, 1, 150.00, 'Km', 8.0000, 0.0720, '2018-06-18 11:28:12', 'Kg', 'Passageiro', 'CV', NULL, NULL, NULL),
	(384, 30, 42, 40, NULL, 'CMP', 'AXOR 2644 6X4', 22000.00, 30.00, 370.00, 1, 300.00, 'Km', 3.0000, 0.0360, '2018-06-18 11:28:12', 'Kg', 'Ton', 'CV', NULL, NULL, NULL),
	(385, 60, 84, 65, NULL, 'COM', 'L15139066', 1800.00, 400.00, 109.00, 1, 150.00, 'H', 0.3125, 0.0028, '2018-06-18 11:28:12', 'Kg', 'pcm', 'HP', NULL, NULL, NULL),
	(386, 25, 39, 37, NULL, 'AMB', 'S10 CIOATO AMB', 1800.00, 2.00, 180.00, 1, 70.00, 'Km', 7.5000, 0.0675, '2018-06-18 11:28:12', 'Kg', 'Passageiro', 'CV', NULL, NULL, NULL),
	(387, 30, 46, 38, NULL, 'CAB', '2726', 16900.00, 15.00, 260.00, 1, 200.00, 'Km', 2.5000, 0.0500, '2018-06-18 11:28:12', 'Kg', 'm³', 'CV', NULL, NULL, NULL),
	(389, 29, 38, 36, NULL, 'PAC', '966C', 16700.00, 3.10, 173.00, 1, 300.00, 'H', 0.6250, 0.0100, '2018-06-18 11:28:12', 'Kg', 'm³', 'HP', NULL, NULL, NULL),
	(390, 79, 55, 40, NULL, 'CMP', 'HOWO 6X4 380', 23000.00, 32.00, 375.00, 1, 400.00, 'Km', 3.5000, 0.0420, '2018-06-18 11:28:12', 'Kg', 'Ton', 'CV', NULL, NULL, NULL),
	(391, 65, 61, 56, NULL, 'TRP', 'BH 145', 8250.00, 8.00, 153.00, 1, 300.00, 'H', 0.6250, 0.0100, '2018-06-18 11:28:12', 'Kg', 'Ton', 'CV', NULL, NULL, NULL),
	(392, 38, 48, 44, NULL, 'CBE', 'VM 260 6X4R', 23000.00, 8.00, 260.00, 1, 200.00, 'H', 3.5000, 0.0420, '2018-06-18 11:28:12', 'Kg', 'm³', 'CV', NULL, NULL, NULL),
	(394, 31, 62, 31, NULL, 'PIC', 'RANGER XLT CD4A 3.2', 2360.00, 5.00, 200.00, 1, 80.00, 'Km', 6.0000, 0.0540, '2018-06-18 11:28:12', 'Kg', 'Passageiro', 'CV', NULL, NULL, NULL),
	(395, 26, 76, 30, NULL, 'CMU', 'WORKER 15180 EURO 3', 12000.00, 9.00, 173.00, 1, 275.00, 'H', 0.2958, 0.0047, '2018-06-18 11:28:12', 'Kg', 'Ton', 'CV', NULL, NULL, NULL),
	(396, 36, 30, 29, NULL, 'AUT', 'UNO DRIVE 1.0', 1030.00, 4.00, 77.00, 1, 50.00, 'Km', 12.4000, 0.0620, '2018-06-18 11:28:12', 'Kg', 'Passageiro', 'CV', NULL, NULL, NULL),
	(398, 29, 73, 64, NULL, 'GER', 'GERADOR CARENADO 55 KVA CATERPILLAR', 1355.00, 50.00, 50.00, 1, 150.00, 'H', 0.3125, 0.0028, '2018-06-18 11:28:12', 'Kg', 'Kva', '', NULL, NULL, NULL),
	(399, 80, 73, 64, NULL, 'GER', 'GERADOR CARENADO PERKINS 55 KVA', 1355.00, 55.00, 55.00, 1, 150.00, 'H', 0.3125, 0.0028, '2018-06-18 11:28:12', 'Kg', 'Kva', '', NULL, NULL, NULL),
	(400, 64, 63, 30, NULL, 'CMU', '250 B 6X4', 7570.00, 40.00, 250.00, 1, 200.00, 'H', 5.0000, 0.0600, '2018-06-18 11:28:12', 'Kg', 'Ton', 'CV', NULL, NULL, NULL),
	(402, 26, 35, 34, NULL, 'VEU', 'SAVEIRO CS ST MB', 1028.00, 1.00, 120.00, 1, 55.00, 'Km', 7.5000, 0.0375, '2018-06-18 11:28:12', 'Kg', 'Passageiro', 'CV', NULL, NULL, NULL),
	(406, 28, 62, 31, NULL, 'PIC', 'HILUX CD L0WM4FD', 1960.00, 4.00, 177.00, 1, 80.00, 'Km', 0.4167, 0.0067, '2018-06-18 11:28:12', 'Kg', 'Passageiro', 'CV', NULL, NULL, NULL),
	(407, 29, 33, 32, NULL, 'RET', '416 E', 6792.00, 1.00, 78.00, 1, 142.00, 'H', 0.2958, 0.0047, '2018-06-18 11:28:12', 'Kg', 'm³', 'HP', NULL, NULL, NULL),
	(408, 30, 31, 30, NULL, 'CMU', 'L 1618', 18000.00, 20.00, 184.00, 1, 200.00, 'H', 6.2000, 0.0744, '2018-06-18 11:28:12', 'Kg', 'Ton', 'CV', NULL, NULL, NULL),
	(412, 29, 33, 32, NULL, 'RET', '416 F2', 6792.00, 1.00, 78.00, 1, 142.00, 'H', 0.2958, 0.0047, '2018-06-18 11:28:12', 'Kg', 'm³', 'HP', NULL, NULL, NULL),
	(414, 31, 78, 45, NULL, 'CCA', 'CARGO 2428 E', 6690.00, 15.19, 275.00, 1, 300.00, 'Km', 3.0000, 0.0360, '2018-06-18 11:28:12', 'Kg', 'Ton', 'CV', NULL, NULL, NULL),
	(416, 36, 30, 29, NULL, 'AUT', 'PALIO ATTRAC 1.0', 810.00, 4.00, 75.00, 1, 48.00, 'Km', 6.0000, 0.0720, '2018-06-18 11:28:12', 'Kg', 'Passageiro', 'CV', NULL, NULL, NULL),
	(417, 27, 62, 31, NULL, 'PIC', 'L200 TRITON SPT GLX', 1935.00, 4.00, 190.00, 1, 75.00, 'Km', 3.5000, 0.0420, '2018-06-18 11:28:12', 'Kg', 'Passageiro', 'CV', NULL, NULL, NULL),
	(419, 28, 62, 31, NULL, 'PIC', 'HILUX CD L0WM4FD', 1715.00, 4.00, 177.00, 1, 90.00, 'Km', 8.0000, 0.0720, '2018-06-18 11:28:12', 'Kg', 'Passageiro', 'CV', NULL, NULL, NULL),
	(423, 26, 82, 71, NULL, 'CPC', 'WORKER 23210 EURO 3', 23000.00, 18.00, 206.00, 1, 275.00, 'Km', 0.4167, 0.0067, '2018-06-18 11:28:12', 'Kg', 'Ton', 'CV', NULL, NULL, NULL),
	(425, 65, 107, 80, NULL, 'TLG', '985', 7000.00, 8.50, 145.00, 1, 150.00, 'H', 0.3125, 0.0050, '2018-06-18 11:28:12', 'Kg', 'Ton', 'CV', NULL, NULL, NULL),
	(426, 31, 46, 78, NULL, 'CBT', 'CARGO 2629 6X4', 23000.00, 15.00, 290.00, 1, 280.00, 'Km', 3.0000, 0.0360, '2018-06-18 11:28:12', 'Kg', 'm³', 'CV', NULL, NULL, NULL),
	(427, 30, 76, 30, NULL, 'CMU', '1718', 23000.00, 17.00, 177.00, 1, 250.00, 'H', 3.5000, 0.0420, '2018-06-18 11:28:12', 'Kg', 'Ton', 'CV', NULL, NULL, NULL),
	(428, 49, 107, 80, NULL, 'TLG', '4299 K', 7040.00, 8.00, 130.00, 1, 200.00, 'H', 0.4167, 0.0067, '2018-06-18 11:28:12', 'Kg', 'Ton', 'CV', NULL, NULL, NULL),
	(430, 102, 58, 53, NULL, 'ONB', 'GRANMIDI EOD', 8000.00, 35.00, 185.00, 1, 275.00, 'Km', 8.0000, 0.0720, '2018-06-18 11:28:12', 'Kg', 'Passageiro', 'CV', NULL, NULL, NULL),
	(431, 38, 85, 68, NULL, 'CCT', 'VM 260 6X4R', 16000.00, 15000.00, 260.00, 1, 200.00, 'Km', 3.5000, 0.0420, '2018-06-18 11:28:12', 'Kg', 'Kg', 'CV', NULL, NULL, NULL),
	(432, 31, 75, 66, NULL, 'CAC', 'CARGO 1317 E', 13000.00, 12.30, 170.00, 1, 200.00, 'Km', 3.0000, 0.0360, '2018-06-18 11:28:12', 'Kg', 'Ton', 'CV', NULL, NULL, NULL),
	(434, 31, 37, 35, NULL, 'CCC', 'CARGO 816 S', 4500.00, 9.00, 162.00, 1, 150.00, 'Km', 6.0000, 0.0720, '2018-06-18 11:28:12', 'Kg', 'Passageiro', 'CV', NULL, NULL, NULL),
	(435, 26, 35, 34, NULL, 'VEU', 'SAVEIRO ROBUTS MBVS', 1028.00, 1.00, 104.00, 1, 55.00, 'Km', 8.0000, 0.0720, '2018-06-18 11:28:12', 'Kg', 'Passageiro', 'CV', NULL, NULL, NULL),
	(437, 31, 76, 30, NULL, 'CMU', 'CARGO 2622 E', 14739.00, 5.00, 220.00, 1, 300.00, 'H', 13.0000, 0.0650, '2018-06-18 11:28:12', 'Kg', 'Ton', 'CV', NULL, NULL, NULL),
	(438, 31, 63, 30, NULL, 'CMU', 'CARGO 2628 E', 23000.00, 43.00, 275.00, 1, 275.00, 'H', 10.8000, 0.0540, '2018-06-18 11:28:12', 'Kg', 'Ton', 'CV', NULL, NULL, NULL),
	(439, 26, 70, 30, NULL, 'CMU', 'WORKER 15180 EURO 3', 12000.00, 30.00, 173.00, 1, 275.00, 'H', 0.3333, 0.0053, '2018-06-18 11:28:12', 'Kg', 'Ton.m', 'CV', NULL, NULL, NULL),
	(440, 64, 82, 71, NULL, 'CPC', '470 HIGHLINE 6X4', 4500.00, 18.00, 470.00, 1, 330.00, 'Km', 0.4167, 0.0067, '2018-06-18 11:28:12', 'Kg', 'Ton', 'CV', NULL, NULL, NULL),
	(443, 38, 75, 66, NULL, 'CAC', 'VM 270 6X2R', 17500.00, 16.50, 270.00, 1, 300.00, 'Km', 4.0000, 0.0480, '2018-06-18 11:28:12', 'Kg', 'Ton', 'CV', NULL, NULL, NULL),
	(444, 65, 61, 56, NULL, 'TRP', 'BM125', 4675.00, 3.00, 85.00, 1, 200.00, 'H', 0.4167, 0.0067, '2018-06-18 11:28:12', 'Kg', 'Ton', 'CV', NULL, NULL, NULL),
	(445, 26, 70, 30, NULL, 'CMU', 'WORKER 24220 EURO 3', 23000.00, 30.00, 218.00, 1, 275.00, 'H', 0.3750, 0.0060, '2018-06-18 11:28:12', 'Kg', 'Ton.m', 'CV', NULL, NULL, NULL),
	(446, 49, 61, 56, NULL, 'TRP', '4297 4CILINDROS 4X4', 6740.00, 8.50, 120.00, 1, 200.00, 'H', 0.4167, 0.0067, '2018-06-18 11:28:12', 'Kg', 'Ton', 'CV', NULL, NULL, NULL),
	(447, 26, 42, 40, NULL, 'CMP', '26.390 CTC 6X4', 22000.00, 30.00, 400.00, 1, 600.00, 'Km', 2.5000, 0.0300, '2018-06-18 11:28:12', 'Kg', 'Ton', 'CV', NULL, NULL, NULL),
	(448, 30, 37, 35, NULL, 'CCC', '1718', 7850.00, 9.00, 177.00, 1, 250.00, 'Km', 8.0000, 0.0720, '2018-06-18 11:28:12', 'Kg', 'Passageiro', 'CV', NULL, NULL, NULL),
	(449, 38, 38, 36, NULL, 'PAC', 'L 70 F', 12700.00, 1.80, 171.00, 1, 190.00, 'H', 0.3958, 0.0063, '2018-06-18 11:28:12', 'Kg', 'm³', 'HP', NULL, NULL, NULL),
	(450, 40, 61, 56, NULL, 'TRP', 'TM 180', 8250.00, 8.00, 180.00, 1, 250.00, 'H', 0.4167, 0.0067, '2018-06-18 11:28:12', 'Kg', 'Ton', 'CV', NULL, NULL, NULL),
	(455, 49, 61, 56, NULL, 'TRP', '680 4X4', 9375.00, 8.50, 180.00, 1, 200.00, 'H', 0.4167, 0.0067, '2018-06-18 11:28:12', 'Kg', 'Ton', 'CV', NULL, NULL, NULL),
	(456, 40, 61, 56, NULL, 'TRP', '8030', 3780.00, 5.00, 123.00, 1, 120.00, 'H', 0.3125, 0.0050, '2018-06-18 11:28:12', 'Kg', 'Ton', 'CV', NULL, NULL, NULL),
	(457, 30, 37, 35, NULL, 'CCC', 'L 1113', 5020.00, 13.00, 147.00, 1, 150.00, 'Km', 5.5000, 0.0660, '2018-06-18 11:28:12', 'Kg', 'Passageiro', 'CV', NULL, NULL, NULL),
	(458, 66, 89, 75, NULL, 'PUL', 'ARS 700', 5700.00, 160.00, 194.00, 1, 300.00, 'H', 0.6250, 0.0056, '2018-06-18 11:28:12', 'Kg', 'kN', 'Kw', NULL, NULL, NULL),
	(461, 37, 30, 29, NULL, 'AUT', '2008 ALLURE EAT6', 1215.00, 4.00, 118.00, 1, 55.00, 'Km', 13.0000, 0.0650, '2018-06-18 11:28:12', 'Kg', 'Passageiro', 'CV', NULL, NULL, NULL),
	(462, 66, 88, 76, NULL, 'FRT', 'FRB 600', 7500.00, 150.00, 75.00, 1, 50.00, 'H', 0.1458, 0.0013, '2018-06-18 11:28:12', 'Kg', 'kN', 'Kw', NULL, NULL, NULL),
	(463, 66, 91, 88, NULL, 'FRW', 'FRS 403', 2300.00, 40.00, 33.00, 1, 50.00, 'H', 0.1042, 0.0009, '2018-06-18 11:28:12', 'Kg', 'kN', 'HP', NULL, NULL, NULL),
	(466, 66, 90, 87, NULL, 'PLW', 'ARS 403', 980.00, 35.00, 34.00, 1, 70.00, 'H', 0.1458, 0.0013, '2018-06-18 11:28:12', 'Kg', 'kN', 'HP', NULL, NULL, NULL),
	(468, 65, 61, 56, 84, 'TRP', 'BM125', NULL, NULL, NULL, 0, 180.00, 'H', 0.3750, 0.0060, '2018-06-18 11:28:12', NULL, NULL, NULL, NULL, NULL, NULL),
	(469, 49, 33, 32, NULL, 'RET', '96/4', 7100.00, 1.00, 92.00, 1, 180.00, 'H', 0.3750, 0.0060, '2018-06-18 11:28:12', 'Kg', 'm³', 'CV', NULL, NULL, NULL),
	(472, 26, 63, 30, NULL, 'CMU', 'WORKER 24220 EURO 3', 23000.00, 15.87, 218.00, 1, 275.00, 'H', 0.3333, 0.0053, '2018-06-18 11:28:12', 'Kg', 'Ton', 'CV', NULL, NULL, NULL),
	(474, 66, 88, 76, NULL, 'FRT', 'FRQ 602', 8800.00, 140.00, 44.00, 1, 70.00, 'H', 0.1458, 0.0013, '2018-06-18 11:28:12', 'Kg', 'kN', 'Kw', NULL, NULL, NULL),
	(475, 31, 37, 35, NULL, 'CCC', 'F-4000 TRV MULTI', 6800.00, 9.00, 150.00, 1, 140.00, 'Km', 6.0000, 0.0720, '2018-06-18 11:28:12', 'Kg', 'Passageiro', 'CV', NULL, NULL, NULL),
	(476, 26, 85, 68, NULL, 'CCT', 'CONSTELLATION 26280 6X4', 10000.00, 15370.00, 275.00, 1, 275.00, 'Km', 9.6000, 0.0864, '2018-06-18 11:28:12', 'Kg', 'Kg', 'CV', NULL, NULL, NULL),
	(477, 87, 38, 36, NULL, 'PAC', 'CDM 835E', 11500.00, 1.80, 130.00, 1, 200.00, 'H', 3.8000, 0.0456, '2018-06-18 11:28:12', 'Kg', 'm³', 'HP', NULL, NULL, NULL),
	(480, 46, 33, 32, NULL, 'RET', '310 L', 7103.00, 1.00, 86.00, 1, 155.00, 'H', 0.3229, 0.0052, '2018-06-18 11:28:12', 'Kg', 'm³', 'HP', NULL, NULL, NULL),
	(481, 78, 119, 90, NULL, 'SUV', 'JIMNY 4 WORK', 1120.00, 4.00, 85.00, 1, 50.00, 'Km', 10.0000, 0.0500, '2018-06-18 11:28:12', 'Kg', 'Passageiro', 'CV', NULL, NULL, NULL),
	(482, 38, 33, 32, NULL, 'RET', 'BL70', 8580.00, 1.00, 90.00, 1, 160.00, 'H', 0.3333, 0.0053, '2018-06-18 11:28:12', 'Kg', 'Passageiro', 'HP', NULL, NULL, NULL),
	(483, 26, 82, 71, NULL, 'CPC', 'CONSTELLATION 31330', 17000.00, 18.00, 330.00, 1, 275.00, 'Km', 4.0000, 0.0480, '2018-06-18 11:28:12', 'Kg', 'Ton', 'CV', NULL, NULL, NULL),
	(484, 25, 39, 37, NULL, 'AMB', 'S10 LS DS4', 1899.00, 2.00, 180.00, 1, 70.00, 'Km', 7.5000, 0.0675, '2018-06-18 11:28:12', 'Kg', 'Passageiro', 'CV', NULL, NULL, NULL),
	(485, 40, 61, 56, NULL, 'TRP', 'TM 150', 8250.00, 8.00, 150.00, 1, 200.00, 'H', 0.4167, 0.0067, '2018-06-18 11:28:12', 'Kg', 'Ton', 'CV', NULL, NULL, NULL),
	(486, 74, 61, 56, NULL, 'TRP', '8330', 8250.00, 8.00, 145.00, 1, 200.00, 'H', 0.4167, 0.0067, '2018-06-18 11:28:12', 'Kg', 'Ton', 'CV', NULL, NULL, NULL),
	(487, 31, 78, 68, NULL, 'CCT', 'CARGO 2422 E', 16875.00, 8.00, 220.00, 1, 300.00, 'Km', 8.0000, 0.0720, '2018-06-18 11:28:12', 'Kg', 'Ton', 'CV', NULL, NULL, NULL),
	(488, 26, 41, 39, NULL, 'CCM', 'WORKER 17180 EURO 3', 14000.00, 5000.00, 173.00, 1, 275.00, 'H', 8.0000, 0.0720, '2018-06-18 11:28:12', 'Kg', 'Litro', 'CV', NULL, NULL, NULL),
	(489, 26, 70, 30, NULL, 'CMU', 'WORKER 26220 EURO 3', 13000.00, 20.00, 218.00, 1, 275.00, 'H', 0.3125, 0.0050, '2018-06-18 11:28:12', 'Kg', 'Ton', 'CV', NULL, NULL, NULL),
	(490, 31, 70, 30, NULL, 'CMU', 'CARGO 2428 E', 23000.00, 20.00, 275.00, 1, 300.00, 'H', 8.0000, 0.0720, '2018-06-18 11:28:12', 'Kg', 'Ton', 'CV', NULL, NULL, NULL),
	(491, 65, 61, 56, NULL, 'TRP', 'MD 110 4X4', 6496.00, 3.00, 85.00, 1, 180.00, 'H', 0.3750, 0.0060, '2018-06-18 11:28:12', 'Kg', 'Ton', 'CV', NULL, NULL, NULL),
	(492, 36, 134, 33, NULL, 'VAN', 'DUCATO MINIBUS', 2100.00, 16.00, 150.00, 1, 80.00, 'Km', 10.0000, 0.0900, '2018-06-18 11:28:12', 'Kg', 'Passageiro', 'CV', NULL, NULL, NULL),
	(495, 29, 38, 36, NULL, 'PAC', '924G', 11700.00, 2.80, 90.00, 1, 200.00, 'H', 0.4167, 0.0067, '2018-06-18 11:28:12', 'Kg', 'm³', 'KW', NULL, NULL, NULL),
	(496, 26, 70, 30, NULL, 'CMU', 'WORKER 17210 6X2', 13000.00, 30.00, 218.00, 1, 275.00, 'H', 0.3229, 0.0052, '2018-06-18 11:28:12', 'Kg', 'Ton.m', 'CV', NULL, NULL, NULL),
	(497, 26, 31, 30, NULL, 'CMU', 'WORKER 26220 EURO 3', 13000.00, 20.00, 218.00, 1, 275.00, 'H', 0.3125, 0.0050, '2018-06-18 11:28:12', 'Kg', 'Ton', 'CV', NULL, NULL, NULL),
	(498, 26, 53, 48, NULL, 'CPI', 'WORKER 15180 EURO 3', 12000.00, 10000.00, 173.00, 1, 275.00, 'Km', 0.4167, 0.0067, '2018-06-18 11:28:12', 'Kg', 'Litro', 'CV', NULL, NULL, NULL),
	(502, 66, 73, 64, NULL, 'GER', 'MWMS.10T', 1270.00, 150.00, 150.00, 1, 150.00, 'H', 9.0000, 0.0001, '2018-06-18 11:28:12', 'Kg', 'KVA', '', NULL, NULL, NULL),
	(503, 41, 63, 30, NULL, 'CMU', 'TECTOR 240 E25', 13500.00, 45.00, 250.00, 1, 300.00, 'H', 0.6250, 0.0056, '2018-06-18 11:28:12', 'Kg', 'Ton', 'CV', NULL, NULL, NULL),
	(506, 85, 68, 91, NULL, 'ROC', 'PWH 5000', 5000.00, 15.00, 215.00, 1, 330.00, 'H', 3.0000, 0.0200, '2018-06-18 11:28:12', 'Kg', 'm', 'CV', NULL, NULL, NULL),
	(507, 93, 58, 53, NULL, 'ONB', 'URBANUSS', 8000.00, 42.00, 211.00, 1, 250.00, 'Km', 8.0000, 0.0400, '2018-06-18 11:28:12', 'Kg', 'Passageiro', 'CV', NULL, NULL, NULL),
	(510, 32, 38, 36, NULL, 'PAC', 'HL 757-7', 14500.00, 2.30, 173.00, 1, 250.00, 'H', 0.2000, 0.0200, '2018-06-18 11:28:12', 'Kg', 'm³', 'HP', NULL, NULL, NULL),
	(511, 89, 38, 36, NULL, 'PAC', '936', 10700.00, 1.60, 124.00, 1, 250.00, 'H', 0.2000, 0.0200, '2018-06-18 11:28:12', 'Kg', 'm³', 'HP', NULL, NULL, NULL),
	(512, 90, 99, 92, NULL, 'USI', '3104C', 5000.00, 18.00, 30.00, 1, 0.00, 'H', 0.0000, 0.0000, '2018-06-18 11:28:12', 'kg', 'Ton', 'CV', NULL, NULL, NULL),
	(513, 30, 50, 30, NULL, 'CMU', 'ATEGO 2425', 6700.00, 31.00, 245.00, 1, 275.00, 'H', 3.5000, 0.0420, '2018-06-18 11:28:12', 'Kg', 'Ton', 'CV', NULL, NULL, NULL),
	(516, 41, 31, 30, NULL, 'CMU', 'EUROCARGO 170 E22', 6800.00, 210.00, 0.00, 1, 250.00, 'H', 0.0012, 0.0011, '2018-06-18 11:28:12', 'Kg', 'Ton', 'CV', NULL, NULL, NULL),
	(517, 46, 61, 56, NULL, 'TRP', '7.515', 8000.00, 1.00, 140.00, 1, 310.00, 'H', 0.0005, 0.0007, '2018-06-18 11:28:12', 'Kg', 'Passageiro', 'CV', NULL, NULL, NULL),
	(518, 26, 63, 30, NULL, 'CMU', 'WORKER 26220 EURO 3', 13500.00, 43.00, 250.00, 1, 300.00, 'H', 0.0012, 0.0011, '2018-06-18 11:28:12', 'Kg', 'Ton', 'CV', NULL, NULL, NULL),
	(519, 31, 37, 35, NULL, 'CCC', 'CARGO 1317 E', 7500.00, 12.00, 170.00, 1, 150.00, 'Km', 5.0000, 10.0000, '2018-06-18 11:28:12', 'Kg', 'Passageiro', 'CV', NULL, NULL, NULL),
	(521, 31, 37, 35, NULL, 'CCC', 'F 4000', 7850.00, 9.00, 115.00, 1, 140.00, 'Km', 5.5000, 0.0660, '2018-06-19 14:03:32', 'Kg', 'Passageiro', 'CV', NULL, NULL, NULL),
	(522, 30, 75, 66, NULL, 'CAC', 'L 1113', 13000.00, 12.30, 170.00, 1, 200.00, 'Km', 3.0000, 0.0360, '2018-06-19 16:34:34', 'Kg', 'Ton', 'CV', NULL, NULL, NULL),
	(523, 26, 75, 66, NULL, 'CAC', '15.180', 13000.00, 12.30, 170.00, 1, 200.00, 'Km', 3.0000, 0.0360, '2018-06-19 16:37:51', 'Kg', 'Ton', 'CV', NULL, NULL, NULL),
	(524, 64, 54, 50, NULL, 'CME', 'R 470 A6X4', 8698.00, 78000.00, 1900.00, 1, 600.00, 'Km', 2.5000, 0.0300, '2018-06-19 18:01:28', 'Kg', 'Kg', '', NULL, NULL, NULL),
	(525, 40, 60, 55, NULL, 'TRE', 'D150B', 15290.00, 2.90, 143.00, 1, 300.00, 'H', 0.4167, 0.0067, '2018-06-19 18:11:26', 'Kg', 'm³', 'HP', NULL, NULL, NULL),
	(526, 38, 44, 42, NULL, 'MTN', 'G930', 15560.00, 34300.00, 116.00, 1, 341.00, 'H', 0.7104, 0.0114, '2018-06-19 18:21:45', 'Kg', 'Kg', 'Hp', NULL, NULL, NULL),
	(527, 26, 50, 30, NULL, 'CMU', '26.260 CNM 6X4', 13500.00, 40.00, 320.00, 1, 300.00, 'H', 0.4167, 0.0067, '2018-06-21 11:08:06', 'Kg', 'Ton', 'CV', NULL, NULL, NULL),
	(529, 31, 63, 30, NULL, 'CMU', 'CARGO 2622 E', 42000.00, 43.00, 320.00, 1, 300.00, 'H', 0.4167, 0.0067, '2018-06-21 11:29:37', 'Kg', 'Ton', 'CV', NULL, NULL, NULL),
	(530, 30, 63, 30, NULL, 'CMU', 'AXOR 2831', 42000.00, 43.00, 320.00, 1, 300.00, 'H', 0.4170, 0.0070, '2018-06-21 12:59:29', 'Kg', 'Ton', 'CV', NULL, NULL, NULL),
	(531, 34, 33, 32, NULL, 'RET', '580 MGP', 10.20, 1.00, 78.00, 1, 142.00, 'H', 0.2958, 0.0047, '2018-06-21 13:18:37', 'Ton', 'm³', 'HP', NULL, NULL, NULL),
	(532, 61, 33, 32, NULL, 'RET', 'RD406', 10.20, 1.00, 78.00, 1, 142.00, 'H', 0.2958, 0.0047, '2018-06-21 13:35:40', 'Ton', 'm³', 'HP', NULL, NULL, NULL),
	(534, 38, 40, 38, NULL, 'CAB', 'VM 330 6X4R', 23000.00, 16.00, 275.00, 1, 300.00, 'Km', 2.8000, 0.0336, '2018-06-21 13:52:39', 'Kg', 'm³', 'CV', NULL, NULL, NULL),
	(535, 30, 69, 62, NULL, 'CPP', 'L 2325', 23000.00, 20000.00, 275.00, 1, 300.00, 'Km', 6.0000, 0.0720, '2018-06-21 14:00:00', 'Kg', 'Litro', 'CV', NULL, NULL, NULL),
	(536, 26, 31, 30, NULL, 'CMU', 'WORKER 17180', 15000.00, 10.00, 186.00, 1, 275.00, 'H', 0.3229, 0.0052, '2018-06-21 14:10:00', 'Kg', 'Ton', 'CV', NULL, NULL, NULL),
	(538, 26, 50, 30, NULL, 'CMU', '17.210', 13500.00, 35.00, 320.00, 1, 300.00, 'H', 0.4167, 0.0067, '2018-06-22 10:09:01', 'Kg', 'Ton', 'CV', NULL, NULL, NULL),
	(539, 30, 75, 66, NULL, 'CAC', 'LK 2213', 7500.00, 3.80, 115.00, 1, 250.00, 'Km', 6.0000, 0.0720, '2018-06-22 10:44:53', 'Kg', 'Ton', 'CV', NULL, NULL, NULL),
	(540, 36, 30, 29, NULL, 'AUT', 'PALIO FIRE FLEX', 970.00, 5.00, 66.00, 1, 60.00, 'Km', 0.0025, 0.0011, '2018-06-23 13:51:18', 'Kg', 'Passageiro', 'CV', NULL, NULL, NULL),
	(541, 66, 89, 75, NULL, 'PUL', 'ARB 600', 8000.00, 140.00, 194.00, 1, 160.00, 'H', 0.6250, 0.0056, '2018-06-27 10:17:15', 'Kg', 'kN', 'kW', NULL, NULL, NULL),
	(542, 26, 82, 71, NULL, 'CPC', '24.250 CNC 6X2', 16000.00, 16.00, 5900.00, 1, 250.00, 'Km', 3.0000, 10.0000, '2018-06-28 08:22:03', 'Kg', 'Ton', 'CV', NULL, NULL, NULL),
	(543, 30, 31, 30, NULL, 'CMU', 'ATEGO 2425', 13500.00, 20.00, 245.00, 1, 300.00, 'H', 2.5000, 0.0002, '2018-07-03 14:17:45', 'Kg', 'Ton', 'CV', NULL, NULL, NULL),
	(544, 31, 69, 62, NULL, 'CPP', 'CARGO 2622 E', 23000.00, 18000.00, 220.00, 1, 275.00, 'Km', 2.5000, 0.0060, '2018-07-05 07:22:15', 'Kg', 'Litro', 'CV', NULL, NULL, NULL),
	(545, 46, 61, 56, NULL, 'TRP', '6180 J', 10650.00, 1.00, 180.00, 1, 372.00, 'H', 0.0015, 0.0012, '2018-07-09 10:05:03', 'kg', 'passageiro', 'CV', NULL, NULL, NULL),
	(546, 26, 31, 30, NULL, 'CMU', '23.220', 35000.00, 218.00, 0.00, 1, 300.00, 'H', 0.0015, 0.0012, '2018-07-09 10:28:43', 'Kg', 'Ton', 'CV', NULL, NULL, NULL),
	(547, 33, 119, 90, NULL, 'SUV', 'DUSTER 1.6 E CVT', 1223.00, 5.00, 120.00, 1, 50.00, 'Km', 12.0000, 5.0000, '2018-07-09 16:32:23', 'Kg', 'Passageiro', 'CV', NULL, NULL, NULL),
	(548, 30, 54, 50, NULL, 'CME', 'LS 1938', 14000.00, 30.00, 380.00, 1, 300.00, 'Km', 2.0000, 0.0070, '2018-07-10 09:53:33', 'Kg', 'Ton', 'cv', NULL, NULL, NULL),
	(549, 30, 50, 30, NULL, 'CMU', '2726', 35000.00, 35.00, 290.00, 1, 300.00, 'H', 0.3313, 0.0053, '2018-07-11 16:22:51', 'Kg', 'Ton', 'CV', NULL, NULL, NULL),
	(550, 26, 53, 48, NULL, 'CPI', '13.180 CNM', 20000.00, 10000.00, 173.00, 1, 300.00, 'Km', 0.4170, 0.0070, '2018-07-11 16:29:51', 'Kg', 'Litro', 'CV', NULL, NULL, NULL),
	(551, 31, 82, 71, NULL, 'CPC', 'CARGO 2422', 21000.00, 16.22, 220.00, 1, 275.00, 'Km', 5.5000, 0.0880, '2018-07-13 15:27:59', 'Kg', 'Ton', 'CV', NULL, NULL, NULL),
	(552, 72, 97, 52, NULL, 'GUI', 'LTM 1160 5.2', 120.00, 160.00, 215.00, 1, 800.00, 'H', 1.6667, 0.0267, '2018-07-16 16:18:05', 'Ton', 'Ton', 'CV', NULL, NULL, NULL),
	(553, 83, 58, 53, NULL, 'ONB', 'SVELTO U', 8000.00, 54.00, 218.00, 1, 300.00, 'Km', 6.0000, 0.0720, '2018-07-17 13:40:59', 'Kg', 'Passageiro', 'CV', NULL, NULL, NULL),
	(554, 26, 40, 38, NULL, 'CAB', 'CRM 6X4', 23000.00, 15.00, 275.00, 1, 275.00, 'Km', 2.7000, 0.0500, '2018-07-18 10:50:38', 'Kg', 'm³', 'CV', NULL, NULL, NULL),
	(555, 26, 85, 68, NULL, 'CCT', '26.280 CRM 6X4', 23000.00, 15760.00, 260.00, 1, 275.00, 'Km', 3.0000, 0.0750, '2018-07-23 07:51:04', 'Kg', 'Kg', 'CV', NULL, NULL, NULL),
	(556, 30, 82, 71, NULL, 'CPC', 'L 2318 6X4', 23000.00, 15.81, 184.00, 1, 200.00, 'Km', 3.0000, 0.0750, '2018-07-23 08:25:12', 'Kg', 'Ton', 'CV', NULL, NULL, NULL),
	(557, 46, 56, 51, NULL, 'ESC', '210 GLC', 20000.00, 1.40, 172.00, 1, 300.00, 'H', 0.4167, 0.0067, '2018-07-24 14:07:57', 'Kg', 'm³', 'HP', NULL, NULL, NULL),
	(558, 30, 45, 38, NULL, 'CAB', '2423 K', 23000.00, 15.00, 286.00, 1, 300.00, 'Km', 2.8000, 0.0336, '2018-07-24 14:27:16', 'Kg', 'm³', 'CV', NULL, NULL, NULL),
	(559, 29, 38, 36, 84, 'PAC', '924H', NULL, NULL, NULL, 0, 300.00, 'H', 0.3750, 0.0060, '2018-07-24 14:43:58', NULL, NULL, NULL, NULL, NULL, NULL),
	(560, 32, 33, 32, NULL, 'RET', 'H940C', 7157.00, 1.00, 79.00, 1, 159.00, 'H', 0.3313, 0.0053, '2018-07-24 14:49:44', 'Kg', 'm³', 'HP', NULL, NULL, NULL),
	(561, 34, 56, 51, NULL, 'ESC', 'CX220C', 2000.00, 1.40, 172.00, 1, 300.00, 'H', 0.8542, 0.0137, '2018-07-24 14:55:15', 'Kg', 'm³', 'HP', NULL, NULL, NULL),
	(562, 31, 30, 29, NULL, 'AUT', 'FORD KA', 997.00, 4.00, 85.00, 1, 52.00, 'Km', 9.2000, 0.0600, '2018-07-24 15:00:09', 'Kg', 'Passageiro', 'CV', NULL, NULL, NULL),
	(563, 38, 38, 36, NULL, 'PAC', 'L 90 E', 14360.00, 173.00, 124.00, 1, 300.00, 'H', 0.3750, 0.0060, '2018-07-24 15:19:21', 'Kg', '', 'HP', NULL, NULL, NULL),
	(564, 32, 121, 32, NULL, 'RET', 'H940C', 7157.00, 1.00, 79.00, 1, 159.00, 'H', 0.3313, 0.0053, '2018-07-24 15:26:16', 'Kg', 'm³', 'HP', NULL, NULL, NULL),
	(566, 40, 80, 70, NULL, 'TRA', 'TS 6020', 4675.00, 2100.00, 85.00, 1, 300.00, 'H', 0.6250, 0.0100, '2018-07-24 16:12:07', 'Kg', 'Kg', 'CV', NULL, NULL, NULL),
	(567, 40, 80, 70, NULL, 'TRA', 'TM 180 ', 4675.00, 2100.00, 85.00, 1, 300.00, 'H', 0.6250, 0.0100, '2018-07-24 16:12:36', 'Kg', 'Kg', 'CV', NULL, NULL, NULL),
	(568, 46, 80, 70, NULL, 'TRA', '6125 E', 4675.00, 2100.00, 85.00, 1, 200.00, 'H', 0.4167, 0.0067, '2018-07-24 16:30:37', 'Kg', 'Kg', 'CV', NULL, NULL, NULL),
	(569, 31, 48, 44, NULL, 'CBE', 'CARGO 2629 6X4', 23000.00, 8.00, 280.00, 1, 300.00, 'H', 0.3000, 0.0360, '2018-07-25 16:43:48', 'Kg', 'm³', 'CV', NULL, NULL, NULL),
	(570, 30, 58, 53, NULL, 'ONB', 'MPOLO VIAGGIO R', 16000.00, 49.00, 208.00, 1, 300.00, 'Km', 6.0000, 0.0720, '2018-07-27 15:30:39', 'Kg', 'Passageiro', 'CV', NULL, NULL, NULL),
	(571, 31, 41, 39, NULL, 'CCM', 'CARGO 2629 6X4', 14.61, 290.00, 0.00, 1, 800.00, 'H', 1.0000, 1.0000, '2018-07-28 08:04:23', 'Ton', '', '', NULL, NULL, NULL),
	(572, 30, 76, 30, NULL, 'CMU', '1215 C', 14739.00, 10.00, 220.00, 1, 300.00, 'H', 0.3229, 0.0052, '2018-07-28 10:52:57', 'Kg', 'Ton', 'CV', NULL, NULL, NULL),
	(573, 26, 76, 30, NULL, 'CMU', '13.180', 14739.00, 10.00, 220.00, 1, 300.00, 'H', 0.3229, 0.0052, '2018-07-28 10:56:31', 'Kg', 'Ton', 'CV', NULL, NULL, NULL),
	(574, 27, 62, 31, NULL, 'PIC', 'L200 TRITON HPE D', 1935.00, 4.00, 190.00, 1, 75.00, 'Km', 3.5000, 0.0420, '2018-07-30 08:20:16', 'Kg', 'Passageiro', 'CV', NULL, NULL, NULL),
	(576, 44, 104, 52, NULL, 'GUI', 'QY 90', 80.00, 90.00, 360.00, 1, 600.00, 'H', 1.1600, 0.0500, '2018-07-31 12:23:44', 'Ton', 'Ton', 'CV', NULL, NULL, NULL),
	(577, 25, 32, 49, NULL, 'CAM', 'S10 LT FD2', 1813.00, 4.00, 206.00, 1, 80.00, 'Km', 6.4000, 0.0500, '2018-08-01 13:42:42', 'Kg', 'Passageiro', 'CV', NULL, NULL, NULL),
	(579, 38, 31, 30, NULL, 'CMU', 'VM 260 6X2R', 10000.00, 11.52, 260.00, 1, 280.00, 'H', 3.0000, 0.1000, '2018-08-01 16:33:27', 'Kg', 'Ton', 'CV', NULL, NULL, NULL),
	(580, 30, 31, 30, NULL, 'CMU', '2726K 6X4', 13500.00, 16.05, 260.00, 1, 300.00, 'H', 3.5000, 0.1000, '2018-08-01 17:22:45', 'Kg', 'Ton', 'CV', NULL, NULL, NULL),
	(581, 94, 38, 36, NULL, 'PAC', 'FR-120.2', 10500.00, 1.70, 152.00, 1, 160.00, 'H', 12.0000, 6.0000, '2018-08-07 11:17:01', 'Kg', 'm³', 'HP', NULL, NULL, NULL),
	(582, 65, 80, 70, NULL, 'TRA', 'BH 185I', 11200.00, 2300.00, 200.00, 1, 357.00, 'H', 1.5000, 0.0075, '2018-08-11 07:44:20', 'Kg', 'Kgf', 'CV', NULL, NULL, NULL),
	(583, 34, 44, 42, NULL, 'MTN', '885B', 16395.00, 14.00, 150.00, 1, 341.00, 'H', 0.7104, 0.0114, '2018-08-11 10:30:31', 'Kg', 'm³', 'HP', NULL, NULL, NULL),
	(586, 27, 62, 31, NULL, 'PIC', 'L200 TRITON GLX D', 1935.00, 4.00, 180.00, 1, 80.00, 'Km', 0.0050, 0.3130, '2018-08-15 09:41:00', 'Kg', 'Passageiro', 'CV', NULL, NULL, NULL),
	(587, 26, 75, 66, NULL, 'CAC', '9.170 DRC 4X2', 13000.00, 4.14, 165.00, 1, 200.00, 'Km', 6.0000, 0.0720, '2018-08-15 09:55:36', 'Kg', 'Ton', 'CV', NULL, NULL, NULL),
	(589, 26, 75, 66, NULL, 'CAC', '11.180 DRC 4X2', 13000.00, 6.06, 175.00, 1, 200.00, 'Km', 6.0000, 0.0720, '2018-08-15 10:56:58', 'Kg', 'Ton', 'CV', NULL, NULL, NULL),
	(590, 101, 126, 93, NULL, 'TRI', 'LT 3 - 100/4', 783.00, 6.00, 180.00, 1, 114.00, 'H', 7.5000, 0.0675, '2018-08-15 11:21:38', 'Kg', 'kVA', 'CV', NULL, NULL, NULL),
	(591, 99, 127, 64, NULL, 'GER', 'GTA 202 AI VJ', 1435.00, 105.00, 105.00, 1, 150.00, 'H', 24.0000, 0.0026, '2018-08-15 12:17:52', 'KG', 'kVA', '', NULL, NULL, NULL),
	(592, 73, 124, 73, NULL, 'MCO', 'DB460SL', 9500.00, 16500.00, 113.00, 1, 95.00, 'H', 0.3125, 0.0028, '2018-08-16 15:48:24', 'Kg', 'Kg', 'CV', NULL, NULL, NULL),
	(593, 65, 61, 56, NULL, 'TRP', 'BM125i', 11200.00, 2300.00, 200.00, 1, 300.00, 'H', 0.4167, 0.0067, '2018-08-16 16:44:18', 'Kg', 'Kg', 'CV', NULL, NULL, NULL),
	(594, 65, 61, 56, NULL, 'TRP', '1280 R 282', 8250.00, 8.00, 200.00, 1, 300.00, 'H', 0.4167, 0.0067, '2018-08-16 16:47:52', 'Kg', 'Ton', 'CV', NULL, NULL, NULL),
	(595, 31, 82, 71, NULL, 'CPC', '2425', 21000.00, 16.22, 220.00, 1, 300.00, 'Km', 6.2000, 0.0744, '2018-08-16 17:26:47', 'Kg', 'Ton', 'CV', NULL, NULL, NULL),
	(596, 40, 80, 70, NULL, 'TRA', 'TM 7020', 9000.00, 3000.00, 149.00, 1, 270.00, 'H', 0.4167, 0.0067, '2018-08-17 10:11:21', 'Kg', 'Kg', 'CV', NULL, NULL, NULL),
	(598, 30, 58, 53, NULL, 'ONB', 'OF 1722  ', 8000.00, 51.00, 218.00, 1, 150.00, 'Km', 3.8000, 0.0456, '2018-08-23 14:29:23', 'Kg', 'Passageiro', 'CV', NULL, NULL, NULL),
	(599, 31, 52, 47, NULL, 'CPE', 'CARGO 2630', 23000.00, 12.00, 291.00, 1, 480.00, 'Km', 4.0000, 0.0480, '2018-08-28 15:11:09', 'Kg', 'm', 'CV', NULL, NULL, NULL),
	(600, 30, 52, 47, NULL, 'CPE', 'AXOR 3340 6X4', 20000.00, 15.00, 401.00, 1, 500.00, 'Km', 6.0000, 0.0684, '2018-08-28 15:13:47', 'Kg', 'm', 'CV', NULL, NULL, NULL),
	(601, 100, 67, 60, NULL, 'PEH', 'BS400R', 5800.00, 15.00, 75.00, 1, 70.00, 'H', 0.3125, 0.0028, '2018-08-28 15:20:16', 'Kg', 'm', 'CV', NULL, NULL, NULL),
	(602, 39, 58, 53, NULL, 'ONB', 'TORINO GVU', 8000.00, 44.00, 211.00, 1, 300.00, 'Km', 3.8000, 0.0720, '2018-08-29 07:20:55', 'Kg', 'Passageiro', 'CV', NULL, NULL, NULL),
	(603, 103, 58, 53, NULL, 'ONB', 'TURQUESA', 8000.00, 44.00, 170.00, 1, 300.00, 'Km', 3.8000, 0.0720, '2018-08-29 08:16:51', 'Kg', 'Passageiro', 'CV', NULL, NULL, NULL),
	(604, 99, 74, 64, NULL, 'GER', 'CRAMACO G2R', 1030.00, 80.00, 80.00, 1, 100.00, 'H', 24.0000, 0.0026, '2018-08-29 14:23:59', 'Kg', 'KVA', '', NULL, NULL, NULL),
	(605, 44, 128, 52, NULL, 'GUI', '25 K5', 33.00, 25.00, 270.00, 1, 270.00, 'H', 0.0550, 0.0028, '2018-08-29 14:45:08', 'Ton', 'Ton', 'CV', NULL, NULL, NULL),
	(606, 30, 41, 39, NULL, 'CCM', '1720 A', 10000.00, 211.00, 0.00, 1, 220.00, 'H', 0.0667, 0.0008, '2018-08-29 17:51:17', 'Kg', '', '', NULL, NULL, NULL),
	(607, 26, 63, 30, NULL, 'CMU', '31.330 CRC 6X4', 23000.00, 14.59, 330.00, 1, 275.00, 'H', 0.6250, 0.0100, '2018-09-04 14:06:50', 'Kg', 'Ton', 'CV', NULL, NULL, NULL),
	(608, 26, 37, 35, NULL, 'CCC', 'DELIVERY 5.140E', 3000.00, 8.00, 137.00, 1, 80.00, 'Km', 8.0000, 0.0720, '2018-09-05 14:26:27', 'Kg', 'Passageiro', 'CV', NULL, NULL, NULL),
	(609, 30, 37, 35, NULL, 'CCC', 'ACCELO 815', 3.50, 11.00, 156.00, 1, 150.00, 'Km', 7.0000, 0.0840, '2018-09-05 14:33:51', 'Kg', 'Passageiro', 'CV', NULL, NULL, NULL),
	(610, 33, 30, 29, NULL, 'AUT', 'LOGAN AUTH 1.0', 1019.00, 4.00, 82.00, 1, 55.00, 'Km', 14.0000, 0.0725, '2018-09-07 12:57:24', 'Kg', 'Passageiro', 'CV', NULL, NULL, NULL),
	(611, 66, 89, 75, NULL, 'PUL', 'ARS 400', 5000.00, 45.00, 48.00, 1, 70.00, 'H', 0.1988, 0.0020, '2018-09-10 12:45:19', '', 'KN', 'KW', NULL, NULL, NULL),
	(612, 58, 129, 65, NULL, 'COM', 'XAS 420', 3340.00, 900.00, 250.00, 1, 330.00, 'H', 25.0000, 0.2222, '2018-09-12 11:23:25', 'Kg', 'pcm', 'HP', NULL, NULL, NULL),
	(613, 26, 31, 30, NULL, 'CMU', '17.250 E', 3500.00, 4.00, 250.00, 1, 200.00, 'H', 0.0480, 0.0480, '2018-09-12 15:07:21', 'Kg', 'Ton', 'CV', NULL, NULL, NULL),
	(614, 65, 61, 56, NULL, 'TRP', 'BH 174', 10584.00, 10.00, 179.00, 1, 400.00, 'H', 0.4167, 0.0067, '2018-09-13 09:13:10', 'Kg', 'Ton', 'CV', NULL, NULL, NULL),
	(615, 30, 75, 66, NULL, 'CAC', 'L 1318', 7500.00, 3.80, 177.00, 1, 250.00, 'Km', 6.0000, 0.0720, '2018-09-13 14:10:46', 'Kg', 'Ton', 'CV', NULL, NULL, NULL),
	(616, 34, 130, 94, NULL, 'EHR', 'CX 350B', 28000.00, 130.00, 120.00, 1, 440.00, 'H', 0.9531, 0.0153, '2018-09-14 11:22:03', 'Kg', '', '', NULL, NULL, NULL),
	(617, 26, 76, 30, NULL, 'CMU', '17.230 CRM 4X2 4P', 16000.00, 10.00, 225.00, 1, 275.00, 'H', 0.3229, 0.0052, '2018-09-18 15:40:18', 'Kg', 'Ton', 'CV', NULL, NULL, NULL),
	(618, 59, 105, 65, NULL, 'COM', 'PERKINS 6 CILINDROS', 1870.00, 375.00, 114.00, 1, 150.00, 'H', 0.3225, 0.0290, '2018-09-19 12:12:05', '', 'PCM', 'HP', NULL, NULL, NULL),
	(619, 66, 91, 76, NULL, 'FRT', 'FRS 301', 1950.00, 25.00, 25.00, 1, 70.00, 'H', 0.1420, 0.0082, '2018-09-19 13:59:00', 'Kg', 'KN', 'HP', NULL, NULL, NULL),
	(620, 104, 128, 52, NULL, 'GUI', 'MD300', 33.00, 30.00, 215.00, 1, 800.00, 'H', 1.6667, 0.0267, '2018-09-21 14:25:29', 'Ton', 'Ton', 'CV', NULL, NULL, NULL),
	(621, 43, 128, 52, NULL, 'GUI', 'STC 300B', 33.00, 30.00, 285.00, 1, 800.00, 'H', 1.6667, 0.0267, '2018-09-21 14:50:40', 'Ton', 'Ton', 'CV', NULL, NULL, NULL),
	(623, 64, 40, 38, NULL, 'CAB', 'R124', 23000.00, 15.00, 420.00, 1, 300.00, 'Km', 3.0000, 0.0360, '2018-09-24 15:41:23', 'Kg', 'm³', 'CV', NULL, NULL, NULL),
	(625, 105, 135, 64, NULL, 'GER', 'GD 35461-OZ', 1480.00, 300.00, 476.00, 1, 1000.00, 'H', 18.0000, 0.0058, '2018-09-28 10:31:08', 'Kg', 'KVA', 'HP', NULL, NULL, NULL),
	(626, 66, 89, 75, NULL, 'PUL', 'ARS 701', 5000.00, 180.00, 80.00, 1, 180.00, 'H', 22.0000, 0.0680, '2018-09-28 12:35:29', 'Kg', 'kN', '', NULL, NULL, NULL),
	(628, 26, 40, 38, NULL, 'CAB', '31.330 CRC 6X4', 45.00, 16.00, 330.00, 1, 275.00, 'Km', 0.0300, 0.0323, '2018-10-02 09:29:01', 'Ton', 'm³', 'CV', NULL, NULL, NULL),
	(629, 34, 38, 36, NULL, 'PAC', '821E', 21.00, 4.20, 227.00, 1, 288.00, 'H', 0.6250, 0.0100, '2018-10-02 10:41:06', 'Ton', 'm³', 'hp', NULL, NULL, NULL),
	(630, 30, 52, 47, NULL, 'CPE', 'L 2318', 22500.00, 30.00, 184.00, 1, 200.00, 'Km', 3.0000, 0.0750, '2018-10-04 08:08:54', 'Kg', 'm', 'CV', NULL, NULL, NULL),
	(631, 26, 52, 47, NULL, 'CPE', '26280 CRM 6X4', 15370.00, 20.00, 277.00, 1, 275.00, 'Km', 2.8000, 0.0336, '2018-10-04 14:35:05', 'Kg', 'm', 'CV', NULL, NULL, NULL),
	(632, 64, 42, 40, NULL, 'CMP', 'R124 GA6X4NZ', 22000.00, 30.00, 420.00, 1, 600.00, 'Km', 2.5000, 0.0043, '2018-10-04 16:15:15', 'Kg', 'Ton', 'CV', NULL, NULL, NULL),
	(633, 26, 51, 46, NULL, 'CCL', '', 4000.00, 3000.00, 145.00, 1, 200.00, 'H', 8.0000, 12.0000, '2018-10-06 15:46:40', 'Kg', 'Litro', 'CV', NULL, NULL, NULL),
	(634, 26, 52, 47, NULL, 'CPE', '24.220', 35.00, 15.00, 215.00, 1, 275.00, 'Km', 2.8000, 0.0336, '2018-10-11 10:05:42', 'Ton', 'm', 'CV', NULL, NULL, NULL),
	(636, 30, 50, 30, NULL, 'CMU', '2726 6X4', 23000.00, 8.00, 260.00, 1, 250.00, 'H', 3.5000, 0.1000, '2018-10-17 17:35:43', 'Kg', 'Ton', 'CV', NULL, NULL, NULL),
	(637, 26, 66, 95, NULL, 'CPQ', '24.250 CNC 6X2', 23000.00, 15000.00, 330.00, 1, 275.00, 'Km', 0.0300, 0.0320, '2018-10-18 16:46:02', 'Kg', 'Litro', 'CV', NULL, NULL, NULL),
	(638, 31, 41, 39, NULL, 'CCM', 'F4000', 4.41, 4000.00, 120.00, 1, 150.00, 'H', 5.5000, 0.0660, '2018-10-19 13:56:33', 'Ton', 'Litro', 'CV', NULL, NULL, NULL),
	(639, 30, 53, 48, NULL, 'CPI', '', 20000.00, 9000.00, 136.00, 1, 250.00, 'Km', 1.5000, 0.0008, '2018-10-19 17:00:17', 'Kg', 'Litro', 'CV', NULL, NULL, NULL),
	(640, 31, 133, 96, NULL, 'COA', 'F4000', 3580.00, 4000.00, 120.00, 1, 150.00, 'H', 5.5000, 0.0660, '2018-10-22 15:20:59', 'Kg', 'Litro', 'CV', NULL, NULL, NULL),
	(641, 107, 136, 97, NULL, 'IPR', 'TM 240', 9900.00, 20.00, 137.00, 1, 150.00, 'H', 6.0000, 0.0710, '2018-10-26 08:14:26', 'Kg', 'm', 'HP', NULL, NULL, NULL),
	(642, 26, 45, 38, NULL, 'CAB', 'CONSTELATION 26.280 CRM 6X4', 10320.00, 12.00, 275.00, 1, 275.00, 'Km', 9.6000, 0.0086, '2018-10-27 15:31:19', 'kg', '', 'CV', NULL, NULL, NULL),
	(643, 26, 82, 71, NULL, 'CPC', '24.250 CNC 8X2', 16000.00, 23.00, 250.00, 1, 275.00, 'Km', 0.4167, 0.0067, '2018-10-29 13:54:47', 'Kg', 'Ton', 'CV', NULL, NULL, NULL),
	(644, 108, 126, 93, NULL, 'TRI', 'LTN6L', 768.00, 6.00, 8.00, 1, 123.00, 'H', 2.0000, 0.0245, '2018-10-30 16:02:11', 'Kg', '', 'kW', NULL, NULL, NULL),
	(645, 30, 85, 68, NULL, 'CCT', 'AXOR 2831', 23.00, 15000.00, 306.00, 1, 250.00, 'Km', 3.2000, 0.0384, '2018-11-03 09:37:42', 'Kg', 'Kg', 'CV', NULL, NULL, NULL),
	(646, 31, 85, 68, NULL, 'CCT', 'CARGO 2631', 13000.00, 15.00, 303.00, 1, 250.00, 'Km', 4.0000, 0.0480, '2018-11-03 13:19:45', 'Kg', 'Ton', 'CV', NULL, NULL, NULL),
	(648, 109, 38, 36, NULL, 'PAC', 'LW350-HX', 9800.00, 1.70, 130.00, 1, 170.00, 'H', 3.8000, 0.0456, '2018-11-07 09:42:42', 'Kg', 'm³', 'HP', NULL, NULL, NULL),
	(649, 26, 85, 68, NULL, 'CCT', 'CONSTELLATION 31.320', 8500.00, 23000.00, 320.00, 1, 250.00, 'Km', 9.6000, 0.0864, '2018-11-08 09:50:47', 'Kg', 'Kg', 'CV', NULL, NULL, NULL),
	(650, 30, 53, 48, NULL, 'CPI', 'L 1214', 12000.00, 10000.00, 136.00, 1, 150.00, 'Km', 0.4167, 0.0067, '2018-11-10 16:09:40', 'Kg', 'Litro', 'CV', NULL, NULL, NULL),
	(652, 26, 63, 30, NULL, 'CMU', '31.320 CNC 6X4', 13500.00, 45.00, 320.00, 1, 275.00, 'H', 0.2958, 0.0047, '2018-11-12 15:38:21', 'Kg', 'Ton', 'CV', NULL, NULL, NULL),
	(653, 26, 30, 29, NULL, 'AUT', 'GOL ESPECIAL MB', 850.00, 4.00, 76.00, 1, 55.00, 'Km', 7.6364, 0.0038, '2018-11-14 18:40:09', 'Kg', 'Passageiro', 'CV', NULL, NULL, NULL),
	(655, 58, 113, 83, NULL, 'CPD', 'HC 450', 418.00, 150.00, 1.00, 1, 0.01, 'H', 0.0001, 0.0001, '2018-11-16 13:13:04', 'Kg', 'KN', 'HP', NULL, NULL, NULL),
	(656, 90, 68, 91, NULL, 'ROC', 'MW 5000 V', 8000.00, 15.00, 210.00, 1, 200.00, 'H', 3.0000, 0.0002, '2018-11-17 09:25:38', 'Kg', 'm', 'CV', NULL, NULL, NULL),
	(657, 31, 82, 71, NULL, 'CPC', 'CARGO 5032 E', 18000.00, 14.00, 319.00, 1, 300.00, 'Km', 4.0000, 0.0480, '2018-11-20 20:20:47', 'Kg', 'Ton', 'CV', NULL, NULL, NULL),
	(658, 50, 96, 52, NULL, 'GUI', 'QY 70V', 45.00, 70.00, 361.00, 1, 300.00, 'H', 0.6250, 0.0100, '2018-11-21 05:50:57', 'Ton', 'Ton', 'CV', NULL, NULL, NULL),
	(659, 72, 139, 52, NULL, 'GUI', 'LTM 1100 4.1', 48.00, 100.00, 460.00, 1, 300.00, 'H', 0.6250, 0.0100, '2018-11-21 08:47:38', 'Ton', 'Ton', 'CV', NULL, NULL, NULL),
	(660, 26, 41, 39, NULL, 'CCM', '13.180 CNM', 14000.00, 4000.00, 220.00, 1, 275.00, 'H', 8.0000, 0.0720, '2018-11-21 10:38:02', 'Kg', 'Litro', 'CV', NULL, NULL, NULL),
	(662, 34, 125, 32, NULL, 'RET', '580 N', 10000.00, 1.00, 79.00, 1, 159.00, 'H', 0.3313, 0.0005, '2018-11-22 07:33:47', 'Kg', 'm³', 'HP', NULL, NULL, NULL),
	(663, 26, 37, 35, NULL, 'CCC', '10.160 DRC 4X2', 13000.00, 9.00, 160.00, 1, 275.00, 'Km', 7.5000, 0.0675, '2018-11-22 11:53:07', 'Kg', 'Passageiro', 'CV', NULL, NULL, NULL),
	(664, 65, 80, 70, NULL, 'TRA', 'BH 180', 7500.00, 8.50, 189.00, 1, 357.00, 'H', 15.0000, 0.0075, '2018-11-22 13:45:30', 'Kg', 'Ton', 'CV', NULL, NULL, NULL),
	(666, 65, 80, 70, NULL, 'TRA', 'BH 180', 10584.00, 7.00, 163.00, 1, 357.00, 'H', 400.0000, 0.4167, '2018-11-24 14:34:54', 'Ton', 'Ton', 'CV', NULL, NULL, NULL),
	(667, 46, 80, 70, NULL, 'TRA', '6415', 6000.00, 7.00, 106.00, 1, 154.00, 'H', 200.0000, 0.4167, '2018-11-28 10:26:47', '', 'Ton', 'CV', NULL, NULL, NULL),
	(668, 60, 84, 65, NULL, 'COM', 'CP4OOQ', 1800.00, 400.00, 109.00, 1, 150.00, 'H', 0.3125, 0.0028, '2018-11-28 12:40:11', 'Kg', 'PCM', 'HP', NULL, NULL, NULL),
	(670, 33, 30, 29, NULL, 'AUT', 'RENAUT SANDERO STEX 1.6 M', 1011.00, 4.00, 118.00, 1, 50.00, 'Km', 13.0000, 0.0080, '2018-11-28 13:26:05', 'Kg', 'Passageiro', 'CV', NULL, NULL, NULL),
	(671, 40, 33, 32, NULL, 'RET', 'B90B', 7200.00, 1.10, 94.00, 1, 135.00, 'H', 1.3500, 0.0080, '2018-11-28 15:42:47', 'Kg', 'm³', 'HP', NULL, NULL, NULL),
	(672, 64, 52, 47, NULL, 'CPE', 'R124 6X4 360', 27700.00, 10.00, 360.00, 1, 300.00, 'Km', 1.6071, 0.0008, '2018-11-28 17:18:10', 'Kg', 'm', 'CV', NULL, NULL, NULL),
	(673, 64, 47, 77, NULL, 'CBA', '420 B8X4', 23000.00, 16.00, 420.00, 1, 350.00, 'Km', 3.0000, 0.0360, '2018-11-29 16:12:37', 'Kg', 'm³', 'CV', NULL, NULL, NULL),
	(675, 30, 58, 53, NULL, 'ONB', 'MPOLO IDEALE R', 8000.00, 40.00, 177.00, 1, 380.00, 'Km', 6.0000, 0.0720, '2018-12-01 10:29:10', 'Kg', 'Passageiro', 'CV', NULL, NULL, NULL),
	(676, 26, 140, 30, NULL, 'CMU', '31.320 CNC 6X4', 13500.00, 62.00, 320.00, 1, 275.00, 'H', 0.2958, 0.0047, '2018-12-04 14:51:29', 'kG', 'Ton', 'CV', NULL, NULL, NULL),
	(677, 43, 65, 52, NULL, 'GUI', 'STC 800', 45.00, 80.00, 380.00, 1, 260.00, 'H', 1.6667, 0.0267, '2018-12-04 15:15:46', 'Ton', 'Ton', 'CV', NULL, NULL, NULL),
	(678, 30, 54, 50, NULL, 'CME', 'AXOR 2644S', 2200.00, 30.00, 440.00, 1, 300.00, 'Km', 3.2000, 0.0384, '2018-12-06 15:26:17', 'Kg', 'Ton', 'CV', NULL, NULL, NULL),
	(679, 31, 138, 98, NULL, 'CMT', 'F-4000 TRV MULTI', 6800.00, 9.00, 150.00, 1, 140.00, 'Km', 6.0000, 0.0720, '2018-06-18 11:28:12', 'Kg', 'Passageiro', 'CV', NULL, NULL, NULL),
	(680, 26, 82, 71, NULL, 'CPC', '12.140T', 16000.00, 16.00, 135.00, 1, 250.00, 'Km', 0.4167, 0.0067, '2018-12-19 18:04:33', 'kg', 'Ton', 'CV', NULL, NULL, NULL),
	(681, 26, 30, 29, NULL, 'AUT', 'VIRTUS CL AD', 1192.00, 4.00, 128.00, 1, 52.00, 'Km', 14.6000, 5.0000, '2018-12-26 13:50:07', 'Kg', 'Passageiro', 'CV', NULL, NULL, NULL),
	(682, 26, 35, 34, NULL, 'VEU', 'OROCH 20 DYN42AT', 1346.00, 0.65, 148.00, 1, 50.00, 'Km', 11.2000, 5.0000, '2018-12-26 16:20:53', 'Kg', 'Ton', 'CV', NULL, NULL, NULL),
	(683, 30, 82, 71, NULL, 'CPC', '2831 AXOR 6X4', 8934.00, 11.80, 305.00, 1, 300.00, 'Km', 11.5000, 10.0000, '2018-12-27 07:19:23', '', '', 'CV', NULL, NULL, NULL),
	(684, 29, 77, 67, NULL, 'TPE', 'D4 MOD. 3304', 22.23, 2.90, 80.00, 1, 200.00, 'H', 0.4170, 0.0070, '2018-12-27 09:09:01', '', 'm³', 'HP', NULL, NULL, NULL),
	(685, 26, 66, 95, NULL, 'CPQ', '26260 CNM 6X4', 23000.00, 15000.00, 260.00, 1, 275.00, 'Km', 0.0300, 0.0320, '2018-12-28 12:57:58', 'Kg', 'Litro', 'CV', NULL, NULL, NULL),
	(686, 26, 37, 50, NULL, 'CME', '19320 CLC TT', 18000.00, 45.00, 320.00, 1, 600.00, 'Km', 2.5000, 0.0300, '2018-12-28 13:32:01', 'Kg', 'Ton', 'CV', NULL, NULL, NULL),
	(687, 31, 119, 90, NULL, 'SUV', 'ECOSPORT  SE AT 1.5', 1227.00, 5.00, 130.00, 1, 52.00, 'Km', 11.6000, 0.0720, '2018-12-28 13:54:43', 'Kg', 'Passageiro', 'CV', NULL, NULL, NULL),
	(688, 26, 82, 71, NULL, 'CPC', '26.280 CRM 6X4', 15000.00, 15.00, 275.00, 1, 250.00, 'Km', 0.4167, 0.0067, '2018-12-29 13:12:39', 'Kg', 'Ton', 'CV', NULL, NULL, NULL),
	(689, 30, 58, 53, NULL, 'ONB', 'CIFERAL CITMAX', 80000.00, 42.00, 177.00, 1, 300.00, 'Km', 3.8000, 0.0720, '2018-12-29 13:31:25', 'Kg', 'Passageiro', 'CV', NULL, NULL, NULL),
	(690, 29, 60, 55, NULL, 'TRE', 'D5E', 9110.00, 2.90, 96.00, 1, 250.00, 'H', 10.0000, 5.0000, '2019-01-05 17:13:02', 'Kg', 'm³', 'HP', NULL, NULL, NULL),
	(691, 110, 141, 40, NULL, 'CMP', 'TGX 29.440 6X4', 64.00, 14.00, 440.00, 1, 430.00, 'Km', NULL, NULL, '2019-01-14 14:17:45', 'Ton', 'Ton', 'CV', NULL, NULL, NULL),
	(692, 111, 74, 64, NULL, 'GER', 'C65 D6 4 81 KVA', 1547.00, 81.00, 67.00, 1, 200.00, 'H', NULL, NULL, '2019-01-18 16:18:18', 'Kg', 'Kva', 'Kw', NULL, NULL, NULL),
	(693, 26, 41, 39, NULL, 'CCM', '26280 CRM 6X4', 23000.00, 8000.00, 275.00, 1, 275.00, 'H', NULL, NULL, '2019-01-21 10:34:53', 'Kg', 'Litro', 'CV', NULL, NULL, NULL),
	(694, 26, 37, 35, NULL, 'CCC', '15.180 EURO 3 WORKER', 10000.00, 12.00, 173.00, 1, 275.00, 'Km', NULL, NULL, '2019-01-21 12:23:33', 'Kg', 'Passageiro', 'CV', NULL, NULL, NULL),
	(695, 111, 142, 64, NULL, 'GER', 'C65 DC 4 81 KVA', 1554.00, 81.00, 65.00, 1, 200.00, 'H', NULL, NULL, '2019-01-21 15:40:56', 'Kg', 'Kva', 'Kw', NULL, NULL, NULL),
	(696, 26, 31, 30, NULL, 'CMU', '31.320 CNC 6X4', 13500.00, 20.00, 320.00, 1, 275.00, 'H', NULL, NULL, '2019-01-24 13:27:54', 'Kg', 'Ton.m', 'CV', NULL, NULL, NULL),
	(697, 26, 37, 35, NULL, 'CCC', '13.190 WORKER', 13200.00, 6.00, 186.00, 1, 275.00, 'Km', NULL, NULL, '2019-01-25 09:51:35', 'Kg', 'Passageiro', 'CV', NULL, NULL, NULL),
	(698, 31, 63, 30, NULL, 'CMU', 'CARGO 2622 E', 23000.00, 45.00, 220.00, 1, 300.00, 'H', NULL, NULL, '2019-01-25 10:25:25', 'Kg', 'Ton.m', 'CV', NULL, NULL, NULL),
	(699, 46, 80, 70, NULL, 'TRA', '6110E', 4675.00, 2250.00, 110.00, 1, 240.00, 'H', NULL, NULL, '2019-01-25 11:18:48', 'Kg', 'Kg', 'CV', NULL, NULL, NULL),
	(700, 49, 80, 70, NULL, 'TRA', 'MF650', 8250.00, 8000.00, 130.00, 1, 150.00, 'H', NULL, NULL, '2019-01-25 14:53:08', 'Kg', 'Kg', 'CV', NULL, NULL, NULL),
	(701, 30, 81, 78, NULL, 'CBT', '1313', 21650.00, 15.00, 145.00, 1, 210.00, 'Km', NULL, NULL, '2019-01-28 08:47:25', 'Kg', 'm³', 'CV', NULL, NULL, NULL),
	(702, 31, 45, 38, NULL, 'CAB', 'CARGO 2626', 23000.00, 3.80, 256.00, 1, 250.00, 'Km', NULL, NULL, '2019-01-30 13:40:08', 'Ton', 'm³', 'CV', NULL, NULL, NULL),
	(703, 31, 53, 48, NULL, 'CPI', 'CARGO 1317 E', 12500.00, 7.30, 13.00, 1, 300.00, 'Km', NULL, NULL, '2019-01-31 06:13:56', 'Ton', 'Litro', 'HP', NULL, NULL, NULL),
	(704, 30, 53, 48, NULL, 'CPI', '1718', 12000.00, 11.03, 16.00, 1, 300.00, 'Km', NULL, NULL, '2019-01-31 08:45:07', 'Kg', 'Litro', 'Kw', NULL, NULL, NULL),
	(705, 31, 39, 37, NULL, 'AMB', 'F250 XLT', 3500.00, 3.00, 203.00, 1, 110.00, 'Km', NULL, NULL, '2019-01-31 13:11:44', 'Kg', 'Passageiro', 'CV', NULL, NULL, NULL),
	(706, 112, 119, 90, NULL, 'SUV', 'RENEGADE', 1393.00, 4.00, 139.00, 1, 60.00, 'Km', 11.6000, 0.0720, '2019-02-01 16:33:19', 'Kg', 'Passageiro', 'CV', NULL, NULL, NULL),
	(707, 38, 50, 30, NULL, 'CMU', 'VM 260 6X2R', 13500.00, 32.50, 260.00, 1, 280.00, 'H', NULL, NULL, '2019-02-04 10:07:32', 'Kg', 'Ton.m', 'CV', NULL, NULL, NULL),
	(708, 31, 50, 30, NULL, 'CMU', 'CARGO 2622 E', 23000.00, 40.00, 220.00, 1, 275.00, 'H', NULL, NULL, '2019-02-04 13:12:10', 'Kg', 'Ton.m', 'CV', NULL, NULL, NULL),
	(709, 28, 30, 29, NULL, 'AUT', 'ETIOS', 988.00, 4.00, 85.00, 1, 45.00, 'Km', NULL, NULL, '2019-02-04 14:19:53', 'Kg', 'Passageiro', 'CV', NULL, NULL, NULL),
	(710, 31, 50, 30, NULL, 'CMU', '2629 6X4', 23000.00, 40.00, 290.00, 1, 280.00, 'H', NULL, NULL, '2019-02-06 12:16:11', 'Kg', 'Ton.m', 'CV', NULL, NULL, NULL),
	(711, 38, 82, 71, NULL, 'CPC', 'FM 420 6X4 R', 40000.00, 18000.00, 420.00, 1, 250.00, 'Km', NULL, NULL, '2019-02-09 10:16:31', 'Ton', 'Ton', 'CV', NULL, NULL, NULL),
	(712, 86, 56, 51, NULL, 'ESC', 'CDM6235', 21800.00, 1.10, 150.00, 1, 380.00, 'H', NULL, NULL, '2019-02-09 11:49:57', 'Ton', 'm³', 'HP', NULL, NULL, NULL),
	(713, 66, 145, 101, NULL, 'GHD', 'AMB-213', 500.00, 15.00, 11.00, 1, 10.00, 'H', NULL, NULL, '2019-02-22 15:42:24', 'Kg', 'kN', 'HP', NULL, NULL, NULL),
	(714, 113, 61, 56, NULL, 'TRP', 'BX 6150', 4650.00, 33000.00, 150.00, 1, 300.00, 'H', NULL, NULL, '2019-02-26 16:36:28', 'Kg', 'Kgf.m', 'CV', NULL, NULL, NULL),
	(715, 74, 61, 56, NULL, 'TRP', '985 S', 7000.00, 8500.00, 150.00, 1, 150.00, 'H', NULL, NULL, '2019-02-27 10:22:56', 'Kg', 'Kgf.m', 'CV', NULL, NULL, NULL),
	(716, 65, 80, 70, NULL, 'TRA', 'A950', 5280.00, 3860.00, 80.00, 1, 357.00, 'H', NULL, NULL, '2019-03-18 13:56:10', 'Kg', 'Kg', 'CV', NULL, NULL, NULL),
	(717, 32, 38, 36, NULL, 'PAC', 'HL740-9S', 11550.00, 2.10, 150.00, 1, 230.00, 'H', NULL, NULL, '2019-03-25 16:19:26', 'Kg', 'm³', 'HP', NULL, NULL, NULL),
	(718, 26, 50, 30, NULL, 'CMU', '24.280 CRM 6X2', 35.00, 40.00, 275.00, 1, 275.00, 'H', NULL, NULL, '2019-03-28 15:41:14', 'Ton', 'Ton.m', 'CV', NULL, NULL, NULL),
	(719, 114, 146, 103, NULL, 'TRF', '2864', 14588.00, 853.00, 260.00, 1, 500.00, 'H', NULL, NULL, '2019-04-03 16:06:33', 'Kg', 'Cm', 'HP', NULL, NULL, NULL),
	(720, 31, 78, 45, NULL, 'CCA', 'CARGO 2423', 23.00, 16.00, 230.00, 1, 275.00, 'Km', NULL, NULL, '2019-04-04 13:45:25', 'Ton', 'Ton', 'CV', NULL, NULL, NULL),
	(721, 26, 39, 37, NULL, 'AMB', 'AMAROK CS 4X4', 1825.00, 3.00, 140.00, 1, 80.00, 'Km', NULL, NULL, '2019-04-04 14:50:26', 'Kg', 'Passageiro', 'CV', NULL, NULL, NULL),
	(722, 33, 119, 90, NULL, 'SUV', 'CAPTUR 1.6 ZEN CVT', 1286.00, 5.00, 120.00, 1, 50.00, 'Km', NULL, NULL, '2019-04-15 11:37:34', 'Kg', 'Passageiro', 'HP', NULL, NULL, NULL),
	(723, 33, 119, 90, NULL, 'SUV', 'CAPTUR ZEN 16A', 1286.00, 5.00, 120.00, 1, 50.00, 'Km', NULL, NULL, '2019-04-15 11:42:09', 'Kg', 'Passageiro', 'CV', NULL, NULL, NULL),
	(724, 26, 42, 40, NULL, 'CMP', '25.370 CLM T6X2', 27.00, 60.00, 367.00, 1, 380.00, 'Km', NULL, NULL, '2019-04-16 09:05:15', 'Ton', 'Ton', 'CV', NULL, NULL, NULL),
	(727, 38, 42, 40, NULL, 'CMP', 'FH 440', 21000.00, 36000.00, 440.00, 1, 720.00, 'Km', NULL, NULL, '2019-04-16 14:28:44', 'Kg', 'Kg', 'CV', NULL, NULL, NULL),
	(728, 40, 33, 32, NULL, 'RET', 'B95B', 7445.00, 0.88, 97.00, 1, 163.00, 'H', NULL, NULL, '2019-04-17 08:43:44', 'Kg', 'm³', 'HP', NULL, NULL, NULL),
	(729, 44, 56, 51, NULL, 'ESC', 'EX215', 21450.00, 1.00, 142.00, 1, 360.00, 'H', NULL, NULL, '2019-04-18 12:48:30', 'Kg', 'm³', 'HP', NULL, NULL, NULL),
	(731, 33, 119, 90, NULL, 'SUV', 'DUSTER 2.0', 1302.00, 4.00, 148.00, 1, 50.00, 'Km', NULL, NULL, '2019-04-24 16:42:06', 'Kg', 'Passageiro', 'CV', NULL, NULL, NULL),
	(732, 26, 30, 29, NULL, 'AUT', 'GOL 1.0', 901.00, 4.00, 84.00, 1, 55.00, 'Km', NULL, NULL, '2019-04-25 14:35:35', 'Kg', 'Passageiro', 'CV', NULL, NULL, NULL),
	(733, 34, 44, 42, NULL, 'MTN', '845B', 15070.00, 14.00, 150.00, 1, 341.00, 'H', NULL, NULL, '2019-05-04 09:31:32', 'Kg', 'm³', 'HP', NULL, NULL, NULL),
	(734, 58, 84, 65, NULL, 'COM', 'XATS 360', 1870.00, 900.00, 250.00, 1, 330.00, 'H', NULL, NULL, '2019-05-09 09:59:08', 'Kg', 'pcm', 'CV', NULL, NULL, NULL),
	(735, 30, 45, 38, NULL, 'CAB', 'L 1620', 15460.00, 12.00, 230.00, 1, 210.00, 'Km', NULL, NULL, '2019-05-09 10:44:48', 'Kg', 'm³', 'CV', NULL, NULL, NULL),
	(736, 38, 41, 39, NULL, 'CCM', 'WORKER 17180 EURO 3', 14000.00, 5000.00, 173.00, 1, 275.00, 'H', 8.0000, 0.0720, '2018-06-18 11:28:12', 'Kg', 'Litro', 'CV', NULL, NULL, NULL),
	(737, 29, 56, 51, NULL, 'ESC', '312D2L', 13900.00, 1.40, 94.00, 1, 220.00, 'H', NULL, NULL, '2019-05-09 16:39:50', 'Kg', 'm³', 'HP', NULL, NULL, NULL),
	(738, 115, 44, 42, NULL, 'MTN', '130M', 12000.00, 1.40, 160.00, 1, 180.00, 'H', NULL, NULL, '2019-05-10 10:02:43', 'Kg', 'm³', 'HP', NULL, NULL, NULL),
	(739, 60, 105, 65, NULL, 'COM', 'CP200Q', 1800.00, 200.00, 109.00, 1, 120.00, 'H', NULL, NULL, '2019-05-10 16:23:56', 'Kg', 'pcm', 'CV', NULL, NULL, NULL),
	(740, 31, 66, 95, NULL, 'CPQ', 'CARGO 2628E', 23000.00, 15000.00, 260.00, 1, 280.00, 'Km', NULL, NULL, '2019-05-13 13:02:20', 'Kg', 'Litro', 'CV', NULL, NULL, NULL),
	(741, 33, 30, 29, NULL, 'AUT', 'SANDERO EXPR.16', 1161.00, 4.00, 106.00, 1, 50.00, 'Km', NULL, NULL, '2019-05-13 14:04:56', 'Kg', 'Passageiro', 'CV', NULL, NULL, NULL),
	(742, 107, 136, 97, NULL, 'IPR', 'TM 200', 10602.00, 20.00, 73.00, 1, 140.00, 'H', NULL, NULL, '2019-05-14 14:17:09', 'Kg', 'm', 'HP', NULL, NULL, NULL),
	(743, 31, 85, 68, NULL, 'CCT', 'CARGO 4532 E', 42000.00, 42000.00, 275.00, 1, 300.00, 'Km', NULL, NULL, '2019-05-15 11:22:45', 'Kg', 'Kg', 'CV', NULL, NULL, NULL),
	(744, 26, 75, 66, NULL, 'CAC', '17.220 EURO3 WORKER', 5120.00, 9490.00, 218.00, 1, 275.00, 'Km', NULL, NULL, '2019-05-15 14:31:18', 'Kg', 'Kg', 'CV', NULL, NULL, NULL),
	(745, 26, 41, 39, NULL, 'CCM', '15.220 CNM', 10190.00, 5000.00, 180.00, 1, 275.00, 'H', NULL, NULL, '2019-05-15 15:51:40', 'Ton', 'Litro', 'CV', NULL, NULL, NULL),
	(746, 26, 41, 39, NULL, 'CCM', '15.180 CNM', 10190.00, 5000.00, 180.00, 1, 275.00, 'H', NULL, NULL, '2019-05-15 15:54:53', 'Kg', 'Litro', 'CV', NULL, NULL, NULL),
	(747, 68, 119, 31, NULL, 'PIC', 'NISSAN FRONTIER XE X4', 193500.00, 400.00, 190.00, 1, 80.00, 'Km', NULL, NULL, '2019-05-17 09:20:53', 'Kg', 'Passageiro', 'CV', NULL, NULL, NULL),
	(748, 66, 144, 100, NULL, 'FTS', 'FR620', 7500.00, 140.00, 50.00, 1, 70.00, 'H', NULL, NULL, '2019-05-17 12:57:20', 'Kg', 'KN', 'HP', NULL, NULL, NULL),
	(749, 66, 91, 88, NULL, 'FRW', 'FR 301 6 CABOS', 2300.00, 40.00, 33.00, 1, 50.00, 'H', NULL, NULL, '2019-05-17 13:38:16', 'Kg', 'KN', 'HP', NULL, NULL, NULL),
	(750, 66, 90, 87, NULL, 'PLW', 'ARS 400', 980.00, 35.00, 35.00, 1, 50.00, 'H', NULL, NULL, '2019-05-17 14:00:58', 'Kg', 'KN', 'HP', NULL, NULL, NULL),
	(753, 26, 78, 66, NULL, 'CAC', '24.220 EURO WORK', 17500.00, 16.50, 270.00, 1, 280.00, 'Km', NULL, NULL, '2019-06-07 16:01:29', 'Kg', 'Ton', 'CV', NULL, NULL, NULL),
	(754, 36, 35, 34, NULL, 'VEU', 'STRADA HD WK CC E', 810.00, 2.00, 75.00, 1, 54.00, 'Km', NULL, NULL, '2019-06-07 16:28:46', 'Kg', 'Passageiro', 'CV', NULL, NULL, NULL),
	(755, 30, 53, 48, NULL, 'CPI', 'ATRON 1319', 12000.00, 9000.00, 136.00, 1, 250.00, 'Km', NULL, NULL, '2019-06-07 16:48:49', 'Kg', 'Litro', 'CV', NULL, NULL, NULL),
	(756, 38, 69, 62, NULL, 'CPP', 'VM 260 6X4R', 23000.00, 18000.00, 290.00, 1, 270.00, 'Km', NULL, NULL, '2019-06-07 16:54:38', 'Kg', 'Litro', 'CV', NULL, NULL, NULL),
	(757, 60, 129, 65, NULL, 'COM', 'CP900Q', 3340.00, 900.00, 250.00, 1, 330.00, 'H', NULL, NULL, '2019-06-07 19:01:47', 'Kg', 'pcm', 'HP', NULL, NULL, NULL),
	(759, 26, 50, 30, NULL, 'CMU', '24.250 CNC 6X2', 13500.00, 35.00, 275.00, 1, 275.00, 'H', NULL, NULL, '2019-06-13 08:41:30', 'Kg', 'Ton.m', 'CV', NULL, NULL, NULL),
	(760, 45, 56, 51, NULL, 'ESC', 'JS200', 21500.00, 1.40, 129.00, 1, 343.00, 'H', NULL, NULL, '2019-06-13 10:57:45', 'Kg', 'm³', 'Kw', NULL, NULL, NULL),
	(761, 38, 82, 71, NULL, 'CPC', 'VM 260 6X2R', 23000.00, 15.00, 290.00, 1, 280.00, 'Km', NULL, NULL, '2019-06-13 12:44:12', 'Kg', 'Ton', 'CV', NULL, NULL, NULL),
	(762, 30, 58, 53, NULL, 'ONB', 'MPOLO IDEALE R', 14000.00, 44.00, 177.00, 1, 300.00, 'Km', NULL, NULL, '2019-06-14 12:30:34', 'Kg', 'Passageiro', 'CV', NULL, NULL, NULL),
	(763, 30, 58, 53, NULL, 'ONB', 'MPOLO SEN MIDI ON', 8000.00, 48.00, 177.00, 1, 300.00, 'Km', NULL, NULL, '2019-06-14 12:43:58', 'Kg', 'Passageiro', 'HP', NULL, NULL, NULL),
	(764, 26, 30, 29, NULL, 'AUT', 'GOL 1.6L MB5', 1036.00, 4.00, 104.00, 1, 55.00, 'Km', NULL, NULL, '2019-06-14 16:24:13', 'Kg', 'Passageiro', 'CV', NULL, NULL, NULL),
	(765, 31, 37, 35, NULL, 'CCC', 'CARGO 2626', 12.30, 23.00, 256.00, 1, 275.00, 'Km', NULL, NULL, '2019-06-15 15:38:07', 'Ton', 'Passageiro', 'CV', NULL, NULL, NULL),
	(766, 38, 141, 40, NULL, 'CMP', 'FH 400 6X2T', 12000.00, 24.00, 260.00, 1, 600.00, 'Km', NULL, NULL, '2019-06-18 12:56:07', 'Kg', 'Ton', 'HP', NULL, NULL, NULL),
	(767, 26, 48, 44, NULL, 'CBE', '26.260 E', 23000.00, 8.00, 260.00, 1, 275.00, 'H', NULL, NULL, '2019-06-18 14:30:24', 'Kg', 'm³', 'CV', NULL, NULL, NULL),
	(768, 31, 41, 96, NULL, 'COA', 'CARGO 712', 8000.00, 3500.00, 150.00, 1, 150.00, 'H', NULL, NULL, '2019-06-20 11:26:52', 'Kg', 'Litro', 'CV', NULL, NULL, NULL),
	(769, 26, 85, 68, NULL, 'CCT', 'CAMINHãO CARROCERIA', 23000.00, 15.37, 260.00, 1, 275.00, 'Km', NULL, NULL, '2019-06-21 16:53:00', 'Kg', 'Ton', 'CV', NULL, NULL, NULL),
	(773, 26, 82, 71, NULL, 'CPC', '31.320 CNC 6X4', 17000.00, 14.54, 320.00, 1, 275.00, 'Km', NULL, NULL, '2019-06-26 10:41:44', 'Kg', 'Ton', 'CV', NULL, NULL, NULL),
	(774, 30, 42, 40, NULL, 'CMP', 'AXOR 3344 S 6X4', 23000.00, 30.00, 428.00, 1, 500.00, 'Km', NULL, NULL, '2019-06-27 11:22:48', 'Kg', 'Ton', 'CV', NULL, NULL, NULL),
	(775, 38, 50, 30, NULL, 'CMU', '310 6X4R', 8700.00, 27000.00, 270.00, 1, 280.00, 'H', NULL, NULL, '2019-06-27 16:15:44', 'Kg', 'Ton.m', 'CV', NULL, NULL, NULL),
	(776, 116, 146, 103, NULL, 'TRF', 'S650 N', 3777.00, 3.30, 74.30, 1, 103.00, 'H', NULL, NULL, '2019-06-28 10:43:09', 'Kg', 'Cm', 'HP', NULL, NULL, NULL),
	(777, 83, 58, 53, NULL, 'ONB', 'CAMPIONE', 17000.00, 49.00, 21800.00, 1, 350.00, 'Km', NULL, NULL, '2019-06-29 09:27:14', 'Kg', 'Passageiro', 'CV', NULL, NULL, NULL),
	(778, 25, 30, 29, NULL, 'AUT', 'MONTANA LS', 70.00, 100.00, 99.00, 1, 56.00, 'Km', NULL, NULL, '2019-07-04 13:27:50', 'Ton', 'Passageiro', 'CV', NULL, NULL, NULL),
	(779, 26, 52, 47, NULL, 'CPE', '31.260 6X4', 7670.00, 25.00, 256.00, 1, 275.00, 'Km', NULL, NULL, '2019-07-09 16:24:16', 'Kg', 'm', 'CV', NULL, NULL, NULL),
	(780, 107, 136, 97, NULL, 'IPR', 'CD 27', 9900.00, 25.00, 229.60, 1, 120.00, 'H', NULL, NULL, '2019-07-09 17:00:14', 'Kg', 'm', 'CV', NULL, NULL, NULL),
	(781, 39, 58, 53, NULL, 'ONB', 'VOLARE V 8 L 4X4 EO', 7850.00, 23.00, 152.00, 1, 150.00, 'Km', NULL, NULL, '2019-07-10 11:54:39', 'Kg', 'Passageiro', 'CV', NULL, NULL, NULL),
	(782, 36, 32, 49, NULL, 'CAM', 'TORO ENDURANCE AT', 1619.00, 4.00, 135.00, 1, 70.00, 'Km', NULL, NULL, '2019-07-13 09:47:09', 'Kg', 'Passageiro', 'CV', NULL, NULL, NULL),
	(783, 30, 37, 35, NULL, 'CCC', 'L 1218M', 9000.00, 11.00, 170.00, 1, 150.00, 'Km', NULL, NULL, '2019-07-13 10:09:40', 'Kg', 'Passageiro', 'CV', NULL, NULL, NULL),
	(784, 26, 37, 35, NULL, 'CCC', 'WORKER 8.150', 8150.00, 13.00, 145.00, 1, 150.00, 'Km', NULL, NULL, '2019-07-13 10:47:16', 'Kg', 'Passageiro', 'CV', NULL, NULL, NULL),
	(785, 26, 58, 53, NULL, 'ONB', 'COMIL VERSATILE I', 4.90, 44.00, 206.00, 1, 275.00, 'Km', NULL, NULL, '2019-07-13 11:01:17', 'Ton', 'Passageiro', 'CV', NULL, NULL, NULL),
	(786, 26, 58, 53, NULL, 'ONB', 'COMIL CAMPIONE R', 4900.00, 48.00, 106.00, 1, 275.00, 'Km', NULL, NULL, '2019-07-13 11:23:19', 'Kg', 'Passageiro', 'CV', NULL, NULL, NULL),
	(787, 26, 31, 30, NULL, 'CMU', '15.180 EURO3 WORKER', 14500.00, 9.89, 173.00, 1, 275.00, 'H', NULL, NULL, '2019-07-13 11:38:47', 'Kg', 'Ton.m', 'CV', NULL, NULL, NULL),
	(788, 31, 37, 35, NULL, 'CCC', 'F-4000', 7850.00, 11.00, 135.00, 1, 140.00, 'Km', NULL, NULL, '2019-07-15 11:13:26', 'Kg', 'Passageiro', 'CV', NULL, NULL, NULL),
	(789, 31, 37, 35, NULL, 'CCC', 'CAMINHÃO CARROCERIA CABINADO', 10510.00, 12.00, 189.00, 1, 150.00, 'Km', NULL, NULL, '2019-07-15 15:26:12', 'Kg', 'Passageiro', 'CV', NULL, NULL, NULL),
	(790, 31, 37, 35, NULL, 'CCC', 'CARGO 1119', 10510.00, 12.00, 189.00, 1, 150.00, 'Km', NULL, NULL, '2019-07-15 15:30:47', 'Kg', 'Passageiro', 'CV', NULL, NULL, NULL),
	(791, 26, 63, 30, NULL, 'CMU', '26.260 CNM 6X4', 42000.00, 15.13, 260.00, 1, 275.00, 'H', NULL, NULL, '2019-07-15 15:39:41', 'Kg', 'Ton.m', 'CV', NULL, NULL, NULL),
	(792, 30, 82, 71, NULL, 'CPC', '2423 K', 26500.00, 24.00, 231.00, 1, 210.00, 'Km', NULL, NULL, '2019-07-15 16:13:57', 'Kg', 'Ton', 'CV', NULL, NULL, NULL),
	(793, 31, 63, 30, NULL, 'CMU', 'CARGO 2428 E', 23000.00, 23.00, 275.00, 1, 275.00, 'H', NULL, NULL, '2019-07-15 17:07:10', 'Kg', 'Ton.m', 'CV', NULL, NULL, NULL),
	(794, 32, 56, 51, NULL, 'ESC', 'ROBEX 220 LC-9', 22250.00, 1.20, 116.00, 1, 400.00, 'H', NULL, NULL, '2019-07-17 17:45:04', 'Ton', 'm³', 'Kw', NULL, NULL, NULL),
	(795, 26, 75, 66, NULL, 'CAC', '13.180', 13000.00, 6.75, 180.00, 1, 275.00, 'Km', NULL, NULL, '2019-07-18 10:50:49', 'Kg', 'Ton', 'CV', NULL, NULL, NULL),
	(796, 38, 75, 66, NULL, 'CAC', 'VM 260 6X4R', 24000.00, 24000.00, 260.00, 1, 280.00, 'Km', NULL, NULL, '2019-07-18 11:36:46', 'Ton', 'Kg', 'CV', NULL, NULL, NULL),
	(797, 31, 45, 38, NULL, 'CAB', 'CARGO 2622 E', 15360.00, 12.00, 220.00, 1, 275.00, 'Km', NULL, NULL, '2019-07-18 14:15:50', 'Ton', 'm³', 'CV', NULL, NULL, NULL),
	(798, 30, 41, 39, NULL, 'CCM', 'L 1318', 16000.00, 5000.00, 177.00, 1, 250.00, 'H', NULL, NULL, '2019-07-24 11:27:21', 'Kg', 'Litro', 'CV', NULL, NULL, NULL),
	(799, 31, 141, 40, NULL, 'CMP', 'CARGO 5032 E', 18000.00, 14000.00, 319.00, 1, 300.00, 'Km', NULL, NULL, '2019-07-24 14:59:51', 'Ton', 'Ton', 'CV', NULL, NULL, NULL),
	(800, 41, 48, 44, NULL, 'CBE', 'EUROCARGO 260E25N', 23000.00, 8.00, 250.00, 1, 285.00, 'H', NULL, NULL, '2019-07-24 15:23:50', 'Ton', 'm³', 'CV', NULL, NULL, NULL),
	(801, 43, 96, 52, NULL, 'GUI', 'STC 75', 46.00, 75.00, 220.00, 1, 300.00, 'H', NULL, NULL, '2019-07-26 14:24:43', 'Ton', 'Ton', 'CV', NULL, NULL, NULL),
	(802, 99, 142, 64, NULL, 'GER', 'WEG GTA', 1030.00, 81.00, 81.00, 1, 300.00, 'H', NULL, NULL, '2019-07-29 19:26:45', 'Kg', 'Kva', 'Kw', NULL, NULL, NULL),
	(803, 117, 38, 36, NULL, 'PAC', 'CLG816C', 5470.00, 1.00, 55.00, 1, 95.00, 'H', NULL, NULL, '2019-08-02 16:10:15', 'Kg', 'm³', 'Kw', NULL, NULL, NULL),
	(804, 43, 96, 52, NULL, 'GUI', 'STC 800', 46.00, 80.00, 380.00, 1, 275.00, 'H', NULL, NULL, '2019-08-03 10:52:51', 'Ton', 'Ton', 'CV', NULL, NULL, NULL),
	(805, 107, 67, 60, NULL, 'PEH', 'SD400', 5600.00, 15.00, 132.00, 1, 200.00, 'H', NULL, NULL, '2019-08-03 11:57:19', 'Kg', 'm', 'CV', NULL, NULL, NULL),
	(806, 26, 37, 35, NULL, 'CCC', '8.120 EURO3', 4500.00, 10.00, 115.00, 1, 150.00, 'Km', NULL, NULL, '2019-08-05 16:19:18', 'Kg', 'Passageiro', 'CV', NULL, NULL, NULL),
	(807, 30, 37, 35, NULL, 'CCC', '709', 4500.00, 380.00, 11500.00, 1, 150.00, 'Km', NULL, NULL, '2019-08-06 08:44:58', 'Kg', 'Passageiro', 'CV', NULL, NULL, NULL),
	(809, 26, 50, 30, NULL, 'CMU', 'VW 26.260 E', 15000.00, 35.00, 260.00, 1, 275.00, 'H', NULL, NULL, '2019-08-06 16:32:36', 'Kg', 'Ton.m', 'HP', NULL, NULL, NULL),
	(810, 26, 50, 30, NULL, 'CMU', '26.260 CNM 6X4', 15000.00, 35.00, 260.00, 1, 275.00, 'H', NULL, NULL, '2019-08-06 17:29:22', 'Ton', 'Ton.m', 'HP', NULL, NULL, NULL),
	(811, 58, 129, 65, NULL, 'COM', 'XAVS 800', 3500.00, 800.00, 250.00, 1, 340.00, 'H', NULL, NULL, '2019-08-06 18:05:09', 'Kg', 'pcm', 'CV', NULL, NULL, NULL),
	(812, 118, 68, 91, NULL, 'ROC', 'MW 5000 E', 5000.00, 15.00, 210.00, 1, 200.00, 'H', NULL, NULL, '2019-08-07 15:29:54', 'Kg', 'm', 'CV', NULL, NULL, NULL),
	(813, 31, 48, 44, NULL, 'CBE', 'CARGO 2626', 12300.00, 380.00, 256.00, 1, 275.00, 'H', NULL, NULL, '2019-08-19 09:52:41', 'Ton', 'm³', 'CV', NULL, NULL, NULL),
	(814, 39, 43, 41, NULL, 'MIO', 'VOLARE V 8 L 4X4 EO', 7850.00, 23.00, 152.00, 1, 150.00, 'Km', NULL, NULL, '2019-08-19 16:05:21', 'Ton', 'Passageiro', 'HP', NULL, NULL, NULL),
	(815, 30, 66, 95, NULL, 'CPQ', 'LA 1418', 13500.00, 15000.00, 184.00, 1, 275.00, 'Km', NULL, NULL, '2019-08-20 11:24:10', 'Ton', 'Litro', 'CV', NULL, NULL, NULL),
	(816, 26, 46, 38, NULL, 'CAB', '31.260 CNM', 42000.00, 15.00, 260.00, 1, 275.00, 'Km', NULL, NULL, '2019-08-20 16:46:55', 'Kg', 'm³', 'CV', NULL, NULL, NULL),
	(817, 27, 62, 31, NULL, 'PIC', 'L200 TRITON SPT GL', 1935.00, 4.00, 190.00, 1, 80.00, 'Km', NULL, NULL, '2019-08-21 10:18:21', 'Kg', 'Passageiro', 'HP', NULL, NULL, NULL),
	(818, 31, 75, 66, NULL, 'CAC', 'CARGO 1517 E', 16000.00, 13000.00, 170.00, 1, 275.00, 'Km', NULL, NULL, '2019-08-21 11:31:07', 'Kg', 'Ton', 'CV', NULL, NULL, NULL),
	(819, 26, 37, 35, NULL, 'CCC', 'DELIVERY 9.150 E', 11000.00, 180.00, 150.00, 1, 150.00, 'Km', NULL, NULL, '2019-08-21 16:43:57', 'Ton', 'Passageiro', 'CV', NULL, NULL, NULL),
	(820, 26, 53, 48, NULL, 'CPI', '13.190 WORKER', 13000.00, 10000.00, 186.00, 1, 275.00, 'Km', NULL, NULL, '2019-08-23 11:19:46', 'Kg', 'Litro', 'HP', NULL, NULL, NULL),
	(821, 26, 82, 71, NULL, 'CPC', '31.260 E', 17000.00, 15.24, 260.00, 1, 275.00, 'Km', NULL, NULL, '2019-08-23 16:31:34', 'Kg', 'Ton', 'CV', NULL, NULL, NULL),
	(822, 30, 41, 39, NULL, 'CCM', 'ATEGO 1725 4X4', 10000.00, 6000.00, 245.00, 1, 275.00, 'H', NULL, NULL, '2019-08-24 10:48:25', 'Ton', 'Litro', 'CV', NULL, NULL, NULL),
	(823, 41, 37, 35, NULL, 'CCC', 'EUROCARGO 170 E22', 10920.00, 10.00, 210.00, 1, 300.00, 'Km', NULL, NULL, '2019-08-26 11:04:42', 'Ton', 'Passageiro', 'CV', NULL, NULL, NULL),
	(824, 26, 63, 30, NULL, 'CMU', '24.280 CRM 6X2', 35.00, 45.00, 275.00, 1, 275.00, 'H', NULL, NULL, '2019-08-27 15:09:38', 'Ton', 'Ton.m', 'CV', NULL, NULL, NULL),
	(825, 26, 52, 47, NULL, 'CPE', '16 170 BT', 22500.00, 25.00, 161.00, 1, 300.00, 'Km', NULL, NULL, '2019-08-27 16:14:31', 'Kg', 'm', 'CV', NULL, NULL, NULL),
	(826, 60, 105, 65, NULL, 'COM', 'CP300Q', 1800.00, 275.00, 250.00, 1, 330.00, 'H', NULL, NULL, '2019-08-30 13:23:53', 'Kg', 'pcm', 'CV', NULL, NULL, NULL),
	(827, 30, 41, 39, NULL, 'CCM', '2726 6X4', 16000.00, 9000.00, 290.00, 1, 300.00, 'H', NULL, NULL, '2019-08-30 18:34:27', 'Kg', 'Litro', 'CV', NULL, NULL, NULL),
	(828, 119, 136, 97, NULL, 'IPR', 'MG 20', 9900.00, 20.00, 230.00, 1, 300.00, 'H', NULL, NULL, '2019-09-02 11:08:27', 'Kg', 'm', 'CV', NULL, NULL, NULL),
	(829, 29, 130, 94, NULL, 'EHR', '320 D', 24000.00, 1.40, 172.00, 1, 345.00, 'H', NULL, NULL, '2019-09-04 14:54:58', 'Kg', 'Impactos/Min', 'HP', NULL, NULL, NULL),
	(830, 41, 69, 62, NULL, 'CPP', 'TECTOR 260 E28', 23000.00, 20000.00, 280.00, 1, 400.00, 'Km', NULL, NULL, '2019-09-05 10:15:44', 'Kg', 'Litro', 'CV', NULL, NULL, NULL),
	(831, 33, 119, 90, NULL, 'SUV', 'DUSTER EXP 1.6 SCE', 1286.00, 5.00, 120.00, 1, 50.00, 'Km', NULL, NULL, '2019-09-10 16:58:56', 'Kg', 'Passageiro', 'CV', NULL, NULL, NULL),
	(832, 34, 56, 51, NULL, 'ESC', 'CX 130C', 13878.00, 0.62, 95.00, 1, 260.00, 'H', NULL, NULL, '2019-09-11 15:35:48', 'Kg', 'm³', 'HP', NULL, NULL, NULL),
	(833, 26, 37, 35, NULL, 'CCC', '8.160 DRC 4X2', 7500.00, 10.00, 160.00, 1, 150.00, 'Km', NULL, NULL, '2019-09-12 08:06:34', 'Kg', 'Passageiro', 'CV', NULL, NULL, NULL),
	(834, 31, 37, 35, NULL, 'CCC', 'CARGO 815 E', 4500.00, 16.00, 150.00, 1, 150.00, 'Km', NULL, NULL, '2019-09-13 08:57:56', 'Kg', 'Passageiro', 'CV', NULL, NULL, NULL),
	(835, 26, 48, 44, NULL, 'CBE', '26.280 CRM 6X4', 23000.00, 8.00, 277.00, 1, 275.00, 'H', NULL, NULL, '2019-09-13 14:47:57', 'Kg', 'm³', 'CV', NULL, NULL, NULL),
	(836, 26, 53, 48, NULL, 'CPI', '13.180 E', 20000.00, 10000.00, 173.00, 1, 300.00, 'Km', NULL, NULL, '2019-09-14 10:48:26', 'Kg', 'Litro', 'CV', NULL, NULL, NULL),
	(837, 38, 78, 45, NULL, 'CCA', 'VM 240 6X2R', 23000.00, 8.50, 240.00, 1, 300.00, 'Km', NULL, NULL, '2019-09-14 11:38:27', 'Kg', 'Ton', 'CV', NULL, NULL, NULL),
	(838, 120, 60, 55, NULL, 'TRE', 'SD 13U', 13700.00, 2.90, 180.00, 1, 200.00, 'H', NULL, NULL, '2019-09-17 16:52:25', 'Kg', 'm³', 'HP', NULL, NULL, NULL),
	(839, 30, 58, 53, NULL, 'ONB', 'MPOLO AUDACE R', 8000.00, 50.00, 208.00, 1, 300.00, 'Km', NULL, NULL, '2019-09-19 17:46:20', 'Kg', 'Passageiro', 'CV', NULL, NULL, NULL),
	(840, 30, 63, 30, NULL, 'CMU', '2726K 6X4', 35000.00, 8.00, 260.00, 1, 275.00, 'H', NULL, NULL, '2019-09-19 18:19:55', 'Kg', 'Ton.m', 'CV', NULL, NULL, NULL),
	(841, 29, 56, 51, NULL, 'ESC', '312D2L', 13700.00, 1.40, 94.00, 1, 270.00, 'H', NULL, NULL, '2019-09-20 12:13:35', 'Kg', 'm³', 'HP', NULL, NULL, NULL),
	(842, 30, 63, 30, NULL, 'CMU', 'AXOR 2540 S', 4560.00, 43.00, 401.00, 1, 500.00, 'H', NULL, NULL, '2019-09-20 16:01:12', 'Kg', 'Ton.m', 'CV', NULL, NULL, NULL),
	(843, 30, 58, 53, NULL, 'ONB', 'MPOLO TORINO GVU', 8000.00, 43.00, 170.00, 1, 300.00, 'Km', NULL, NULL, '2019-09-20 16:31:27', 'Kg', 'Passageiro', 'CV', NULL, NULL, NULL),
	(844, 26, 42, 40, NULL, 'CMP', '26.420 CTC 6X4', 63000.00, 26500.00, 420.00, 1, 400.00, 'Km', NULL, NULL, '2019-09-21 06:54:14', 'Ton', 'Kg', 'CV', NULL, NULL, NULL),
	(845, 30, 75, 66, NULL, 'CAC', 'L 1218 R', 7500.00, 3.80, 170.00, 1, 250.00, 'Km', NULL, NULL, '2019-09-21 11:42:02', 'Kg', 'Kg', 'CV', NULL, NULL, NULL),
	(846, 30, 75, 66, NULL, 'CAC', 'L 1218R', 7500.00, 22500.00, 170.00, 1, 250.00, 'Km', NULL, NULL, '2019-09-21 14:23:57', 'Kg', 'Ton', 'CV', NULL, NULL, NULL),
	(847, 30, 58, 53, NULL, 'ONB', 'OF 1418 NEOBUS SPEC', 14000.00, 36.00, 177.00, 1, 300.00, 'Km', NULL, NULL, '2019-09-21 16:41:27', 'Kg', 'Passageiro', 'CV', NULL, NULL, NULL),
	(848, 29, 60, 55, NULL, 'TRE', 'D5M XL', 11700.00, 2.70, 180.00, 1, 220.00, 'H', NULL, NULL, '2019-09-24 08:29:26', 'Kg', 'm³', 'HP', NULL, NULL, NULL),
	(849, 26, 37, 35, NULL, 'CCC', '13.180', 11700.00, 23.00, 180.00, 1, 275.00, 'Km', NULL, NULL, '2019-09-24 14:28:07', 'Kg', 'Passageiro', 'CV', NULL, NULL, NULL),
	(850, 30, 58, 53, NULL, 'ONB', 'OF 1315', 8000.00, 42.00, 136.00, 1, 300.00, 'Km', NULL, NULL, '2019-09-26 11:04:46', 'Kg', 'Passageiro', 'CV', NULL, NULL, NULL),
	(851, 28, 34, 104, NULL, 'CAA', 'BANDEIRANTE', 1980.00, 5.00, 96.00, 1, 70.00, 'H', NULL, NULL, '2019-10-01 11:55:49', 'Kg', 'Passageiro', 'CV', NULL, NULL, NULL),
	(852, 34, 38, 36, NULL, 'PAC', '521D', 9799.00, 1.91, 118.00, 1, 300.00, 'H', NULL, NULL, '2019-10-01 14:35:16', 'Kg', 'm³', 'HP', NULL, NULL, NULL),
	(853, 30, 37, 35, NULL, 'CCC', '1214', 11700.00, 10.00, 136.00, 1, 300.00, 'Km', NULL, NULL, '2019-10-02 11:41:16', 'Kg', 'Passageiro', 'CV', NULL, NULL, NULL),
	(854, 31, 75, 66, NULL, 'CAC', 'CARGO 1519 B', 11700.00, 9.33, 189.00, 1, 300.00, 'Km', NULL, NULL, '2019-10-02 12:14:13', 'Kg', 'Ton', 'CV', NULL, NULL, NULL),
	(855, 121, 68, 91, NULL, 'ROC', 'CR10', 3370.00, 25.00, 44.00, 1, 50.00, 'H', NULL, NULL, '2019-10-02 13:36:54', 'Kg', 'm', 'HP', NULL, NULL, NULL),
	(856, 121, 68, 91, NULL, 'ROC', 'CR14', 4250.00, 25.00, 65.00, 1, 50.00, 'H', NULL, NULL, '2019-10-02 13:47:38', 'Kg', 'm', 'HP', NULL, NULL, NULL),
	(857, 30, 40, 38, NULL, 'CAB', 'AXOR 2831K 6X4', 23000.00, 16.00, 305.00, 1, 300.00, 'Km', NULL, NULL, '2019-10-03 11:40:40', 'Kg', 'm³', 'CV', NULL, NULL, NULL),
	(858, 42, 60, 55, NULL, 'TRE', 'D51 EX 22', 14000.00, 2.90, 130.00, 1, 300.00, 'H', NULL, NULL, '2019-10-03 14:45:08', 'Kg', 'm³', 'HP', NULL, NULL, NULL),
	(859, 46, 61, 56, NULL, 'TRP', '5090 E', 4000.00, 4900.00, 90.00, 1, 150.00, 'H', NULL, NULL, '2019-10-08 06:26:32', 'Kg', 'Kgf.m', 'CV', NULL, NULL, NULL),
	(860, 49, 61, 56, NULL, 'TRP', 'MF4709', 5225.00, 3000.00, 99.00, 1, 200.00, 'H', NULL, NULL, '2019-10-08 09:59:24', 'Kg', 'Kgf.m', 'CV', NULL, NULL, NULL),
	(861, 26, 85, 68, NULL, 'CCT', '26.280 CRM 6X4', 10000.00, 15460.00, 277.00, 1, 275.00, 'Km', NULL, NULL, '2019-10-08 18:36:17', 'Ton', 'Ton', 'CV', NULL, NULL, NULL),
	(862, 30, 66, 95, NULL, 'CPQ', 'ATRON 2729 K 6X4', 23000.00, 15000.00, 286.00, 1, 300.00, 'Km', NULL, NULL, '2019-10-09 11:21:13', 'Kg', 'Litro', 'CV', NULL, NULL, NULL),
	(864, 26, 40, 38, NULL, 'CAB', '31.320 CNC 6X4', 45000.00, 16.00, 320.00, 1, 300.00, 'Km', NULL, NULL, '2019-10-15 10:29:51', 'Kg', 'm³', 'CV', NULL, NULL, NULL),
	(865, 26, 52, 47, NULL, 'CPE', '13.190 CRM 4X2', 15000.00, 15.00, 173.00, 1, 300.00, 'Km', NULL, NULL, '2019-10-15 13:35:24', 'Ton', 'm', 'CV', NULL, NULL, NULL),
	(866, 26, 53, 48, NULL, 'CPI', '17.180 EURO 3 WORKER', 10800.00, 10000.00, 173.00, 1, 275.00, 'Km', NULL, NULL, '2019-10-16 11:13:54', 'Ton', 'Litro', 'CV', NULL, NULL, NULL),
	(867, 32, 56, 51, NULL, 'ESC', 'ROBEX R140LC -95', 14210.00, 1.40, 94.00, 1, 300.00, 'H', NULL, NULL, '2019-10-16 11:17:32', 'Kg', 'm³', 'Kw', NULL, NULL, NULL),
	(868, 112, 150, 105, NULL, 'SVV', 'COMPASS', 1541.00, 5.00, 120.00, 1, 60.00, 'Km', NULL, NULL, '2019-10-16 12:19:25', 'Kg', 'Passageiro', 'HP', NULL, NULL, NULL),
	(869, 65, 61, 56, NULL, 'TRP', 'BH 185I', 5500.00, 7000.00, 173.00, 1, 360.00, 'H', NULL, NULL, '2019-10-17 10:55:46', 'Kg', 'Kgf.m', 'CV', NULL, NULL, NULL),
	(870, 31, 62, 31, NULL, 'PIC', 'RANGER XLSCD4 A22C', 3200.00, 5.00, 160.00, 1, 80.00, 'Km', NULL, NULL, '2019-10-17 11:34:26', 'Kg', 'Passageiro', 'CV', NULL, NULL, NULL),
	(871, 65, 61, 56, NULL, 'TRP', 'BH 180', 5500.00, 8000.00, 180.00, 1, 400.00, 'H', NULL, NULL, '2019-10-17 15:04:13', 'Kg', 'Kgf.m', 'CV', NULL, NULL, NULL),
	(872, 31, 78, 45, NULL, 'CCA', 'CARGO 1317', 13000.00, 12.30, 170.00, 1, 300.00, 'Km', NULL, NULL, '2019-10-17 20:50:07', 'Kg', 'Ton', 'CV', NULL, NULL, NULL),
	(873, 58, 105, 65, NULL, 'COM', 'XAS 136 295', 1590.00, 295.00, 56.60, 1, 150.00, 'H', NULL, NULL, '2019-10-19 08:56:49', 'Kg', 'pcm', 'CV', NULL, NULL, NULL),
	(874, 31, 75, 66, NULL, 'CAC', 'CARGO 1617', 13000.00, 11000.00, 160.00, 1, 275.00, 'Km', NULL, NULL, '2019-10-19 09:35:49', 'Kg', 'Ton', 'CV', NULL, NULL, NULL),
	(875, 30, 75, 66, NULL, 'CAC', 'ATRON 1319', 10000.00, 13000.00, 185.00, 1, 300.00, 'Km', NULL, NULL, '2019-10-19 09:47:12', 'Ton', 'Kg', 'CV', NULL, NULL, NULL),
	(876, 38, 82, 71, NULL, 'CPC', 'VM 330 6X4R', 21000.00, 29.00, 330.00, 1, 300.00, 'Km', NULL, NULL, '2019-10-22 08:34:43', 'Ton', 'Ton', 'CV', NULL, NULL, NULL),
	(878, 31, 78, 45, NULL, 'CCA', 'CARGO 2429', 7500.00, 14000.00, 290.00, 1, 300.00, 'Km', NULL, NULL, '2019-10-22 11:48:12', 'Kg', 'Kg', 'CV', NULL, NULL, NULL),
	(879, 30, 78, 45, NULL, 'CCA', 'ATRON 2324', 12000.00, 15000.00, 238.00, 1, 300.00, 'Km', NULL, NULL, '2019-10-22 12:07:49', 'Kg', 'Kg', 'CV', NULL, NULL, NULL),
	(880, 74, 61, 56, NULL, 'TRP', '980', 7000.00, 8500.00, 120.00, 1, 280.00, 'H', NULL, NULL, '2019-10-22 12:10:57', 'Kg', 'Ton', 'HP', NULL, NULL, NULL),
	(881, 26, 82, 71, NULL, 'CPC', '24.250 CNC 6X2', 24000.00, 16460.00, 277.00, 1, 275.00, 'Km', NULL, NULL, '2019-10-22 14:08:47', 'Kg', 'Kg', 'CV', NULL, NULL, NULL),
	(882, 49, 61, 56, NULL, 'TRP', 'MF4275/4', 4125.00, 210.00, 75.00, 1, 95.00, 'H', NULL, NULL, '2019-10-23 10:44:50', 'Kg', 'Kgf.m', 'CV', NULL, NULL, NULL),
	(883, 30, 37, 35, NULL, 'CCC', 'LA 1418', 13500.00, 25.00, 184.00, 1, 275.00, 'Km', NULL, NULL, '2019-10-24 10:34:34', 'Kg', 'Passageiro', 'CV', NULL, NULL, NULL),
	(884, 31, 37, 35, NULL, 'CCC', 'CARGO 1717 E', 32000.00, 23.00, 170.00, 1, 275.00, 'Km', NULL, NULL, '2019-10-24 14:04:33', 'Kg', 'Passageiro', 'CV', NULL, NULL, NULL),
	(886, 49, 61, 56, NULL, 'TRP', '680', 9373.00, 8500.00, 180.00, 1, 300.00, 'H', NULL, NULL, '2019-10-26 10:27:28', 'Kg', 'Kgf.m', 'CV', NULL, NULL, NULL),
	(887, 65, 61, 56, NULL, 'TRP', '1880 S', 5500.00, 8000.00, 180.00, 1, 350.00, 'H', NULL, NULL, '2019-10-30 12:07:56', 'Kg', 'Kgf.m', 'CV', NULL, NULL, NULL),
	(888, 26, 78, 45, NULL, 'CCA', '25.320', 44770.00, 56000.00, 400.00, 1, 500.00, 'Km', NULL, NULL, '2019-10-30 18:18:19', 'Kg', 'Ton', 'CV', NULL, NULL, NULL),
	(889, 26, 43, 34, NULL, 'VEU', 'KOMBI', 12590.00, 12.00, 80.00, 1, 50.00, 'Km', NULL, NULL, '2019-11-04 13:50:48', 'Kg', 'Passageiro', 'CV', NULL, NULL, NULL),
	(890, 65, 61, 56, NULL, 'TRP', 'A750', 4500.00, 4290.00, 78.00, 1, 79.00, 'H', NULL, NULL, '2019-11-04 18:01:43', 'Kg', 'Kgf.m', 'CV', NULL, NULL, NULL),
	(891, 40, 61, 56, NULL, 'TRP', '7630 TR D POWER', 6600.00, 4800.00, 110.00, 1, 170.00, 'H', NULL, NULL, '2019-11-06 13:17:15', 'Kg', 'Kgf.m', 'CV', NULL, NULL, NULL),
	(892, 41, 63, 30, NULL, 'CMU', 'TECTOR 240 E22', 13500.00, 45.00, 250.00, 1, 400.00, 'H', NULL, NULL, '2019-11-06 19:05:12', 'Kg', 'Ton.m', 'CV', NULL, NULL, NULL),
	(894, 44, 96, 52, NULL, 'GUI', 'QY 70K I', 46.00, 70.00, 370.00, 1, 350.00, 'H', NULL, NULL, '2019-11-11 09:28:51', 'Ton', 'Ton', 'CV', NULL, NULL, NULL),
	(895, 43, 57, 52, NULL, 'GUI', 'STC  600', 44.00, 60.00, 340.00, 1, 275.00, 'H', NULL, NULL, '2019-11-12 10:57:23', 'Ton', 'Kg', 'CV', NULL, NULL, NULL),
	(896, 122, 146, 106, NULL, 'TFL', 'TS22', 14500.00, 850.00, 260.00, 1, 100.00, 'H', NULL, NULL, '2019-11-19 12:01:14', 'Kg', 'Cm', 'HP', NULL, NULL, NULL),
	(897, 34, 38, 36, NULL, 'PAC', '721E', 14156.00, 4.20, 195.00, 1, 246.00, 'H', NULL, NULL, '2019-11-19 14:40:51', 'Kg', 'm³', 'HP', NULL, NULL, NULL),
	(898, 29, 73, 64, NULL, 'GER', 'OLYMPIAN - GEP44-9', 2000.00, 15000.00, 54.00, 1, 219.00, 'H', NULL, NULL, '2019-11-20 16:53:56', 'Kg', 'Kva', 'HP', NULL, NULL, NULL),
	(899, 123, 71, 64, NULL, 'GER', 'BFDE 22', 88.00, 15000.00, 22.00, 0, 25.00, 'H', NULL, NULL, '2019-11-20 16:56:25', 'Kg', 'Kva', 'CV', NULL, NULL, NULL),
	(900, 29, 73, 64, NULL, 'GER', 'OLYMPIAN - GEP 44-9', 2000.00, 50.00, 54.00, 1, 219.00, 'H', NULL, NULL, '2019-11-20 17:00:42', 'Kg', 'Kva', 'HP', NULL, NULL, NULL),
	(901, 26, 85, 68, NULL, 'CCT', 'VW/31.330 CRC 6X4', 8500.00, 23000.00, 330.00, 1, 250.00, 'Km', NULL, NULL, '2019-11-20 17:02:29', 'Kg', 'Kg', 'CV', NULL, NULL, NULL),
	(902, 30, 41, 39, NULL, 'CCM', 'ATEGO 1418', 6700.00, 4500.00, 177.00, 1, 300.00, 'H', NULL, NULL, '2019-11-25 18:37:17', 'Kg', 'Litro', 'CV', NULL, NULL, NULL),
	(903, 38, 50, 30, NULL, 'CMU', 'VM 260 6X4R', 20000.00, 19.46, 260.00, 1, 275.00, 'H', NULL, NULL, '2019-12-03 06:36:31', 'Ton', 'Kgf.m', 'CV', NULL, NULL, NULL),
	(904, 31, 69, 62, NULL, 'CPP', 'CARGO 3132 CN 6X4', 23000.00, 20000.00, 320.00, 1, 300.00, 'Km', NULL, NULL, '2019-12-07 10:16:32', 'Kg', 'Litro', 'CV', NULL, NULL, NULL),
	(905, 30, 37, 35, NULL, 'CCC', 'L  1620', 13.00, 26.00, 211.00, 1, 275.00, 'Km', NULL, NULL, '2020-01-10 08:55:03', 'Ton', 'Passageiro', 'CV', NULL, NULL, NULL),
	(906, 36, 35, 34, NULL, 'VEU', 'STRADA HD WK CD E', 1084.00, 1.00, 88.00, 1, 58.00, 'Km', NULL, NULL, '2020-01-17 16:25:08', 'Kg', 'Passageiro', 'CV', NULL, NULL, NULL),
	(907, 26, 52, 47, NULL, 'CPE', '14.220', 15000.00, 15.00, 215.00, 1, 275.00, 'Km', NULL, NULL, '2020-01-23 16:44:50', 'Ton', 'm', 'CV', NULL, NULL, NULL),
	(908, 66, 153, 107, NULL, 'CLA', 'CONJUNTO DE LANÇAMENTO', 0.00, 0.00, 0.00, 1, 0.00, 'H', NULL, NULL, '2020-01-24 10:30:39', 'Kg', 'm³', 'CV', NULL, NULL, NULL),
	(909, 124, 154, 108, NULL, 'SHD', 'ORION', 1950.00, 65.00, 36.00, 1, 80.00, 'H', NULL, NULL, '2020-01-30 09:53:20', 'Kg', 'Kg', 'CV', NULL, NULL, NULL),
	(910, 30, 58, 53, NULL, 'ONB', 'INDUSCAR APACHE', 8000.00, 45.00, 211.00, 1, 300.00, 'Km', NULL, NULL, '2020-02-03 17:14:37', 'Kg', 'Passageiro', 'CV', NULL, NULL, NULL),
	(911, 26, 54, 50, NULL, 'CME', '25.370 CLM T 6X2', 27.00, 60.00, 367.00, 1, 600.00, 'Km', NULL, NULL, '2020-02-11 13:57:52', 'Ton', 'Ton', 'CV', NULL, NULL, NULL),
	(912, 26, 37, 35, NULL, 'CCC', '15.180', 10000.00, 23.00, 173.00, 1, 275.00, 'Km', NULL, NULL, '2020-02-11 14:03:35', 'Kg', 'Passageiro', 'CV', NULL, NULL, NULL),
	(913, 64, 54, 50, NULL, 'CME', 'T124 420', 27.00, 60.00, 367.00, 1, 600.00, 'Km', NULL, NULL, '2020-02-20 14:43:32', 'Ton', 'Ton', 'CV', NULL, NULL, NULL),
	(914, 38, 54, 50, NULL, 'CME', 'NH 12380', 27.00, 60.00, 367.00, 1, 600.00, 'Km', NULL, NULL, '2020-02-20 15:08:05', 'Ton', 'Ton', 'CV', NULL, NULL, NULL),
	(915, 64, 54, 50, NULL, 'CME', 'T 142 H 4X2', 27.00, 60.00, 367.00, 1, 600.00, 'Km', NULL, NULL, '2020-03-18 09:39:36', 'Ton', 'Ton', 'CV', NULL, NULL, NULL),
	(916, 64, 54, 50, NULL, 'CME', 'R 420 4X2', 27.00, 60.00, 367.00, 1, 600.00, 'Km', NULL, NULL, '2020-03-19 07:39:24', 'Ton', 'Ton', 'CV', NULL, NULL, NULL),
	(917, 112, 150, 90, NULL, 'SUV', 'VEICULO SUV 4X2', 1323.00, 4.00, 139.00, 1, 60.00, 'Km', NULL, NULL, '2020-04-20 11:30:39', 'Kg', 'Passageiro', 'CV', NULL, NULL, NULL),
	(918, 33, 150, 105, NULL, 'SVV', 'CAPTUR INTEN', 139300.00, 400.00, 148.00, 1, 60.00, 'Km', NULL, NULL, '2020-04-27 08:40:18', 'Kg', 'Passageiro', 'CV', NULL, NULL, NULL),
	(919, 30, 54, 50, NULL, 'CME', 'LS 1630', 14000.00, 16.22, 370.00, 1, 600.00, 'Km', NULL, NULL, '2020-04-29 16:42:14', 'Kg', 'Ton', 'CV', NULL, NULL, NULL),
	(920, 31, 39, 37, NULL, 'AMB', 'F-4000', 3500.00, 3.00, 120.00, 1, 110.00, 'Km', NULL, NULL, '2020-05-05 09:27:18', 'Ton', 'Passageiro', 'CV', NULL, NULL, NULL),
	(921, 126, 65, 52, NULL, 'GUI', 'RT540E', 27950.00, 35.00, 119.00, 1, 220.00, 'H', NULL, NULL, '2020-05-13 12:49:09', 'Kg', 'Ton', 'Kw', NULL, NULL, NULL),
	(922, 30, 37, 35, NULL, 'CCC', '915 C', 5.88, 23.00, 152.00, 1, 160.00, 'Km', NULL, NULL, '2020-05-14 10:34:19', 'Ton', 'Passageiro', 'CV', NULL, NULL, NULL),
	(923, 30, 37, 35, NULL, 'CCC', 'ATEGO 1725', 7110.00, 23.00, 245.00, 1, 210.00, 'Km', NULL, NULL, '2020-05-14 11:06:54', 'Kg', 'Passageiro', 'CV', NULL, NULL, NULL),
	(924, 33, 150, 105, NULL, 'SVV', 'DUSTER EXP1.6 SCE', 1394.00, 4.00, 121.00, 1, 60.00, 'Km', NULL, NULL, '2020-05-15 15:50:59', 'Kg', 'Passageiro', 'CV', NULL, NULL, NULL),
	(925, 31, 150, 105, NULL, 'SVV', 'ECOSPORT 1.5', 900.00, 4.00, 137.00, 1, 60.00, 'Km', NULL, NULL, '2020-05-18 16:51:11', 'Kg', 'Passageiro', 'CV', NULL, NULL, NULL),
	(926, 30, 37, 35, NULL, 'CCC', 'VW.8150', 3500.00, 10.00, 150.00, 1, 130.00, 'Km', NULL, NULL, '2020-05-19 18:57:08', 'Ton', 'Passageiro', 'CV', NULL, NULL, NULL),
	(927, 26, 37, 35, NULL, 'CCC', '8.150 E DELIVERY', 3200.00, 10.00, 109.00, 1, 150.00, 'Km', NULL, NULL, '2020-05-19 18:59:44', 'Ton', 'Passageiro', 'CV', NULL, NULL, NULL),
	(928, 30, 37, 35, NULL, 'CCC', 'CABINADO 710', 3100.00, 10.00, 110.00, 1, 129.00, 'Km', NULL, NULL, '2020-05-19 19:10:38', 'Ton', 'Passageiro', 'CV', NULL, NULL, NULL),
	(929, 30, 37, 35, NULL, 'CCC', '710S', 3250.00, 10.00, 110.00, 1, 130.00, 'Km', NULL, NULL, '2020-05-19 19:42:49', 'Ton', 'Passageiro', 'CV', NULL, NULL, NULL),
	(930, 99, 156, 64, NULL, 'GER', '6.10 TCA', 1962.00, 180.00, 144.00, 1, 200.00, 'H', NULL, NULL, '2020-05-20 13:04:54', 'Kg', 'Kva', 'kW', NULL, NULL, NULL),
	(931, 64, 46, 38, NULL, 'CAB', 'P 420 B6X4', 9929.00, 23000.00, 420.00, 1, 250.00, 'Km', NULL, NULL, '2020-05-20 14:30:50', 'Kg', 'm³', 'CV', NULL, NULL, NULL),
	(932, 38, 46, 38, NULL, 'CAB', 'VM 260 6X4R', 23000.00, 35.00, 260.00, 1, 250.00, 'H', NULL, NULL, '2020-05-20 14:50:11', 'Kg', 'm³', 'CV', NULL, NULL, NULL),
	(933, 31, 37, 35, NULL, 'CCC', 'F 12000', 17000.00, 8.00, 162.00, 1, 150.00, 'Km', NULL, NULL, '2020-05-26 18:54:48', 'Kg', 'Passageiro', 'HP', NULL, NULL, NULL),
	(934, 30, 48, 44, NULL, 'CBE', 'ATRON 2729B 6X4', 8000.00, 8.00, 286.00, 1, 350.00, 'H', NULL, NULL, '2020-05-28 11:33:28', 'Ton', 'm³', 'CV', NULL, NULL, NULL),
	(935, 41, 42, 40, NULL, 'CMP', 'STRALISHD 570S38TN', 7370.00, 38.00, 380.00, 1, 600.00, 'Km', NULL, NULL, '2020-05-28 16:21:07', 'Ton', 'Ton', 'CV', NULL, NULL, NULL),
	(936, 30, 37, 35, NULL, 'CCC', '914', 7700.00, 11.00, 136.00, 1, 150.00, 'Km', NULL, NULL, '2020-06-01 17:10:07', 'Kg', 'Passageiro', 'CV', NULL, NULL, NULL),
	(937, 26, 50, 30, NULL, 'CMU', 'VW.31.390', 15000.00, 45000.00, 405.00, 1, 350.00, 'H', NULL, NULL, '2020-06-02 07:58:57', 'Ton', 'Ton.m', 'CV', NULL, NULL, NULL),
	(938, 38, 46, 38, NULL, 'CAB', 'FM12 420 6X4', 23000.00, 15.00, 420.00, 1, 300.00, 'Km', NULL, NULL, '2020-06-02 15:13:20', 'Ton', 'm³', 'CV', NULL, NULL, NULL),
	(939, 26, 53, 48, NULL, 'CPI', '15.180 CNM', 19000.00, 10000.00, 180.00, 1, 275.00, 'Km', NULL, NULL, '2020-06-04 17:47:42', 'Ton', 'Litro', 'CV', NULL, NULL, NULL),
	(940, 26, 45, 38, NULL, 'CAB', '26.260 E', 23000.00, 12000.00, 260.00, 1, 275.00, 'Km', NULL, NULL, '2020-06-05 09:03:31', 'Ton', 'm³', 'CV', NULL, NULL, NULL),
	(942, 30, 141, 40, NULL, 'CMP', 'AXOR 3131 6X4', 23000.00, 14.00, 310.00, 1, 300.00, 'Km', NULL, NULL, '2020-06-08 13:56:56', 'Kg', 'Ton', 'CV', NULL, NULL, NULL),
	(943, 38, 56, 51, NULL, 'ESC', 'EC240', 24900.00, 1.45, 180.00, 1, 350.00, 'H', NULL, NULL, '2020-06-09 14:13:35', 'Kg', 'm³', 'HP', NULL, NULL, NULL),
	(944, 40, 80, 56, NULL, 'TRP', 'TM7040', 9000.00, 3000.00, 180.00, 1, 300.00, 'H', NULL, NULL, '2020-06-09 16:50:25', 'Kg', 'Kg', 'CV', NULL, NULL, NULL),
	(945, 31, 85, 68, NULL, 'CCT', 'CARGO 2425', 16000.00, 22000.00, 250.00, 1, 275.00, 'Km', NULL, NULL, '2020-06-13 11:17:38', 'Kg', 'Ton', 'CV', NULL, NULL, NULL),
	(946, 26, 52, 47, NULL, 'CPE', '26.260 E', 15000.00, 15000.00, 260.00, 1, 275.00, 'Km', NULL, NULL, '2020-06-15 15:20:18', 'Kg', 'm', 'CV', NULL, NULL, NULL),
	(947, 38, 56, 51, NULL, 'ESC', 'EC210', 22800.00, 1.22, 170.00, 1, 300.00, 'H', NULL, NULL, '2020-06-16 08:46:44', 'Kg', 'm³', 'HP', NULL, NULL, NULL),
	(948, 31, 37, 35, NULL, 'CCC', '712', 7700.00, 12.00, 120.00, 1, 150.00, 'Km', NULL, NULL, '2020-06-23 16:30:20', 'Kg', 'Passageiro', 'CV', NULL, NULL, NULL),
	(949, 31, 85, 68, NULL, 'CCT', 'CARGO 2629 6X4', 23000.00, 15000.00, 290.00, 1, 300.00, 'Km', NULL, NULL, '2020-06-24 08:11:33', 'Kg', 'Kg', 'CV', NULL, NULL, NULL),
	(950, 31, 85, 68, NULL, 'CCT', 'CARGO 2622 E', 36.00, 23.00, 220.00, 1, 275.00, 'Km', NULL, NULL, '2020-06-25 13:47:06', 'Ton', 'Ton', 'HP', NULL, NULL, NULL),
	(951, 64, 82, 71, NULL, 'CPC', 'P 360 6X4', 56000.00, 49000.00, 360.00, 1, 400.00, 'Km', NULL, NULL, '2020-06-30 08:19:41', 'Kg', 'Kg', 'CV', NULL, NULL, NULL),
	(952, 26, 85, 68, NULL, 'CCT', '26.260 E', 15000.00, 9.00, 260.00, 1, 275.00, 'Km', NULL, NULL, '2020-06-30 16:11:27', 'Kg', 'Ton', 'CV', NULL, NULL, NULL),
	(953, 26, 30, 29, NULL, 'AUT', 'FOX CONNECT MB', 1100.00, 4.00, 104.00, 1, 55.00, 'Km', NULL, NULL, '2020-07-03 09:23:26', 'Kg', 'Passageiro', 'CV', NULL, NULL, NULL),
	(954, 31, 85, 68, NULL, 'CCT', '3132', 23000.00, 14350.00, 320.00, 1, 275.00, 'Km', NULL, NULL, '2020-07-06 08:46:23', 'Kg', 'Ton', 'CV', NULL, NULL, NULL),
	(955, 36, 30, 29, NULL, 'AUT', 'MOBI LIKE', 1360.00, 5.00, 74.00, 1, 47.00, 'Km', NULL, NULL, '2020-07-07 14:08:15', 'Kg', 'Passageiro', 'CV', NULL, NULL, NULL),
	(956, 33, 39, 37, NULL, 'AMB', 'M NIKS AMBULANCIA', 1.53, 4.00, 130.00, 1, 130.00, 'Km', NULL, NULL, '2020-07-10 09:56:42', 'Ton', 'Passageiro', 'CV', NULL, NULL, NULL),
	(957, 100, 136, 97, NULL, 'IPR', '1200', 9900.00, 20.00, 230.00, 1, 300.00, 'H', NULL, NULL, '2020-07-16 12:52:10', 'Kg', 'm', 'CV', NULL, NULL, NULL),
	(958, 30, 82, 71, NULL, 'CPC', 'AXOR 3131 6X4', 23000.00, 15.00, 310.00, 1, 300.00, 'Km', NULL, NULL, '2020-07-18 09:25:35', 'Kg', 'Ton', 'CV', NULL, NULL, NULL),
	(959, 39, 58, 53, NULL, 'ONB', 'VOLARE W8 0N', 8500.00, 28.00, 150.00, 1, 150.00, 'Km', NULL, NULL, '2020-07-28 10:53:32', 'Kg', 'Passageiro', 'CV', NULL, NULL, NULL),
	(960, 82, 126, 93, NULL, 'TRI', 'TLT - 4000 V7AC', 300.00, 4.00, 4.00, 1, 45.00, 'H', NULL, NULL, '2020-07-29 16:16:29', 'Kg', 'Kva', 'Kw', NULL, NULL, NULL),
	(961, 30, 43, 41, NULL, 'MIO', 'BUSCAR', 9400.00, 28.00, 150.00, 1, 150.00, 'Km', NULL, NULL, '2020-07-31 11:43:30', 'Kg', 'Passageiro', 'CV', NULL, NULL, NULL),
	(962, 30, 85, 68, NULL, 'CCT', '2423 K', 23000.00, 15000.00, 306.00, 1, 250.00, 'Km', NULL, NULL, '2020-08-06 16:19:56', 'Kg', 'Kg', 'CV', NULL, NULL, NULL),
	(963, 39, 58, 53, NULL, 'ONB', 'VOLARE W9 0N', 850000.00, 27.00, 150.00, 1, 150.00, 'Km', NULL, NULL, '2020-08-10 14:00:59', 'Kg', 'Passageiro', 'CV', NULL, NULL, NULL),
	(964, 127, 72, 64, NULL, 'GER', 'KPX-28P', 1600.00, 25.00, 88.00, 1, 150.00, 'H', NULL, NULL, '2020-08-13 14:48:49', 'Kg', 'Kva', 'Kw', NULL, NULL, NULL),
	(965, 29, 60, 55, NULL, 'TRE', 'D6K2', 14000.00, 2.90, 130.00, 1, 250.00, 'H', NULL, NULL, '2020-08-15 13:42:39', 'Kg', 'm³', 'HP', NULL, NULL, NULL),
	(966, 42, 44, 42, NULL, 'MTN', 'GD555-210', 14605.00, 14.00, 173.00, 1, 345.00, 'H', NULL, NULL, '2020-08-19 17:11:14', 'Kg', 'm³', 'CV', NULL, NULL, NULL),
	(967, 30, 52, 47, NULL, 'CPE', 'ATRON 2729 6X4', 23000.00, 44.00, 286.00, 1, 400.00, 'Km', NULL, NULL, '2020-08-27 10:03:26', 'Kg', 'm', 'CV', NULL, NULL, NULL),
	(968, 128, 136, 97, NULL, 'IPR', 'MP 1500', 9900.00, 20.00, 137.00, 1, 280.00, 'H', NULL, NULL, '2020-09-08 13:21:49', 'Kg', 'm', 'HP', NULL, NULL, NULL),
	(969, 26, 52, 47, NULL, 'CPE', 'VW/31.330 CRC 6X4', 850000.00, 2300000.00, 330.00, 1, 280.00, 'Km', NULL, NULL, '2020-09-08 13:34:45', 'Kg', 'm', 'CV', NULL, NULL, NULL),
	(970, 107, 136, 97, NULL, 'IPR', 'TM 300', 9500.00, 20.00, 130.00, 1, 150.00, 'H', NULL, NULL, '2020-09-09 09:44:58', 'Kg', 'm', 'HP', NULL, NULL, NULL),
	(971, 31, 46, 38, NULL, 'CAB', 'CARGO 5032', 2300000.00, 14.00, 319.00, 1, 300.00, 'Km', NULL, NULL, '2020-09-10 10:25:23', 'Kg', 'm³', 'CV', NULL, NULL, NULL),
	(972, 121, 136, 97, NULL, 'IPR', 'CD 27', 9900.00, 20.00, 220.00, 1, 150.00, 'H', NULL, NULL, '2020-09-10 17:09:46', 'Kg', 'm', 'CV', NULL, NULL, NULL),
	(973, 42, 56, 51, NULL, 'ESC', 'PC 160', 17400.00, 0.94, 90.00, 1, 280.00, 'H', NULL, NULL, '2020-09-12 07:35:35', 'Kg', 'm³', 'Kw', NULL, NULL, NULL),
	(974, 26, 37, 35, NULL, 'CCC', '17.250', 5120.00, 13.00, 250.00, 1, 275.00, 'Km', NULL, NULL, '2020-09-12 10:17:05', 'Kg', 'Passageiro', 'CV', NULL, NULL, NULL),
	(975, 128, 136, 97, NULL, 'IPR', 'MWM', 370.00, 20.00, 114.00, 1, 300.00, 'H', NULL, NULL, '2020-09-13 18:05:16', 'Kg', 'm', 'CV', NULL, NULL, NULL),
	(976, 46, 38, 36, NULL, 'PAC', '524K', 12667.00, 2.75, 190.00, 1, 270.00, 'H', NULL, NULL, '2020-09-14 08:00:10', 'Kg', 'm³', 'HP', NULL, NULL, NULL),
	(977, 26, 37, 35, NULL, 'CCC', '17.220', 5120.00, 22.00, 218.00, 1, 275.00, 'Km', NULL, NULL, '2020-09-16 07:39:14', 'Kg', 'Passageiro', 'CV', NULL, NULL, NULL),
	(978, 29, 60, 55, NULL, 'TRE', 'D6K XL', 14000.00, 2.90, 130.00, 1, 350.00, 'H', NULL, NULL, '2020-09-18 11:03:27', 'Kg', 'm³', 'HP', NULL, NULL, NULL),
	(979, 38, 37, 35, NULL, 'CCC', 'VM 210', 13500.00, 23.00, 206.00, 1, 275.00, 'Km', NULL, NULL, '2020-09-23 10:41:56', 'Kg', 'Passageiro', 'CV', NULL, NULL, NULL),
	(980, 27, 62, 31, NULL, 'PIC', 'TRITON SPO OUTDOOR M', 1935.00, 4.00, 190.00, 1, 85.00, 'Km', NULL, NULL, '2020-09-24 14:53:29', 'Kg', 'Passageiro', 'CV', NULL, NULL, NULL),
	(981, 30, 157, 110, NULL, 'CAO', '710', 8000.00, 3.00, 115.00, 1, 150.00, NULL, NULL, NULL, '2020-09-25 11:08:55', 'Kg', 'Passageiro', 'CV', NULL, NULL, NULL),
	(982, 26, 53, 48, NULL, 'CPI', '17.210', 19000.00, 10000.00, 206.00, 1, 275.00, 'Km', NULL, NULL, '2020-09-28 10:18:11', 'Kg', 'Litro', 'CV', NULL, NULL, NULL),
	(983, 26, 150, 105, NULL, 'SVV', 'T CROSS', 1215.00, 4.00, 116.00, 1, 52.00, 'Km', NULL, NULL, '2020-09-29 11:36:55', 'Kg', 'Passageiro', 'CV', NULL, NULL, NULL),
	(984, 26, 66, 62, NULL, 'CPP', '31.280 CRM 6X4', 15000.00, 20000.00, 275.00, 1, 275.00, 'Km', NULL, NULL, '2020-10-02 11:22:06', 'Ton', 'Litro', 'CV', NULL, NULL, NULL),
	(985, 26, 69, 62, NULL, 'CPP', '31.280 CRM 6X4', 15000.00, 20000.00, 275.00, 1, 275.00, 'Km', NULL, NULL, '2020-10-02 11:23:58', 'Ton', 'Litro', 'CV', NULL, NULL, NULL),
	(986, 45, 33, 32, NULL, 'RET', '3CX B14CM2CM', 8185.00, 1.00, 68.60, 1, 150.00, 'H', NULL, NULL, '2020-10-08 15:13:08', 'Kg', 'm³', 'Kw', NULL, NULL, NULL),
	(987, 31, 37, 35, NULL, 'CCC', 'F 4000 G', 7850.00, 13.00, 120.00, 1, 150.00, 'Km', NULL, NULL, '2020-10-13 11:01:38', 'Kg', 'Passageiro', 'CV', NULL, NULL, NULL),
	(988, 29, 56, 51, NULL, 'ESC', '320', 24000.00, 1.40, 172.00, 1, 300.00, 'H', NULL, NULL, '2020-10-13 13:50:09', 'Kg', 'm³', 'HP', NULL, NULL, NULL),
	(989, 26, 58, 53, NULL, 'ONB', '15.190 EOD E HD ORE', 4900.00, 48.00, 186.00, 1, 300.00, 'Km', NULL, NULL, '2020-10-13 16:02:53', 'Kg', 'Passageiro', 'CV', NULL, NULL, NULL),
	(990, 64, 54, 50, NULL, 'CME', 'R124', 27.00, 60.00, 420.00, 1, 600.00, 'Km', NULL, NULL, '2020-10-16 09:09:23', 'Ton', 'Ton', 'CV', NULL, NULL, NULL),
	(991, 99, 127, 64, NULL, 'GER', 'CREMACO G2R', 1591.00, 115.00, 470.00, 1, 300.00, 'H', NULL, NULL, '2020-10-16 12:06:52', 'Kg', 'Kva', 'HP', NULL, NULL, NULL),
	(992, 99, 73, 64, NULL, 'GER', 'CRAMACO G2R', 840.00, 60.00, 60.00, 1, 200.00, 'H', NULL, NULL, '2020-10-16 13:11:49', 'Kg', 'Kva', 'HP', NULL, NULL, NULL),
	(993, 26, 85, 68, NULL, 'CCT', '31.260 E', 767000.00, 2500.00, 260.00, 1, 300.00, 'Km', NULL, NULL, '2020-10-17 14:49:20', 'Kg', 'Ton', 'CV', NULL, NULL, NULL),
	(994, 30, 70, 30, NULL, 'CMU', 'L 1318', 14000.00, 10000.00, 177.00, 1, 275.00, 'H', NULL, NULL, '2020-10-21 11:15:26', 'Kg', 'Ton.m', 'CV', NULL, NULL, NULL),
	(995, 26, 52, 47, NULL, 'CPE', '15.180 CNM', 15000.00, 15000.00, 180.00, 1, 275.00, 'Km', NULL, NULL, '2020-10-21 13:49:42', 'Kg', 'm', 'CV', NULL, NULL, NULL),
	(996, 100, 136, 97, NULL, 'IPR', 'BS 1000', 9900.00, 20000.00, 230.00, 1, 150.00, 'H', NULL, NULL, '2020-10-21 15:11:29', 'Kg', 'm', 'CV', NULL, NULL, NULL),
	(997, 30, 140, 30, NULL, 'CMU', 'ASTRON 2729', 15000.00, 62000.00, 286.00, 1, 280.00, 'H', NULL, NULL, '2020-10-27 07:07:51', 'Kg', 'Ton.m', 'CV', NULL, NULL, NULL),
	(998, 41, 134, 33, NULL, 'VAN', 'DAILY 50C17 MINIBUS', 5000.00, 19.00, 170.00, 1, 100.00, 'Km', NULL, NULL, '2020-10-31 09:06:54', 'Kg', 'Passageiro', 'CV', NULL, NULL, NULL),
	(999, 58, 126, 93, NULL, 'TRI', 'QLTM20', 960.00, 6.00, 5.70, 1, 50.00, 'H', NULL, NULL, '2020-11-09 18:56:54', 'Kg', 'Kva', 'Kw', NULL, NULL, NULL),
	(1000, 30, 140, 30, NULL, 'CMU', 'ATRON 2729 6X4', 20000.00, 15.00, 286.00, 1, 210.00, 'H', NULL, NULL, '2020-11-11 11:18:23', 'Kg', 'Ton.m', 'CV', NULL, NULL, NULL),
	(1001, 29, 60, 55, NULL, 'TRE', 'D6T', 22039.00, 3.93, 240.00, 1, 424.00, 'H', NULL, NULL, '2020-11-13 07:17:05', 'Kg', 'm³', 'HP', NULL, NULL, NULL),
	(1002, 36, 150, 105, NULL, 'SVV', 'FIAT TORO ENDURANCE AT6', 2.30, 5.00, 139.00, 1, 70.00, 'Km', NULL, NULL, '2020-11-13 18:37:33', 'Kg', 'Passageiro', 'CV', NULL, NULL, NULL),
	(1003, 99, 135, 64, NULL, 'GER', 'GRAMACO G2R', 1615.00, 260.00, 476.00, 1, 500.00, 'H', NULL, NULL, '2020-11-14 14:28:45', 'Kg', 'Kva', 'HP', NULL, NULL, NULL),
	(1004, 29, 60, 55, NULL, 'TRE', 'D6 R', 20000.00, 3.93, 200.00, 1, 350.00, 'H', NULL, NULL, '2020-11-16 10:50:43', 'Kg', 'm³', 'HP', NULL, NULL, NULL),
	(1005, 26, 69, 62, NULL, 'CPP', '26.260 CNM 6X4', 23000.00, 20000.00, 260.00, 1, 275.00, 'Km', NULL, NULL, '2020-11-19 09:29:51', 'Kg', 'Litro', 'CV', NULL, NULL, NULL),
	(1006, 25, 39, 37, NULL, 'AMB', 'S10 AUTOM AMB', 1800.00, 2.00, 200.00, 1, 80.00, 'Km', NULL, NULL, '2021-01-19 08:15:58', 'Kg', 'Passageiro', 'CV', NULL, NULL, NULL),
	(1007, 36, 32, 49, NULL, 'CAM', 'TORO FREEDOM AT6', 2.31, 4.00, 139.00, 1, 60.00, 'Km', NULL, NULL, '2021-02-02 09:54:33', 'Ton', 'Passageiro', 'CV', NULL, NULL, NULL),
	(1008, 129, 145, 101, NULL, 'GHD', 'AT109T3-S03', 1100.00, 35.00, 36.50, 1, 20.00, 'H', NULL, NULL, '2021-02-18 11:18:46', 'Kg', 'kN', 'HP', NULL, NULL, NULL),
	(1009, 129, 145, 101, NULL, 'GHD', 'AT109T5-S03', 1100.00, 55.00, 36.50, 1, 20.00, 'H', NULL, NULL, '2021-02-18 11:21:26', 'Kg', 'kN', 'HP', NULL, NULL, NULL),
	(1010, 30, 37, 35, NULL, 'CCC', '1215 C', 12900.00, 23.00, 152.00, 1, 250.00, 'Km', NULL, NULL, '2021-03-11 13:26:45', 'Kg', 'Passageiro', 'CV', NULL, NULL, NULL),
	(1011, 31, 37, 35, NULL, 'CCC', '1517 E', 7500.00, 23.00, 170.00, 1, 275.00, 'Km', NULL, NULL, '2021-03-15 10:10:01', 'Kg', 'Passageiro', 'CV', NULL, NULL, NULL),
	(1012, 26, 37, 35, NULL, 'CCC', '13.150', 7500.00, 23.00, 145.00, 1, 275.00, 'Km', NULL, NULL, '2021-03-15 11:55:24', 'Kg', 'Passageiro', 'CV', NULL, NULL, NULL),
	(1013, 26, 37, 35, NULL, 'CCC', '13.170 E', 11000.00, 23.00, 170.00, 1, 275.00, 'Km', NULL, NULL, '2021-03-22 08:53:41', 'Kg', 'Passageiro', 'CV', NULL, NULL, NULL),
	(1014, 34, 44, 42, NULL, 'MTN', '865B', 16000.00, 14.00, 150.00, 1, 341.00, 'H', NULL, NULL, '2021-03-23 13:48:25', 'Kg', 'm³', 'HP', NULL, NULL, NULL),
	(1015, 32, 56, 51, NULL, 'ESC', 'R220LC-9S', 22250.00, 1.20, 143.00, 1, 400.00, 'H', NULL, NULL, '2021-03-23 15:02:15', 'Kg', 'm³', 'HP', NULL, NULL, NULL),
	(1016, 46, 56, 51, NULL, 'ESC', '200G', 21000.00, 1.70, 150.00, 1, 350.00, 'H', NULL, NULL, '2021-03-29 08:36:10', 'Kg', 'm³', 'HP', NULL, NULL, NULL),
	(1017, 26, 85, 68, NULL, 'CCT', '31.370', 23000.00, 10.76, 367.00, 1, 275.00, 'Km', NULL, NULL, '2021-03-30 09:02:38', 'Kg', 'Ton', 'CV', NULL, NULL, NULL),
	(1018, 38, 38, 36, NULL, 'PAC', 'L60F', 12300.00, 1.65, 1700.00, 1, 350.00, 'H', NULL, NULL, '2021-03-30 10:20:14', 'Kg', 'm³', 'Kw', NULL, NULL, NULL),
	(1019, 45, 33, 32, NULL, 'RET', '3CX', 8185.00, 1.00, 68.60, 1, 160.00, 'H', NULL, NULL, '2021-03-30 11:32:44', 'Kg', 'm³', 'HP', NULL, NULL, NULL),
	(1020, 41, 53, 48, NULL, 'CPI', 'TECTOR 150E21', 15400.00, 10000.00, 206.00, 1, 275.00, 'Km', NULL, NULL, '2021-04-12 08:37:36', 'Kg', 'Litro', 'CV', NULL, NULL, NULL),
	(1021, 30, 140, 30, NULL, 'CMU', 'ATEGO 2730 6X4 CE', 26600.00, 45100.00, 286.00, 1, 300.00, 'H', NULL, NULL, '2021-04-12 13:19:14', 'Kg', 'Ton.m', 'CV', NULL, NULL, NULL),
	(1022, 30, 76, 30, NULL, 'CMU', 'L 1620', 2300.00, 32.00, 211.00, 1, 275.00, 'H', NULL, NULL, '2021-04-12 17:24:35', 'Kg', 'Ton.m', 'CV', NULL, NULL, NULL),
	(1023, 31, 85, 68, NULL, 'CCT', 'CARGO 6332 E', 8360.00, 23000.00, 320.00, 1, 275.00, 'Km', NULL, NULL, '2021-04-13 10:19:03', 'Kg', 'Kg', 'CV', NULL, NULL, NULL),
	(1024, 31, 85, 68, NULL, 'CCT', '5032 E', 23000.00, 14000.00, 319.00, 1, 280.00, 'Km', NULL, NULL, '2021-04-13 16:02:32', 'Kg', 'Ton', 'CV', NULL, NULL, NULL),
	(1025, 26, 85, 68, NULL, 'CCT', '31.320 CNC 6X4', 8270.00, 13000.00, 320.00, 1, 280.00, 'Km', NULL, NULL, '2021-04-14 07:09:19', 'Kg', 'Ton', 'CV', NULL, NULL, NULL),
	(1026, 30, 85, 68, NULL, 'CCT', 'AXOR 3131 6X4', 23000.00, 13000.00, 310.00, 1, 300.00, 'Km', NULL, NULL, '2021-04-14 11:07:37', 'Kg', 'Kg', 'CV', NULL, NULL, NULL),
	(1027, 26, 37, 35, NULL, 'CCC', '150E CUMMINS', 3200.00, 11.00, 109.00, 1, 150.00, 'Km', NULL, NULL, '2021-04-14 13:35:58', 'Kg', 'Passageiro', 'CV', NULL, NULL, NULL),
	(1028, 26, 46, 38, NULL, 'CAB', '330', 26000.00, 19.60, 330.00, 1, 300.00, 'Km', NULL, NULL, '2021-04-16 14:45:15', 'Kg', 'm³', 'CV', NULL, NULL, NULL),
	(1029, 25, 30, 29, NULL, 'AUT', 'TRACKER 12T A PR', 1600.00, 4.00, 133.00, 1, 65.00, 'Km', NULL, NULL, '2021-04-20 06:42:55', 'Kg', 'Passageiro', 'CV', NULL, NULL, NULL),
	(1030, 30, 85, 68, NULL, 'CCT', 'AXOR 2831 6X4', 23000.00, 14000.00, 306.00, 1, 500.00, 'Km', NULL, NULL, '2021-04-22 11:15:03', 'Kg', 'Ton', 'CV', NULL, NULL, NULL),
	(1031, 30, 85, 68, NULL, 'CCT', 'AXOR 3344 6X4', 23000.00, 12000.00, 440.00, 1, 500.00, 'Km', NULL, NULL, '2021-04-22 11:30:27', 'Kg', 'Ton', 'CV', NULL, NULL, NULL),
	(1032, 32, 38, 36, NULL, 'PAC', 'HL 757-9S', 14000.00, 2.70, 173.00, 1, 350.00, 'H', NULL, NULL, '2021-04-22 13:11:37', 'Kg', 'm³', 'HP', NULL, NULL, NULL),
	(1033, 26, 82, 71, NULL, 'CPC', '31.390 CRC 6X4', 17000.00, 14000.00, 400.00, 1, 350.00, 'Km', NULL, NULL, '2021-04-24 06:13:59', 'Kg', 'Ton', 'CV', NULL, NULL, NULL),
	(1034, 49, 80, 70, NULL, 'TRA', '7150', 8250.00, 8000.00, 180.00, 1, 350.00, 'H', NULL, NULL, '2021-04-26 13:05:53', 'Kg', 'Kg', 'CV', NULL, NULL, NULL),
	(1035, 44, 96, 52, NULL, 'GUI', 'BR750', 45000.00, 75000.00, 340.00, 1, 300.00, 'H', NULL, NULL, '2021-04-26 15:16:26', 'Kg', 'Kg', 'CV', NULL, NULL, NULL),
	(1036, 50, 96, 52, NULL, 'GUI', 'ZMC75', 44.00, 75.00, 375.00, 1, 350.00, 'H', NULL, NULL, '2021-04-27 18:56:36', 'Ton', 'Kg', 'CV', NULL, NULL, NULL),
	(1037, 36, 30, 29, NULL, 'AUT', 'ARGO DRIVE 1.0', 1480.00, 5.00, 77.00, 1, 60.00, 'Km', NULL, NULL, '2021-04-29 12:57:18', 'Kg', 'Passageiro', 'CV', NULL, NULL, NULL),
	(1038, 46, 61, 56, NULL, 'TRP', '6145 J', 3580.00, 200.00, 145.00, 1, 300.00, 'H', NULL, NULL, '2021-05-05 19:12:20', 'Kg', 'Kgf.m', 'CV', NULL, NULL, NULL),
	(1039, 74, 61, 56, NULL, 'TRP', '1180', 7000.00, 7000.00, 118.00, 1, 300.00, 'H', NULL, NULL, '2021-05-06 07:52:09', 'Kg', 'Kgf.m', 'CV', NULL, NULL, NULL),
	(1040, 38, 40, 38, NULL, 'CAB', 'FM 440', 23000.00, 16000.00, 440.00, 1, 350.00, 'Km', NULL, NULL, '2021-05-08 09:01:09', 'Kg', 'm³', 'CV', NULL, NULL, NULL),
	(1041, 31, 37, 35, NULL, 'CCC', 'CARGO 1317', 4920.00, 2300.00, 17000.00, 1, 275.00, 'Km', NULL, NULL, '2021-05-08 09:02:42', 'Kg', 'Passageiro', 'CV', NULL, NULL, NULL),
	(1042, 31, 37, 35, NULL, 'CCC', 'CARGO 1317E', 4920.00, 23.00, 170.00, 1, 275.00, 'Km', NULL, NULL, '2021-05-08 09:05:58', 'Kg', 'Passageiro', 'CV', NULL, NULL, NULL),
	(1043, 31, 82, 71, NULL, 'CPC', 'CARGO 4532 E', 6140.00, 16000.00, 320.00, 1, 275.00, 'Km', NULL, NULL, '2021-05-08 09:25:20', 'Kg', 'Kg', 'CV', NULL, NULL, NULL),
	(1044, 30, 37, 35, NULL, 'CCC', '1720', 1600.00, 23.00, 211.00, 1, 275.00, 'Km', NULL, NULL, '2021-05-13 09:37:44', 'Kg', 'Passageiro', 'CV', NULL, NULL, NULL),
	(1045, 26, 70, 30, NULL, 'CMU', '26 260 CNM 6X4', 23000.00, 15000.00, 260.00, 1, 275.00, 'H', NULL, NULL, '2021-05-13 11:44:53', 'Kg', 'Kgf.m', 'CV', NULL, NULL, NULL),
	(1046, 30, 37, 35, NULL, 'CCC', 'M. MERCEDEZ L 1318', 8000.00, 23.00, 177.00, 1, 275.00, 'Km', NULL, NULL, '2021-05-18 15:08:47', 'Kg', 'Passageiro', 'CV', NULL, NULL, NULL),
	(1047, 26, 82, 71, NULL, 'CPC', '31.330 CRC 6X4', 23000.00, 57000.00, 330.00, 1, 275.00, 'Km', NULL, NULL, '2021-05-19 09:05:32', 'Kg', 'Kg', 'CV', NULL, NULL, NULL),
	(1048, 44, 96, 52, NULL, 'GUI', 'QY 75 KN', 48000.00, 75.00, 276.00, 1, 275.00, 'H', NULL, NULL, '2021-05-19 09:46:53', 'Kg', 'Ton', 'CV', NULL, NULL, NULL),
	(1049, 30, 40, 38, NULL, 'CAB', 'LK 2638', 33100.00, 16000.00, 380.00, 1, 300.00, 'Km', NULL, NULL, '2021-05-19 12:50:06', 'Kg', 'm³', 'CV', NULL, NULL, NULL),
	(1050, 26, 37, 35, NULL, 'CCC', '8120 EURO3', 4640.00, 23.00, 115.00, 1, 275.00, 'Km', NULL, NULL, '2021-05-20 08:35:22', 'Kg', 'Passageiro', 'CV', NULL, NULL, NULL),
	(1051, 28, 62, 31, NULL, 'PIC', 'CDLOWM4FD', 2080.00, 5.00, 204.00, 1, 80.00, 'Km', NULL, NULL, '2021-05-20 18:45:28', 'Kg', 'Passageiro', 'CV', NULL, NULL, NULL),
	(1052, 26, 37, 35, NULL, 'CCC', '8150', 7850.00, 12.00, 145.00, 1, 275.00, 'Km', NULL, NULL, '2021-05-22 09:03:10', 'Kg', 'Passageiro', 'CV', NULL, NULL, NULL),
	(1053, 31, 37, 35, NULL, 'CCC', 'CARGO 1722 E', 16000.00, 23.00, 220.00, 1, 500.00, 'Km', NULL, NULL, '2021-05-24 09:40:19', 'Kg', 'Passageiro', 'CV', NULL, NULL, NULL),
	(1054, 38, 48, 44, NULL, 'CBE', '260 6X4R', 23000.00, 8.00, 260.00, 1, 300.00, 'H', NULL, NULL, '2021-05-24 15:34:38', 'Kg', 'm³', 'CV', NULL, NULL, NULL),
	(1055, 81, 113, 83, NULL, 'CPD', 'LP9505', 1680.00, 0.80, 18.00, 1, 40.00, 'H', NULL, NULL, '2021-05-25 08:08:23', 'Kg', 'KN', 'Kw', NULL, NULL, NULL),
	(1056, 30, 37, 35, NULL, 'CCC', 'ATEGO 1418', 13000.00, 23000.00, 177.00, 1, 275.00, 'Km', NULL, NULL, '2021-05-25 11:31:33', 'Kg', 'Passageiro', 'CV', NULL, NULL, NULL),
	(1057, 30, 37, 35, NULL, 'CCC', 'AREGO 1718', 12000.00, 11.00, 177.00, 1, 275.00, 'Km', NULL, NULL, '2021-05-25 11:40:47', 'Kg', 'Passageiro', 'CV', NULL, NULL, NULL),
	(1058, 30, 37, 35, NULL, 'CCC', 'ATEGO 1718', 12000.00, 11.00, 177.00, 1, 275.00, 'Km', NULL, NULL, '2021-05-25 11:41:52', 'Kg', 'Passageiro', 'CV', NULL, NULL, NULL),
	(1059, 33, 134, 33, NULL, 'VAN', 'MASTER  MBUS L3H2', 1740.00, 16.00, 5.50, 1, 110.00, 'Km', NULL, NULL, '2021-05-25 16:13:15', 'Kg', 'Passageiro', 'CV', NULL, NULL, NULL),
	(1060, 30, 37, 35, NULL, 'CCC', 'L 1218 R', 12300.00, 23.00, 211.00, 1, 275.00, 'Km', NULL, NULL, '2021-05-25 19:22:16', 'Kg', 'Passageiro', 'CV', NULL, NULL, NULL),
	(1061, 26, 82, 71, NULL, 'CPC', '26.260 E', 15000.00, 23000.00, 260.00, 1, 300.00, 'Km', NULL, NULL, '2021-05-27 16:42:17', 'Kg', 'Ton', 'CV', NULL, NULL, NULL),
	(1062, 30, 37, 35, NULL, 'CCC', 'ATEGO 1315', 4500.00, 23.00, 150.00, 1, 210.00, 'Km', NULL, NULL, '2021-05-28 20:47:30', 'Kg', 'Passageiro', 'CV', NULL, NULL, NULL),
	(1063, 26, 85, 68, NULL, 'CCT', '26.220', 20000.00, 15000.00, 218.00, 1, 300.00, 'Km', NULL, NULL, '2021-06-01 11:10:13', 'Kg', 'Kg', 'CV', NULL, NULL, NULL),
	(1064, 46, 60, 55, NULL, 'TRE', '700J-II', 15599.00, 2.83, 116.00, 1, 300.00, 'H', NULL, NULL, '2021-06-02 10:41:18', 'Kg', 'm³', 'Kw', NULL, NULL, NULL),
	(1065, 49, 80, 56, NULL, 'TRP', 'MF 297/4', 4125.00, 31.00, 120.00, 1, 300.00, 'H', NULL, NULL, '2021-06-02 12:04:02', 'Kg', 'Ton', 'CV', NULL, NULL, NULL),
	(1066, 30, 37, 35, NULL, 'CCC', '1218 EL', 12000.00, 23.00, 170.00, 1, 275.00, 'Km', NULL, NULL, '2021-06-03 10:00:13', 'Kg', 'Passageiro', 'CV', NULL, NULL, NULL),
	(1067, 38, 82, 71, NULL, 'CPC', '410 6X4', 23000.00, 15000.00, 410.00, 1, 300.00, 'H', NULL, NULL, '2021-06-03 10:51:03', 'Kg', 'Kgf.m', 'CV', NULL, NULL, NULL),
	(1068, 38, 82, 71, NULL, 'CPC', '410 6X4', 12000.00, 23000.00, 410.00, 1, 300.00, 'Km', NULL, NULL, '2021-06-03 10:55:44', 'Ton', 'Ton', 'CV', NULL, NULL, NULL),
	(1069, 65, 61, 56, NULL, 'TRP', 'BH 160', 8290.00, 6400.00, 160.00, 1, 270.00, 'H', NULL, NULL, '2021-06-04 17:56:52', 'Kg', 'Kgf.m', 'CV', NULL, NULL, NULL),
	(1070, 65, 61, 56, NULL, 'TRP', 'VALMET 1280', 7000.00, 6200.00, 120.00, 1, 200.00, 'H', NULL, NULL, '2021-06-04 18:38:45', 'Kg', 'Kgf.m', 'CV', NULL, NULL, NULL),
	(1071, 37, 30, 29, NULL, 'AUT', '2008 ALLURE PK', 1650.00, 5.00, 118.00, 1, 60.00, 'Km', NULL, NULL, '2021-06-04 19:27:58', 'Kg', 'Passageiro', 'CV', NULL, NULL, NULL),
	(1072, 63, 38, 36, NULL, 'PAC', 'LG938', 10700.00, 1.80, 87.00, 1, 300.00, 'H', NULL, NULL, '2021-06-05 10:58:19', 'Kg', 'm³', 'Kw', NULL, NULL, NULL),
	(1073, 40, 80, 56, NULL, 'TRP', 'T7 190', 6725.00, 35.00, 168.00, 1, 400.00, 'H', NULL, NULL, '2021-06-07 13:49:52', 'Kg', 'Ton', 'CV', NULL, NULL, NULL),
	(1074, 31, 82, 71, NULL, 'CPC', '2628 CN 6X4', 23000.00, 15000.00, 275.00, 1, 300.00, 'Km', NULL, NULL, '2021-06-08 08:35:01', 'Kg', 'Kg', 'CV', NULL, NULL, NULL),
	(1075, 30, 63, 30, NULL, 'CMU', 'ATEGO 2730 6X4 CE', 23000.00, 45000.00, 286.00, 1, 300.00, 'H', NULL, NULL, '2021-06-08 11:12:16', 'Kg', 'Ton.m', 'CV', NULL, NULL, NULL),
	(1076, 30, 63, 30, NULL, 'CMU', 'ATEGO 2730 6X4CL', 23000.00, 45000.00, 286.00, 1, 300.00, 'H', NULL, NULL, '2021-06-08 11:49:18', 'Kg', 'Ton.m', 'CV', NULL, NULL, NULL),
	(1077, 26, 50, 30, NULL, 'CMU', '26.280 CRM 6X4', 23000.00, 45000.00, 277.00, 1, 300.00, 'H', NULL, NULL, '2021-06-08 14:11:29', 'Kg', 'Ton.m', 'CV', NULL, NULL, NULL),
	(1078, 35, 35, 29, NULL, 'AUT', 'C4 CACTUS LIVE', 1.62, 4.00, 118.00, 1, 55.00, 'Km', NULL, NULL, '2021-06-09 13:11:52', 'Ton', 'Passageiro', 'CV', NULL, NULL, NULL),
	(1079, 32, 30, 29, NULL, 'AUT', 'CRETA 16A ACTION', 1790.00, 5.00, 130.00, 1, 60.00, 'Km', NULL, NULL, '2021-06-15 09:52:28', 'Kg', 'Passageiro', 'CV', NULL, NULL, NULL),
	(1080, 26, 63, 30, NULL, 'CMU', '26.280 CRM 6X4', 23000.00, 45.00, 277.00, 1, 300.00, 'H', NULL, NULL, '2021-06-17 17:06:17', 'Kg', 'Ton.m', 'CV', NULL, NULL, NULL),
	(1081, 40, 80, 56, NULL, 'TRP', 'T7 205', 9500.00, 35.00, 182.00, 1, 395.00, 'H', NULL, NULL, '2021-06-18 12:26:48', 'Kg', 'Ton', 'CV', NULL, NULL, NULL),
	(1082, 58, 129, 65, NULL, 'COM', 'XAS 187', 1393.00, 900.00, 81.50, 1, 175.00, 'H', NULL, NULL, '2021-06-25 09:21:03', 'Kg', 'pcm', 'Kw', NULL, NULL, NULL),
	(1083, 58, 84, 65, NULL, 'COM', 'XAS 186', 1590.00, 400.00, 81.50, 1, 175.00, 'H', NULL, NULL, '2021-06-25 09:41:12', 'Kg', 'pcm', 'Kw', NULL, NULL, NULL),
	(1084, 58, 84, 65, NULL, 'COM', 'XAS 187', 1393.00, 400.00, 81.50, 1, 175.00, 'H', NULL, NULL, '2021-06-25 10:39:30', 'Kg', 'pcm', 'Kw', NULL, NULL, NULL),
	(1085, 30, 53, 48, NULL, 'CPI', 'LB 2318', 15500.00, 10000.00, 184.00, 1, 250.00, 'Km', NULL, NULL, '2021-06-26 15:44:45', 'Kg', 'Litro', 'CV', NULL, NULL, NULL),
	(1086, 29, 127, 64, NULL, 'GER', 'OLYMPIAN GEP 100-1', 2000.00, 100.00, 80.00, 1, 180.00, 'H', NULL, NULL, '2021-06-26 17:28:31', 'Kg', 'Kva', 'Kw', NULL, NULL, NULL),
	(1087, 29, 156, 64, NULL, 'GER', 'OLYMPIAN - 169KVA', 2000.00, 169.00, 169.00, 1, 330.00, 'H', NULL, NULL, '2021-06-28 12:04:39', 'Kg', 'Kva', 'kW', NULL, NULL, NULL),
	(1088, 112, 119, 90, NULL, 'SUV', 'RENEGADE MOAB', 2000.00, 5.00, 170.00, 1, 60.00, 'Km', NULL, NULL, '2021-06-29 09:05:28', 'Kg', 'Passageiro', 'CV', NULL, NULL, NULL),
	(1089, 30, 63, 30, NULL, 'CMU', 'ATEGO 2426', 6700.00, 45.00, 256.00, 1, 275.00, 'H', NULL, NULL, '2021-07-07 13:51:05', 'Kg', 'Ton.m', 'CV', NULL, NULL, NULL),
	(1090, 30, 63, 30, NULL, 'CMU', 'L 1620', 6300.00, 45.00, 211.00, 1, 275.00, 'H', NULL, NULL, '2021-07-07 14:13:41', 'Kg', 'Ton.m', 'CV', NULL, NULL, NULL),
	(1091, 26, 31, 30, NULL, 'CMU', 'WORKER 15180 EURO3', 5800.00, 20.00, 173.00, 1, 275.00, 'H', NULL, NULL, '2021-07-07 14:28:25', 'Kg', 'Ton.m', 'CV', NULL, NULL, NULL),
	(1092, 30, 70, 30, NULL, 'CMU', 'L 1620', 630000.00, 30.00, 211.00, 1, 275.00, 'H', NULL, NULL, '2021-07-07 14:39:21', 'Kg', 'Ton.m', 'CV', NULL, NULL, NULL),
	(1093, 108, 73, 64, NULL, 'GER', 'G50', 2000.00, 50.00, 35.00, 1, 180.00, 'H', NULL, NULL, '2021-07-10 15:08:38', 'Kg', 'Kva', 'Kw', NULL, NULL, NULL),
	(1094, 32, 30, 29, NULL, 'AUT', 'HB20 10M VISION', 990.00, 4.00, 75.00, 1, 50.00, 'Km', NULL, NULL, '2021-07-12 12:01:27', 'Kg', 'Passageiro', 'CV', NULL, NULL, NULL),
	(1095, 66, 89, 75, NULL, 'PUL', '701', 6200.00, 180.00, 209.00, 1, 300.00, 'H', NULL, NULL, '2021-07-13 09:12:45', 'Kg', 'KN', 'Kw', NULL, NULL, NULL),
	(1096, 26, 30, 29, NULL, 'AUT', 'POLO NCA', 1058.00, 4.00, 84.00, 1, 52.00, 'Km', NULL, NULL, '2021-07-20 14:25:52', 'Kg', 'Passageiro', 'CV', NULL, NULL, NULL),
	(1097, 30, 31, 30, NULL, 'CMU', 'ATEGO 2426', 6700.00, 20.00, 256.00, 1, 275.00, 'H', NULL, NULL, '2021-08-05 14:56:38', 'Kg', 'Ton.m', 'CV', NULL, NULL, NULL),
	(1098, 112, 150, 105, NULL, 'SVV', 'RENEGADE LNGTD AT', 1480.00, 5.00, 139.00, 1, 60.00, 'Km', NULL, NULL, '2021-08-10 07:08:29', 'Kg', 'Passageiro', 'CV', NULL, NULL, NULL),
	(1099, 26, 63, 30, NULL, 'CMU', '31.280 CRM 6X4', 23000.00, 45.00, 277.00, 1, 275.00, 'H', NULL, NULL, '2021-09-09 06:44:02', 'Kg', 'Ton.m', 'CV', NULL, NULL, NULL),
	(1100, 25, 30, 29, NULL, 'AUT', 'SPIN 18L AT PREMIER', 1186.00, 7.00, 111.00, 1, 53.00, 'Km', NULL, NULL, '2021-09-23 17:53:09', 'Kg', 'Passageiro', 'CV', NULL, NULL, NULL),
	(1101, 25, 62, 31, NULL, 'PIC', 'S 10 LS DD4', 2028.00, 5.00, 200.00, 1, 76.00, 'Km', NULL, NULL, '2021-10-05 11:55:45', 'Kg', 'Passageiro', 'CV', NULL, NULL, NULL),
	(1102, 130, 156, 64, NULL, 'GER', '225 KVA CRAMACO', 2145.00, 225.00, 255.00, 1, 330.00, 'H', NULL, NULL, '2021-10-14 15:15:40', 'Kg', 'Kva', 'kW', NULL, NULL, NULL),
	(1103, 130, 156, 64, NULL, 'GER', 'GSW225', 2145.00, 225.00, 225.00, 1, 330.00, 'H', NULL, NULL, '2021-10-14 17:17:21', 'Kg', 'Kva', 'kW', NULL, NULL, NULL),
	(1104, 31, 82, 71, NULL, 'CPC', 'CARGO 6322 E', 23.00, 23000.00, 320.00, 1, 300.00, 'Km', NULL, NULL, '2021-10-15 09:40:51', 'Kg', 'Ton', 'CV', NULL, NULL, NULL),
	(1105, 28, 39, 37, NULL, 'AMB', 'HILUX NIKS AMB', 3000.00, 5.00, 204.00, 1, 80.00, 'Km', NULL, NULL, '2021-10-15 14:59:43', 'Ton', 'Passageiro', 'CV', NULL, NULL, NULL),
	(1106, 33, 150, 105, NULL, 'SVV', 'DUSTER ZEN 1.6', 1279.00, 5.00, 118.00, 1, 50.00, 'Km', NULL, NULL, '2021-12-06 10:25:58', 'Kg', 'Passageiro', 'CV', NULL, NULL, NULL),
	(1107, 28, 62, 31, NULL, 'PIC', 'HILUX CDLOWM4FD', 2090.00, 5.00, 204.00, 1, 80.00, 'Km', NULL, NULL, '2021-12-06 13:42:59', 'Kg', 'Passageiro', 'CV', NULL, NULL, NULL),
	(1108, 68, 62, 31, NULL, 'PIC', 'FRONTIER S MTX4', 2030.00, 5.00, 160.00, 1, 80.00, 'Km', NULL, NULL, '2021-12-06 14:28:10', 'Kg', 'Passageiro', 'CV', NULL, NULL, NULL),
	(1109, 39, 43, 41, NULL, 'MIO', 'VOLARE V8L ON', 8.00, 29.00, 152.00, 1, 150.00, 'Km', NULL, NULL, '2021-12-09 10:31:22', 'Ton', 'Passageiro', 'CV', NULL, NULL, NULL),
	(1110, 30, 58, 53, NULL, 'ONB', 'COMIL CAMPIONE R', 16000.00, 49.00, 208.00, 1, 200.00, 'Km', NULL, NULL, '2021-12-09 11:27:06', 'Kg', 'Passageiro', 'CV', NULL, NULL, NULL),
	(1111, 38, 70, 30, NULL, 'CMU', 'VM 220 4X2R', 20300.00, 20500.00, 213.00, 1, 280.00, 'H', NULL, NULL, '2021-12-10 14:56:31', 'Kg', 'Ton.m', 'CV', NULL, NULL, NULL),
	(1112, 29, 127, 64, NULL, 'GER', 'OLYMPIAN GEP 125-1', 1406.00, 113.00, 90.40, 1, 250.00, 'H', NULL, NULL, '2021-12-14 18:44:49', 'Kg', 'Kva', 'Kw', NULL, NULL, NULL),
	(1113, 36, 30, 29, NULL, 'AUT', 'UNO ATTRACTIVE 1.0', 955.00, 5.00, 75.00, 1, 48.00, 'Km', NULL, NULL, '2021-12-15 09:56:32', 'Kg', 'Passageiro', 'CV', NULL, NULL, NULL),
	(1114, 42, 38, 36, NULL, 'PAC', 'WA200-6', 10650.00, 2.10, 126.00, 1, 180.00, 'H', NULL, NULL, '2021-12-22 09:30:48', 'Kg', 'm³', 'HP', NULL, NULL, NULL),
	(1115, 30, 41, 39, NULL, 'CCM', 'ATRON 1719', 16.00, 6000.00, 185.00, 1, 250.00, 'H', NULL, NULL, '2022-01-07 11:34:17', 'Ton', 'Litro', 'CV', NULL, NULL, NULL),
	(1116, 26, 45, 38, NULL, 'CAB', '26.260 CRM 6X4', 23000.00, 12000.00, 256.00, 1, 275.00, 'Km', NULL, NULL, '2022-01-11 11:24:05', 'Kg', 'm³', 'CV', NULL, NULL, NULL),
	(1117, 30, 45, 38, NULL, 'CAB', 'ATRON 2729 K 6X4', 23000.00, 12000.00, 286.00, 1, 210.00, 'Km', NULL, NULL, '2022-01-13 10:31:02', 'Kg', 'm³', 'CV', NULL, NULL, NULL),
	(1118, 35, 30, 29, NULL, 'AUT', 'C4CACTUS FEEL A', 1214.00, 5.00, 118.00, 1, 55.00, 'Km', NULL, NULL, '2022-01-19 08:27:06', 'Kg', 'Passageiro', 'CV', NULL, NULL, NULL),
	(1119, 26, 53, 48, NULL, 'CPI', '17.190 CRM 4X2 ROB', 16000.00, 10000.00, 186.00, 1, 275.00, 'Km', NULL, NULL, '2022-01-20 15:54:57', 'Kg', 'Litro', 'CV', NULL, NULL, NULL),
	(1120, 30, 134, 33, NULL, 'VAN', '415CDISPRINTERM', 2400.00, 16.00, 146.00, 1, 75.00, 'Km', NULL, NULL, '2022-01-26 10:18:46', 'Kg', 'Passageiro', 'CV', NULL, NULL, NULL),
	(1121, 26, 66, 95, NULL, 'CPQ', '31.330 CRC 6X4', 23000.00, 15000.00, 334.00, 1, 275.00, 'Km', NULL, NULL, '2022-02-02 14:12:58', 'Kg', 'Litro', 'CV', NULL, NULL, NULL),
	(1122, 26, 76, 30, NULL, 'CMU', '31.330 CRC 6X4', 23000.00, 10.00, 334.00, 1, 250.00, 'H', NULL, NULL, '2022-02-03 08:21:13', 'Kg', 'Ton.m', 'CV', NULL, NULL, NULL),
	(1123, 38, 76, 30, NULL, 'CMU', 'VM 270 6X4R', 26700.00, 10.00, 270.00, 1, 300.00, 'H', NULL, NULL, '2022-02-03 08:22:29', 'Kg', 'Ton.m', 'CV', NULL, NULL, NULL),
	(1124, 36, 62, 29, NULL, 'AUT', 'FIAT/TORO FREEDOM AT9 D4', 2.09, 5.00, 170.00, 1, 60.00, 'Km', NULL, NULL, '2022-02-14 15:10:19', 'Ton', 'Passageiro', 'CV', NULL, NULL, NULL),
	(1125, 131, 113, 83, NULL, 'CPD', 'CA25PD', 11550.00, 6553.00, 97.00, 1, 280.00, 'H', NULL, NULL, '2022-03-07 11:00:37', 'Kg', 'Kg', 'Kw', NULL, NULL, NULL),
	(1126, 26, 43, 41, NULL, 'MIO', 'COMIL PIA ROD', 9.20, 31.00, 160.00, 1, 150.00, 'Km', NULL, NULL, '2022-03-24 18:32:13', 'Ton', 'Passageiro', 'CV', NULL, NULL, NULL),
	(1127, 72, 104, 52, NULL, 'GUI', 'LTM 1090 4.1', 13.80, 90.00, 476.00, 1, 330.00, 'H', NULL, NULL, '2022-03-25 12:53:30', 'Ton', 'Ton', 'CV', NULL, NULL, NULL),
	(1128, 132, 72, 64, NULL, 'GER', 'GF3-24', 480.00, 25.00, 24.00, 1, 108.00, 'H', NULL, NULL, '2022-03-26 08:30:59', 'Kg', 'Kva', 'Kw', NULL, NULL, NULL),
	(1129, 45, 158, 111, NULL, 'MEH', '55Z-1', 5580.80, 0.65, 35.70, 1, 76.00, NULL, NULL, NULL, '2022-04-01 12:04:13', 'Kg', 'm³', 'Kw', NULL, NULL, NULL),
	(1130, 36, 32, 49, NULL, 'CAM', 'FIORINO ENDURANCE', 1780.00, 0.65, 88.00, 1, 58.00, 'Km', NULL, NULL, '2022-04-05 07:18:25', 'Kg', 'Passageiro', 'CV', NULL, NULL, NULL),
	(1131, 36, 30, 29, NULL, 'AUT', 'SIENA 1.0', 1500.00, 0.00, 75.00, 1, 48.00, 'Km', NULL, NULL, '2022-04-05 11:34:12', 'Kg', 'Passageiro', 'CV', NULL, NULL, NULL),
	(1132, 72, 159, 112, NULL, 'GHI', 'LTM 1090 4.1', 34200.00, 90.00, 175.00, 1, 270.00, 'H', NULL, NULL, '2022-04-08 09:29:45', 'Kg', 'Ton', 'HP', NULL, NULL, NULL),
	(1133, 133, 72, 64, NULL, 'GER', 'C20D6', 950.00, 25.00, 20.00, 1, 109.00, 'H', NULL, NULL, '2022-05-02 16:53:44', 'Kg', 'Kva', 'Kw', NULL, NULL, NULL),
	(1134, 29, 73, 64, NULL, 'GER', 'DE56AE0', 814.00, 50.00, 45.00, 1, 135.00, 'H', NULL, NULL, '2022-05-30 15:31:27', 'Kg', 'Kva', 'Kw', NULL, NULL, NULL),
	(1135, 29, 127, 64, NULL, 'GER', 'GEP88-1', 1074.00, 100.00, 80.00, 1, 175.00, 'H', NULL, NULL, '2022-05-30 15:34:13', 'Kg', 'Kva', 'Kw', NULL, NULL, NULL),
	(1136, 134, 160, 113, NULL, 'PTA', '1250AJP', 20056.00, 450.00, 55.00, 1, 117.00, 'H', NULL, NULL, '2022-05-30 16:18:28', 'Kg', 'Kg', 'Kw', NULL, NULL, NULL),
	(1137, 68, 150, 105, NULL, 'SVV', 'KICKS SENSE CVT', 1530.00, 5.00, 114.00, 1, 41.00, 'Km', NULL, NULL, '2022-06-16 15:38:15', 'Kg', 'Passageiro', 'CV', NULL, NULL, NULL),
	(1138, 72, 139, 52, NULL, 'GUI', 'LTM 1100 5.2', 60.00, 100.00, 370.00, 1, 410.00, 'H', NULL, NULL, '2022-06-22 07:19:48', 'Ton', 'Ton', 'Kw', NULL, NULL, NULL),
	(1139, 72, 159, 112, NULL, 'GHI', 'LTM 1100 5.2', 60000.00, 100.00, 129.00, 1, 256.00, 'H', NULL, NULL, '2022-06-22 07:20:38', 'Kg', 'Ton', 'Kw', NULL, NULL, NULL),
	(1140, 68, 62, 31, NULL, 'PIC', 'FRONTIER ATK X4', 3.11, 5.00, 190.00, 1, 80.00, 'Km', NULL, NULL, '2022-06-29 11:58:25', 'Ton', 'Passageiro', 'CV', NULL, NULL, NULL),
	(1141, 29, 156, 64, NULL, 'GER', 'GEP100-1', 485.00, 100.00, 80.00, 1, 180.00, 'H', NULL, NULL, '2022-07-08 16:23:22', 'Kg', 'Kva', 'kW', NULL, NULL, NULL),
	(1142, 36, 62, 31, NULL, 'PIC', 'TORO VULC AT9 4X4', 2900.00, 5.00, 170.00, 1, 60.00, 'Km', NULL, NULL, '2022-07-12 15:36:10', 'Kg', 'Passageiro', 'CV', NULL, NULL, NULL),
	(1143, 72, 147, 52, NULL, 'GUI', 'LTM 1070 4.2', 48.00, 70.00, 503.00, 1, 410.00, 'H', NULL, NULL, '2022-07-20 17:01:06', 'Ton', 'Ton', 'CV', NULL, NULL, NULL),
	(1144, 72, 159, 112, NULL, 'GHI', 'LTM 1070 4.2', 48000.00, 70.00, 330.00, 1, 410.00, 'H', NULL, NULL, '2022-07-21 09:13:34', 'Kg', 'Ton', 'Kw', NULL, NULL, NULL),
	(1145, 58, 72, 64, NULL, 'GER', 'QAS24PD', 1000.00, 21.70, 18.30, 1, 75.10, 'H', NULL, NULL, '2022-08-01 08:30:13', 'Kg', 'Kva', 'Kw', NULL, NULL, NULL),
	(1146, 135, 160, 113, NULL, 'PTA', 'Z-62/40', 10281.00, 227.00, 60.00, 1, 136.30, 'H', NULL, NULL, '2022-08-03 16:17:05', 'Kg', 'Kg', 'HP', NULL, NULL, NULL),
	(1147, 136, 162, 114, NULL, 'EMP', 'H40D', 5785.00, 4.00, 55.00, 1, 52.80, 'H', NULL, NULL, '2022-08-04 08:31:02', 'Kg', 'Ton', 'Kw', NULL, NULL, NULL),
	(1148, 36, 30, 29, NULL, 'AUT', 'SIENA 1.4', 1.51, 5.00, 88.00, 1, 48.00, 'Km', NULL, NULL, '2022-08-09 13:07:49', 'Ton', 'Passageiro', 'CV', NULL, NULL, NULL),
	(1149, 30, 58, 53, NULL, 'ONB', 'MPOLO TORINO U', 16000.00, 45.00, 208.00, 1, 300.00, 'Km', NULL, NULL, '2022-08-11 14:20:40', 'Kg', 'Passageiro', 'CV', NULL, NULL, NULL),
	(1150, 30, 58, 53, NULL, 'ONB', 'INDUSCAR APACHE U', 16.00, 41.00, 2.18, 1, 300.00, 'Km', NULL, NULL, '2022-08-11 14:29:29', 'Ton', 'Passageiro', 'CV', NULL, NULL, NULL),
	(1151, 33, 134, 33, NULL, 'VAN', 'MASTER EUROLAF P', 3.50, 16.00, 114.00, 1, 100.00, 'Km', NULL, NULL, '2022-08-12 07:24:08', 'Ton', 'Passageiro', 'CV', NULL, NULL, NULL),
	(1152, 26, 30, 29, NULL, 'AUT', 'GOL MPI', 1410.00, 5.00, 84.00, 1, 55.00, 'Km', NULL, NULL, '2022-08-23 11:28:50', 'Kg', 'Passageiro', 'CV', NULL, NULL, NULL),
	(1153, 26, 30, 29, NULL, 'AUT', 'GOL 1.0L MC4', 1410.00, 5.00, 84.00, 1, 55.00, 'Km', NULL, NULL, '2022-08-23 17:20:42', 'Kg', 'Passageiro', 'CV', NULL, NULL, NULL),
	(1154, 25, 62, 31, NULL, 'PIC', 'S10 LT DD4A', 3.10, 5.00, 200.00, 1, 76.00, 'Km', NULL, NULL, '2022-08-23 17:36:24', 'Ton', 'Passageiro', 'CV', NULL, NULL, NULL),
	(1155, 36, 32, 49, NULL, 'CAM', 'STRADA ENDURANCE CS', 1800.00, 2.00, 86.00, 1, 55.00, 'Km', NULL, NULL, '2022-08-29 09:15:16', 'Kg', 'Passageiro', 'CV', NULL, NULL, NULL),
	(1156, 31, 63, 30, NULL, 'CMU', 'CARGO 2429', 23000.00, 43.00, 290.00, 1, 275.00, 'H', NULL, NULL, '2022-08-31 07:16:12', 'Kg', 'Ton.m', 'CV', NULL, NULL, NULL),
	(1157, 26, 63, 30, NULL, 'CMU', '24.280 CRM 6X2', 23000.00, 57.00, 275.00, 1, 275.00, 'H', NULL, NULL, '2022-09-08 09:04:53', 'Kg', 'Ton.m', 'CV', NULL, NULL, NULL),
	(1158, 30, 58, 53, NULL, 'ONB', 'NEOBUS SP U', 15000.00, 45.00, 185.00, 1, 300.00, 'Km', NULL, NULL, '2022-09-12 08:43:24', 'Kg', 'Passageiro', 'CV', NULL, NULL, NULL),
	(1159, 36, 30, 29, NULL, 'AUT', 'CRONOS DRIVE 1.3', 1550.00, 5.00, 107.00, 1, 48.00, 'Km', NULL, NULL, '2022-09-13 08:59:18', 'Kg', 'Passageiro', 'CV', NULL, NULL, NULL),
	(1160, 135, 160, 113, NULL, 'PTA', 'S-125', 20904.00, 227.00, 83.00, 1, 151.00, 'H', NULL, NULL, '2022-09-14 07:17:36', 'Kg', 'Kg', 'HP', NULL, NULL, NULL),
	(1161, 135, 160, 113, NULL, 'PTA', 'Z-80/60', 16962.00, 227.00, 55.00, 1, 132.00, 'H', NULL, NULL, '2022-09-15 08:28:45', 'Kg', 'Kg', 'Kw', NULL, NULL, NULL),
	(1162, 43, 163, 115, NULL, 'GES', 'STC 1000S', 55000.00, 100.00, 375.00, 1, 450.00, 'H', NULL, NULL, '2022-09-16 07:29:37', 'Kg', 'Ton', 'CV', NULL, NULL, NULL),
	(1163, 43, 163, 115, NULL, 'GES', 'SAC 2200S', 60000.00, 220.00, 490.00, 1, 500.00, 'H', NULL, NULL, '2022-09-16 07:30:58', 'Kg', 'Ton', 'CV', NULL, NULL, NULL),
	(1164, 125, 155, 109, NULL, 'SRB', 'SRCTUS 2E', 22000.00, 10.00, 0.00, 1, 0.00, 'H', NULL, NULL, '2022-09-16 07:42:32', 'Kg', 'Ton', 'CV', NULL, NULL, NULL),
	(1165, 137, 155, 109, NULL, 'SRB', 'SRPR 3E', 30000.00, 16.32, 0.00, 1, 0.00, 'H', NULL, NULL, '2022-09-16 07:43:48', 'Kg', 'Ton', 'CV', NULL, NULL, NULL),
	(1166, 38, 69, 62, NULL, 'CPP', 'VM 270 6X4R', 26700.00, 20000.00, 270.00, 1, 300.00, 'H', NULL, NULL, '2022-09-19 08:24:06', 'Kg', 'Litro', 'CV', NULL, NULL, NULL),
	(1167, 26, 30, 29, NULL, 'AUT', 'VOYAGE 1.6L MB5', 1480.00, 5.00, 104.00, 1, 55.00, 'Km', NULL, NULL, '2022-09-23 13:21:35', 'Kg', 'Passageiro', 'CV', NULL, NULL, NULL),
	(1168, 138, 156, 64, NULL, 'GER', 'MGD125.60', 1459.00, 125.00, 100.00, 1, 100.00, 'H', NULL, NULL, '2022-09-23 16:18:46', 'Kg', 'Kva', 'kW', NULL, NULL, NULL),
	(1169, 138, 135, 64, NULL, 'GER', 'MGD260.60', 2355.00, 260.00, 208.00, 1, 400.00, 'H', NULL, NULL, '2022-09-24 13:48:15', 'Kg', 'Kva', 'Kw', NULL, NULL, NULL),
	(1170, 36, 32, 49, NULL, 'CAM', 'TORO FREED TURB AT6', 2400.00, 5.00, 185.00, 1, 55.00, 'Km', NULL, NULL, '2022-09-29 08:56:46', 'Kg', 'Passageiro', 'CV', NULL, NULL, NULL),
	(1171, 38, 63, 30, NULL, 'CMU', 'VM 270 6X4R', 26700.00, 45.00, 270.00, 1, 300.00, 'H', NULL, NULL, '2022-09-30 07:29:56', 'Kg', 'Ton.m', 'CV', NULL, NULL, NULL),
	(1172, 43, 163, 115, NULL, 'GES', 'SRC 350', 32300.00, 35.00, 119.00, 1, 300.00, 'H', NULL, NULL, '2022-10-03 11:55:03', 'Kg', 'Ton', 'Kw', NULL, NULL, NULL),
	(1173, 123, 72, 64, NULL, 'GER', 'BFDE 40.000', 1050.00, 39.20, 54.00, 1, 65.00, 'H', NULL, NULL, '2022-10-04 14:43:45', 'Kg', 'Kva', 'Kw', NULL, NULL, NULL),
	(1175, 134, 160, 113, NULL, 'PTA', '800AJ', 15520.00, 227.00, 55.00, 1, 117.00, 'H', NULL, NULL, '2022-10-07 13:08:29', 'Kg', 'Kg', 'HP', NULL, NULL, NULL),
	(1176, 139, 182, 93, NULL, 'TRI', 'TIS3P', 723.00, 57000.00, 1200.00, 1, 0.00, 'H', NULL, NULL, '2022-10-13 11:29:35', 'Kg', 'Lúmens', 'Wp', NULL, NULL, NULL),
	(1177, 50, 163, 115, NULL, 'GES', 'ZMC60', 42000.00, 60.00, 375.00, 1, 300.00, 'H', NULL, NULL, '2022-10-17 13:06:58', 'Kg', 'Ton', 'CV', NULL, NULL, NULL),
	(1178, 50, 163, 115, NULL, 'GES', 'ZMC75', 43870.00, 75.00, 375.00, 1, 300.00, 'H', NULL, NULL, '2022-10-17 14:22:10', 'Kg', 'Ton', 'CV', NULL, NULL, NULL),
	(1179, 64, 55, 40, NULL, 'CMP', 'R 440 A6X4', 23000.00, 17.70, 440.00, 1, 660.00, 'H', NULL, NULL, '2022-10-21 07:12:46', 'Kg', 'Ton', 'CV', NULL, NULL, NULL),
	(1181, 61, 164, 109, NULL, 'SRB', 'SR CT', 28500.00, 17.70, 0.00, 1, 0.00, 'H', NULL, NULL, '2022-10-21 11:57:56', 'Kg', 'Ton', 'CV', NULL, NULL, NULL),
	(1182, 61, 164, 109, NULL, 'SRB', 'SRBS IN', 25500.00, 19.63, 0.00, 1, 0.00, 'H', NULL, NULL, '2022-10-24 10:10:12', 'Kg', 'Ton', 'CV', NULL, NULL, NULL),
	(1183, 134, 160, 113, NULL, 'PTA', '1932RS/6RS', 1360.00, 227.00, 220.00, 1, 0.00, 'H', NULL, NULL, '2022-10-24 10:55:25', 'Kg', 'Kg', 'Ah', NULL, NULL, NULL),
	(1184, 134, 160, 113, NULL, 'PTA', '3248RS/10RS', 2300.00, 320.00, 220.00, 1, 0.00, 'H', NULL, NULL, '2022-10-24 10:56:19', 'Kg', 'Kg', 'Ah', NULL, NULL, NULL),
	(1185, 135, 171, 113, NULL, 'PTA', 'GS-3246', 2364.00, 318.00, 225.00, 1, 0.00, 'H', NULL, NULL, '2022-10-24 11:01:33', 'Kg', 'Kg', 'Ah', NULL, NULL, NULL),
	(1186, 45, 165, 116, NULL, 'MTE', '540-170', 12470.00, 4.00, 100.00, 1, 125.00, 'H', NULL, NULL, '2022-10-27 07:24:07', 'Kg', 'Ton', 'HP', NULL, NULL, NULL),
	(1187, 31, 62, 31, NULL, 'PIC', 'RANGER XL CD4A32', 3270.00, 5.00, 200.00, 1, 80.00, 'Km', NULL, NULL, '2022-10-31 08:43:43', 'Kg', 'Passageiro', 'CV', NULL, NULL, NULL),
	(1188, 68, 150, 105, NULL, 'SVV', 'KICKS SENSE MT', 1510.00, 5.00, 114.00, 1, 41.00, 'Km', NULL, NULL, '2022-11-21 08:49:35', 'Kg', 'Passageiro', 'CV', NULL, NULL, NULL),
	(1189, 28, 39, 37, NULL, 'AMB', 'HILUX MARIMAR A', 3000.00, 6.00, 177.00, 1, 80.00, 'Km', NULL, NULL, '2022-11-22 14:41:41', 'Kg', 'Passageiro', 'CV', NULL, NULL, NULL),
	(1190, 138, 74, 64, NULL, 'GER', 'D229-6', 570.00, 80.00, 64.00, 1, 120.00, 'H', NULL, NULL, '2022-11-23 16:07:19', 'Kg', 'Kva', 'Kw', NULL, NULL, NULL),
	(1191, 26, 58, 53, NULL, 'ONB', 'COMIL VERSATILE R', 16000.00, 48.00, 225.00, 1, 275.00, 'Km', NULL, NULL, '2022-11-28 08:32:29', 'Kg', 'Passageiro', 'CV', NULL, NULL, NULL),
	(1192, 26, 40, 38, NULL, 'CAB', '31.280 CRM 6X4', 23000.00, 15.00, 277.00, 1, 275.00, 'H', NULL, NULL, '2022-11-29 09:32:43', 'Kg', 'm³', 'CV', NULL, NULL, NULL),
	(1193, 40, 80, 70, NULL, 'TRA', '7630', 3886.00, 3950.00, 110.00, 1, 170.00, 'H', NULL, NULL, '2022-11-29 10:29:47', 'Kg', 'Kgf', 'CV', NULL, NULL, NULL),
	(1194, 140, 165, 116, NULL, 'MTE', 'MT-X 1841', 11840.00, 4.10, 74.50, 1, 135.00, 'H', NULL, NULL, '2022-11-29 14:36:36', 'Kg', 'Ton', 'Kw', NULL, NULL, NULL),
	(1195, 40, 80, 70, NULL, 'TRA', 'TL5.80', 4500.00, 3600.00, 80.00, 1, 140.00, 'H', NULL, NULL, '2022-12-05 08:46:21', 'Kg', 'Kg', 'CV', NULL, NULL, NULL),
	(1197, 61, 155, 109, NULL, 'SRB', 'SR CT 03E', 28500.00, 17.47, 0.00, 1, 0.00, 'H', NULL, NULL, '2022-12-05 11:35:04', 'Kg', 'Ton', 'CV', NULL, NULL, NULL),
	(1199, 44, 148, 119, NULL, 'RCR', 'XS123PDBR', 13000.00, 305.00, 97.00, 1, 240.00, 'H', NULL, NULL, '2022-12-05 11:51:36', 'Kg', 'KN', 'Kw', NULL, NULL, NULL),
	(1200, 108, 127, 64, NULL, 'GER', 'G110', 2667.00, 110.00, 88.00, 1, 756.00, 'H', NULL, NULL, '2022-12-15 07:35:10', 'Kg', 'Kva', 'Kw', NULL, NULL, NULL),
	(1201, 143, 71, 64, NULL, 'GER', 'B4T-12000E3', 143.00, 12.50, 19.00, 1, 48.00, 'H', NULL, NULL, '2022-12-15 09:25:28', 'Kg', 'Kva', 'CV', NULL, NULL, NULL),
	(1202, 30, 58, 53, NULL, 'ONB', 'COMIL VERSATILE R', 16000.00, 49.00, 208.00, 1, 275.00, 'Km', NULL, NULL, '2022-12-15 14:05:14', 'Kg', 'Passageiro', 'CV', NULL, NULL, NULL),
	(1203, 141, 166, 120, NULL, 'EPP', 'NÃO SE APLICA', 0.00, 0.00, 0.00, 1, 0.00, 'H', NULL, NULL, '2022-12-19 09:24:54', 'Kg', 'Kg', 'CV', NULL, NULL, NULL),
	(1204, 41, 42, 40, NULL, 'CMP', 'TRAKKER 740T48T', 23000.00, 23.00, 480.00, 1, 300.00, 'H', NULL, NULL, '2022-12-19 10:15:36', 'Kg', 'Ton', 'CV', NULL, NULL, NULL),
	(1205, 30, 46, 38, NULL, 'CAB', 'ATEGO 2730K 6X4 CE', 23000.00, 13.35, 286.00, 1, 300.00, 'H', NULL, NULL, '2023-01-03 15:35:32', 'Kg', 'm³', 'CV', NULL, NULL, NULL),
	(1206, 144, 155, 109, NULL, 'SRB', 'SRF CT', 50600.00, 40.00, 0.00, 1, 0.00, 'H', NULL, NULL, '2023-01-04 07:57:03', 'Kg', 'Ton', 'CV', NULL, NULL, NULL),
	(1207, 30, 58, 53, NULL, 'ONB', 'MPOLO VIAGGIO FR', 16000.00, 49.00, 238.00, 1, 300.00, 'Km', NULL, NULL, '2023-01-09 11:10:08', 'Kg', 'Passageiro', 'CV', NULL, NULL, NULL),
	(1208, 26, 32, 49, NULL, 'CAM', 'SAVEIRO CS RB MPI', 1740.00, 5.00, 104.00, 1, 55.00, 'Km', NULL, NULL, '2023-01-12 08:32:47', 'Kg', 'Passageiro', 'CV', NULL, NULL, NULL),
	(1209, 137, 164, 109, NULL, 'SRB', 'SRPCCA 3E', 30000.00, 23.50, 0.00, 1, 0.00, 'H', NULL, NULL, '2023-01-12 09:14:42', 'Kg', 'Ton', 'CV', NULL, NULL, NULL),
	(1210, 38, 168, 121, NULL, 'CMM', 'VM 330 6X4 MASTER', 23000.00, 47.00, 330.00, 1, 280.00, 'H', NULL, NULL, '2023-01-12 09:36:32', 'Kg', 'Ton', 'CV', NULL, NULL, NULL),
	(1211, 145, 164, 109, NULL, 'SRB', 'MG GR3E', 25500.00, 17.80, 0.00, 1, 0.00, 'H', NULL, NULL, '2023-01-12 11:14:06', 'Kg', 'Ton', 'CV', NULL, NULL, NULL),
	(1212, 61, 164, 109, NULL, 'SRB', 'SR CA', 25500.00, 18.25, 0.00, 1, 0.00, 'H', NULL, NULL, '2023-01-12 11:14:58', 'Kg', 'Ton', 'CV', NULL, NULL, NULL),
	(1213, 64, 54, 50, NULL, 'CME', 'R540 A6X4', 23000.00, 18.25, 540.00, 1, 1030.00, 'H', NULL, NULL, '2023-01-12 13:51:53', 'Kg', 'Ton', 'CV', NULL, NULL, NULL),
	(1214, 33, 134, 33, NULL, 'VAN', 'MASTER UNIT PAS1', 3500.00, 16.00, 136.00, 1, 80.00, 'Km', NULL, NULL, '2023-01-26 08:14:09', 'Kg', 'Passageiro', 'CV', NULL, NULL, NULL),
	(1215, 99, 156, 64, NULL, 'GER', 'NEF67-TE5', 1570.00, 250.00, 305.00, 1, 200.00, 'H', NULL, NULL, '2023-02-02 15:33:23', 'Kg', 'Kva', 'CV', NULL, NULL, NULL),
	(1216, 40, 165, 116, NULL, 'MTE', 'LM 1745', 11760.00, 4.50, 88.00, 1, 135.00, 'H', NULL, NULL, '2023-02-03 07:20:37', 'Kg', 'Ton', 'Kw', NULL, NULL, NULL),
	(1217, 43, 163, 115, NULL, 'GES', 'STC 800T5 L33', 45800.00, 80.00, 375.00, 1, 350.00, 'H', NULL, NULL, '2023-02-06 11:04:32', 'Kg', 'Ton', 'CV', NULL, NULL, NULL),
	(1218, 43, 163, 115, NULL, 'GES', 'SAC 2500S', 60000.00, 250.00, 490.00, 1, 500.00, 'H', NULL, NULL, '2023-02-06 11:19:18', 'Kg', 'Ton', 'CV', NULL, NULL, NULL),
	(1219, 38, 169, 38, NULL, 'CAB', 'VM 330 6X4R', 23000.00, 16.00, 275.00, 1, 300.00, 'H', 2.8000, 0.0336, '2018-06-21 13:52:39', 'Kg', 'm³', 'CV', NULL, NULL, NULL),
	(1220, 131, 148, 119, NULL, 'RCR', 'CA2500D', 11000.00, 250.00, 97.00, 1, 255.00, 'H', NULL, NULL, '2023-02-23 07:37:35', 'Kg', 'KN', 'Kw', NULL, NULL, NULL),
	(1221, 131, 148, 119, NULL, 'RCR', 'CA2500PD', 11200.00, 260.00, 97.00, 1, 255.00, 'H', NULL, NULL, '2023-02-23 07:38:46', 'Kg', 'KN', 'Kw', NULL, NULL, NULL),
	(1222, 131, 148, 119, NULL, 'RCR', 'CA2800D', 12200.00, 250.00, 97.00, 1, 255.00, 'H', NULL, NULL, '2023-02-23 07:39:38', 'Kg', 'KN', 'Kw', NULL, NULL, NULL),
	(1223, 131, 148, 119, NULL, 'RCR', 'CA3500D/PD', 12100.00, 280.00, 97.00, 1, 255.00, 'H', NULL, NULL, '2023-02-23 07:40:40', 'Kg', 'KN', 'Kw', NULL, NULL, NULL),
	(1224, 131, 148, 119, NULL, 'RCR', 'CA4000D', 14400.00, 280.00, 97.00, 1, 255.00, 'H', NULL, NULL, '2023-02-23 07:41:40', 'Kg', 'KN', 'Kw', NULL, NULL, NULL),
	(1225, 131, 148, 119, NULL, 'RCR', 'CA4000PD', 13300.00, 280.00, 97.00, 1, 255.00, 'H', NULL, NULL, '2023-02-23 07:42:20', 'Kg', 'KN', 'Kw', NULL, NULL, NULL),
	(1226, 131, 148, 119, NULL, 'RCR', 'CA250', 11615.00, 301.00, 82.00, 1, 250.00, 'H', NULL, NULL, '2023-02-23 07:44:58', 'Kg', 'KN', 'Kw', NULL, NULL, NULL),
	(1227, 131, 148, 119, NULL, 'RCR', 'CA25D', 10500.00, 250.00, 97.00, 1, 280.00, 'H', NULL, NULL, '2023-02-23 08:22:52', 'Kg', 'KN', 'Kw', NULL, NULL, NULL),
	(1228, 42, 44, 42, NULL, 'MTN', 'GD535-5', 15700.00, 3.71, 154.00, 1, 271.00, 'H', NULL, NULL, '2023-02-23 11:18:51', 'Kg', 'm³', 'HP', NULL, NULL, NULL),
	(1229, 26, 69, 62, NULL, 'CPP', '26.260 CRM 6X4', 23000.00, 20000.00, 256.00, 1, 275.00, 'H', NULL, NULL, '2023-02-23 12:22:47', 'Kg', 'Litro', 'CV', NULL, NULL, NULL),
	(1230, 30, 53, 48, NULL, 'CPI', 'ATEGO 1719 CL', 16000.00, 10000.00, 185.00, 1, 210.00, 'H', NULL, NULL, '2023-03-03 12:41:34', 'Kg', 'Litro', 'CV', NULL, NULL, NULL),
	(1231, 30, 69, 62, NULL, 'CPP', 'ATEGO 2730 6X4 CE', 23000.00, 20000.00, 286.00, 1, 300.00, 'H', NULL, NULL, '2023-03-08 12:10:28', 'Kg', 'Litro', 'CV', NULL, NULL, NULL),
	(1232, 44, 44, 42, NULL, 'MTN', 'GR1803BR', 16100.00, 89.00, 144.00, 1, 280.00, 'H', NULL, NULL, '2023-03-14 11:02:28', 'Kg', 'KN', 'Kw', NULL, NULL, NULL),
	(1233, 35, 30, 29, NULL, 'AUT', 'C4CACTUS FEEL P', 1610.00, 5.00, 118.00, 1, 50.00, 'Km', NULL, NULL, '2023-03-15 13:48:05', 'Kg', 'Passageiro', 'CV', NULL, NULL, NULL),
	(1234, 30, 69, 62, NULL, 'CPP', 'AXOR 3131 6X4', 23000.00, 20000.00, 310.00, 1, 300.00, 'H', NULL, NULL, '2023-03-15 15:17:09', 'Kg', 'Litro', 'CV', NULL, NULL, NULL),
	(1235, 29, 60, 55, NULL, 'TRE', 'D4', 13500.00, 3.81, 160.00, 1, 260.00, 'H', NULL, NULL, '2023-03-16 07:29:48', 'Kg', 'm³', 'HP', NULL, NULL, NULL),
	(1236, 29, 60, 55, NULL, 'TRE', 'D4 LGP', 14350.00, 3.81, 160.00, 1, 260.00, 'H', NULL, NULL, '2023-03-16 07:30:36', 'Kg', 'm³', 'HP', NULL, NULL, NULL),
	(1237, 30, 169, 38, NULL, 'CAB', 'AXOR 4144K 6X4', 23000.00, 14.00, 440.00, 1, 300.00, 'H', NULL, NULL, '2023-03-17 09:15:26', 'Kg', 'm³', 'CV', NULL, NULL, NULL),
	(1238, 30, 46, 38, NULL, 'CAB', 'AXOR 4144K 6X4', 23000.00, 15.00, 440.00, 1, 300.00, 'H', NULL, NULL, '2023-03-17 09:16:10', 'Kg', 'm³', 'CV', NULL, NULL, NULL),
	(1239, 30, 40, 38, NULL, 'CAB', 'AXOR 4144K 6X4', 23000.00, 16.00, 440.00, 1, 300.00, 'H', NULL, NULL, '2023-03-17 09:16:49', 'Kg', 'm³', 'CV', NULL, NULL, NULL),
	(1240, 30, 169, 38, NULL, 'CAB', 'AXOR 3344S 6X4', 23000.00, 14.00, 440.00, 1, 500.00, 'H', NULL, NULL, '2023-03-17 09:18:33', 'Kg', 'm³', 'CV', NULL, NULL, NULL),
	(1241, 30, 46, 38, NULL, 'CAB', 'AXOR 3344S 6X4', 23000.00, 15.00, 440.00, 1, 500.00, 'H', NULL, NULL, '2023-03-17 09:19:27', 'Kg', 'm³', 'CV', NULL, NULL, NULL),
	(1242, 30, 40, 38, NULL, 'CAB', 'AXOR 3344S 6X4', 23000.00, 16.00, 440.00, 1, 500.00, 'H', NULL, NULL, '2023-03-17 09:20:47', 'Kg', 'm³', 'CV', NULL, NULL, NULL),
	(1243, 30, 169, 38, NULL, 'CAB', 'AXOR 3131 6X4', 23000.00, 14.00, 310.00, 1, 300.00, 'H', NULL, NULL, '2023-03-17 09:22:03', 'Kg', 'm³', 'CV', NULL, NULL, NULL),
	(1244, 30, 46, 38, NULL, 'CAB', 'AXOR 3131 6X4', 23000.00, 15.00, 310.00, 1, 300.00, 'H', NULL, NULL, '2023-03-17 09:22:38', 'Kg', 'm³', 'CV', NULL, NULL, NULL),
	(1245, 30, 40, 38, NULL, 'CAB', 'AXOR 3131 6X4', 23000.00, 16.00, 310.00, 1, 300.00, 'H', NULL, NULL, '2023-03-17 09:23:03', 'Kg', 'm³', 'CV', NULL, NULL, NULL),
	(1246, 30, 46, 38, NULL, 'CAB', 'ATRON 2729 B 6X4', 29000.00, 15.00, 286.00, 1, 210.00, 'H', NULL, NULL, '2023-03-20 10:29:17', 'Kg', 'm³', 'CV', NULL, NULL, NULL),
	(1247, 44, 56, 51, NULL, 'ESC', 'XE225BR', 22500.00, 1.20, 132.00, 1, 400.00, 'H', NULL, NULL, '2023-03-23 09:55:10', 'Kg', 'm³', 'Kw', NULL, NULL, NULL),
	(1248, 146, 170, 123, NULL, 'CVE', 'SOLARDRILL', 5500.00, 40.00, 54.00, 1, 80.00, 'H', NULL, NULL, '2023-03-23 11:49:07', 'Kg', 'KN', 'Kw', NULL, NULL, NULL),
	(1249, 26, 30, 29, NULL, 'AUT', 'VOYAGE MPI', 1430.00, 5.00, 84.00, 1, 55.00, 'Km', NULL, NULL, '2023-03-23 16:14:34', 'Kg', 'Passageiro', 'CV', NULL, NULL, NULL),
	(1250, 135, 171, 113, NULL, 'PTA', 'GS-2032', 1830.00, 363.00, 245.00, 1, 0.00, 'H', NULL, NULL, '2023-03-24 11:25:21', 'Kg', 'Kg', 'Ah', NULL, NULL, NULL),
	(1251, 135, 171, 113, NULL, 'PTA', 'GS-2632', 1959.00, 227.00, 245.00, 1, 0.00, 'H', NULL, NULL, '2023-03-24 11:30:29', 'Kg', 'Kg', 'Ah', NULL, NULL, NULL),
	(1252, 135, 171, 113, NULL, 'PTA', 'GS-2046', 2506.00, 544.00, 245.00, 1, 0.00, 'H', NULL, NULL, '2023-03-24 11:34:19', 'Kg', 'Kg', 'Ah', NULL, NULL, NULL),
	(1253, 135, 171, 113, NULL, 'PTA', 'GS-2646', 2561.00, 454.00, 245.00, 1, 0.00, 'H', NULL, NULL, '2023-03-24 11:35:00', 'Kg', 'Kg', 'Ah', NULL, NULL, NULL),
	(1254, 135, 171, 113, NULL, 'PTA', 'GS-3232', 2352.00, 227.00, 225.00, 1, 0.00, 'H', NULL, NULL, '2023-03-24 11:36:03', 'Kg', 'Kg', 'Ah', NULL, NULL, NULL),
	(1255, 26, 63, 30, NULL, 'CMU', '24.260 CRM 6X2', 23000.00, 45.00, 256.00, 1, 275.00, 'H', NULL, NULL, '2023-03-27 10:14:26', 'Kg', 'Ton.m', 'CV', NULL, NULL, NULL),
	(1256, 72, 120, 52, NULL, 'GUI', 'LTM 1220 5.2', 60000.00, 220.00, 697.00, 1, 490.00, 'H', NULL, NULL, '2023-03-27 10:30:45', 'Kg', 'Ton', 'CV', NULL, NULL, NULL),
	(1257, 72, 159, 112, NULL, 'GHI', 'LTM 1220 5.2', 60000.00, 220.00, 180.00, 1, 265.00, 'H', NULL, NULL, '2023-03-27 10:32:36', 'Kg', 'Ton', 'Kw', NULL, NULL, NULL),
	(1258, 30, 69, 62, NULL, 'CPP', 'AXOR 2831 6X4', 23000.00, 20000.00, 305.00, 1, 300.00, 'H', NULL, NULL, '2023-03-31 07:30:33', 'Kg', 'Litro', 'CV', NULL, NULL, NULL),
	(1259, 40, 38, 36, NULL, 'PAC', '12D EVO', 10515.00, 1.60, 130.00, 1, 140.00, 'H', NULL, NULL, '2023-04-05 11:58:52', 'Kg', 'm³', 'HP', NULL, NULL, NULL),
	(1260, 40, 44, 42, NULL, 'MTN', 'RG170B', 17172.00, 3.22, 220.00, 1, 360.00, 'H', NULL, NULL, '2023-04-11 14:53:28', 'Kg', 'm³', 'HP', NULL, NULL, NULL),
	(1261, 45, 56, 51, NULL, 'ESC', 'JS220LC', 21904.00, 1.50, 173.00, 1, 343.00, 'H', NULL, NULL, '2023-04-11 17:16:41', 'Kg', 'm³', 'HP', NULL, NULL, NULL),
	(1262, 45, 56, 51, NULL, 'ESC', 'JS210SC', 21090.00, 1.50, 173.00, 1, 343.00, 'H', NULL, NULL, '2023-04-11 17:17:43', 'Kg', 'm³', 'HP', NULL, NULL, NULL),
	(1263, 45, 56, 51, NULL, 'ESC', 'JS235LC', 23440.00, 1.50, 173.00, 1, 343.00, 'H', NULL, NULL, '2023-04-11 17:18:30', 'Kg', 'm³', 'HP', NULL, NULL, NULL),
	(1264, 45, 56, 51, NULL, 'ESC', 'JS220LR', 23742.00, 1.50, 173.00, 1, 343.00, 'H', NULL, NULL, '2023-04-11 17:19:07', 'Kg', 'm³', 'HP', NULL, NULL, NULL),
	(1265, 26, 45, 38, NULL, 'CAB', '32.360 CRC', 23000.00, 13000.00, 360.00, 1, 275.00, 'H', NULL, NULL, '2023-04-13 07:16:38', 'Kg', 'm³', 'CV', NULL, NULL, NULL),
	(1267, 26, 46, 38, NULL, 'CAB', '32.360 CRC', 23000.00, 13000.00, 360.00, 1, 275.00, 'H', NULL, NULL, '2023-04-13 07:19:06', 'Kg', 'm³', 'CV', NULL, NULL, NULL),
	(1268, 26, 40, 38, NULL, 'CAB', '32.360 CRC', 23000.00, 13000.00, 360.00, 1, 275.00, 'H', NULL, NULL, '2023-04-13 07:19:51', 'Kg', 'm³', 'CV', NULL, NULL, NULL),
	(1269, 26, 169, 38, NULL, 'CAB', '32.360 CRC', 23000.00, 13000.00, 360.00, 1, 275.00, 'H', NULL, NULL, '2023-04-13 07:22:40', 'Kg', 'm³', 'CV', NULL, NULL, NULL),
	(1270, 58, 72, 64, NULL, 'GER', 'QAS 24', 834.00, 24.00, 19.20, 1, 75.00, 'H', NULL, NULL, '2023-04-13 11:32:06', 'Kg', 'Kva', 'Kw', NULL, NULL, NULL),
	(1271, 58, 72, 64, NULL, 'GER', 'QAS 40', 1166.00, 40.00, 31.70, 1, 150.00, 'H', NULL, NULL, '2023-04-13 11:34:44', 'Kg', 'Kva', 'Kw', NULL, NULL, NULL),
	(1272, 58, 73, 64, NULL, 'GER', 'QAS 55', 1185.00, 55.00, 44.00, 1, 150.00, 'H', NULL, NULL, '2023-04-13 11:35:20', 'Kg', 'Kva', 'Kw', NULL, NULL, NULL),
	(1273, 58, 74, 64, NULL, 'GER', 'QAS 70', 1277.00, 70.00, 56.00, 1, 150.00, 'H', NULL, NULL, '2023-04-13 11:36:13', 'Kg', 'Kva', 'Kw', NULL, NULL, NULL),
	(1274, 58, 156, 64, NULL, 'GER', 'QAS 105', 1667.00, 105.00, 83.60, 1, 248.00, 'H', NULL, NULL, '2023-04-13 11:37:43', 'Kg', 'Kva', 'kW', NULL, NULL, NULL),
	(1275, 58, 142, 64, NULL, 'GER', 'QAS 85', 1610.00, 85.00, 68.70, 1, 248.00, 'H', NULL, NULL, '2023-04-13 11:38:32', 'Kg', 'Kva', 'Kw', NULL, NULL, NULL),
	(1276, 58, 84, 65, NULL, 'COM', 'XAS 77', 1070.00, 0.90, 55.00, 1, 56.50, 'H', NULL, NULL, '2023-04-13 12:14:01', 'Kg', 'pcm', 'CV', NULL, NULL, NULL),
	(1277, 58, 105, 65, NULL, 'COM', 'XAS 97', 1070.00, 1.38, 55.00, 1, 56.50, 'H', NULL, NULL, '2023-04-13 12:15:12', 'Kg', 'pcm', 'CV', NULL, NULL, NULL),
	(1281, 140, 172, 124, NULL, 'MCA', '1350R', 2424.00, 680.00, 34.50, 1, 62.50, 'H', NULL, NULL, '2023-04-17 09:51:39', 'Kg', 'Kg', 'Kw', NULL, NULL, NULL),
	(1282, 140, 172, 124, NULL, 'MCA', '1500R', 2783.00, 748.00, 34.50, 1, 62.50, 'H', NULL, NULL, '2023-04-17 09:52:14', 'Kg', 'Kg', 'Kw', NULL, NULL, NULL),
	(1283, 140, 172, 124, NULL, 'MCA', '1650R', 2887.00, 816.50, 52.00, 1, 62.50, 'H', NULL, NULL, '2023-04-17 09:52:45', 'Kg', 'Kg', 'Kw', NULL, NULL, NULL),
	(1284, 26, 76, 30, NULL, 'CMU', '17.190 CRM 4X2 ROB', 16000.00, 10.00, 186.00, 1, 275.00, 'H', NULL, NULL, '2023-04-18 09:33:59', 'Kg', 'Ton.m', 'CV', NULL, NULL, NULL),
	(1285, 29, 44, 42, NULL, 'MTN', '140 K', 17271.00, 3.70, 128.00, 1, 305.00, 'H', NULL, NULL, '2023-04-18 13:48:54', 'Kg', 'm', 'Kw', NULL, NULL, NULL),
	(1286, 44, 148, 119, NULL, 'RCR', 'XS122PDBR', 13000.00, 280.00, 93.00, 1, 200.00, 'H', NULL, NULL, '2023-04-18 14:03:10', 'Kg', 'KN', 'Kw', NULL, NULL, NULL),
	(1287, 147, 155, 109, NULL, 'SRB', 'C PRANCHA 2E', 34800.00, 25.00, 0.00, 1, 0.00, 'H', NULL, NULL, '2023-04-20 07:35:46', 'Kg', 'Ton', 'CV', NULL, NULL, NULL),
	(1288, 30, 42, 40, NULL, 'CMP', 'AXOR 2644S 6X4', 23000.00, 34.80, 439.00, 1, 500.00, 'H', NULL, NULL, '2023-04-20 07:43:58', 'Kg', 'Ton', 'CV', NULL, NULL, NULL),
	(1289, 30, 46, 38, NULL, 'CAB', 'ATEGO 2730 6X4', 23000.00, 15.36, 286.00, 1, 210.00, 'H', NULL, NULL, '2023-04-20 09:31:41', 'Kg', 'm³', 'CV', NULL, NULL, NULL),
	(1290, 31, 62, 31, NULL, 'PIC', 'RANGER XL CD4 22C', 3200.00, 5.00, 160.00, 1, 80.00, 'Km', NULL, NULL, '2023-04-20 12:22:04', 'Kg', 'Passageiro', 'CV', NULL, NULL, NULL),
	(1291, 81, 148, 119, NULL, 'RCR', 'LP 9505', 1660.00, 21.80, 18.00, 1, 30.00, 'H', NULL, NULL, '2023-04-24 09:57:44', 'Kg', 'KN', 'Kw', NULL, NULL, NULL),
	(1292, 81, 173, 125, NULL, 'MRC', 'LP 9505', 1660.00, 21.80, 18.00, 1, 30.00, 'H', NULL, NULL, '2023-04-26 07:58:14', 'Kg', 'KN', 'Kw', NULL, NULL, NULL),
	(1293, 31, 46, 38, NULL, 'CAB', 'CARGO 2422 E', 23000.00, 15.00, 220.00, 1, 275.00, 'H', NULL, NULL, '2023-04-27 11:45:17', 'Kg', 'm³', 'CV', NULL, NULL, NULL),
	(1294, 31, 45, 38, NULL, 'CAB', 'CARGO 2422 E', 23000.00, 12.00, 220.00, 1, 275.00, 'H', NULL, NULL, '2023-04-27 11:46:45', 'Kg', 'm³', 'CV', NULL, NULL, NULL),
	(1295, 31, 169, 38, NULL, 'CAB', 'CARGO 2422 E', 23000.00, 13.70, 220.00, 1, 275.00, 'H', NULL, NULL, '2023-04-27 11:47:41', 'Kg', 'm³', 'CV', NULL, NULL, NULL),
	(1296, 43, 163, 115, NULL, 'GES', 'STC 1100T6', 47000.00, 110.00, 375.00, 1, 500.00, 'H', NULL, NULL, '2023-05-03 10:26:03', 'Kg', 'Ton', 'CV', NULL, NULL, NULL),
	(1297, 29, 148, 119, NULL, 'RCR', 'CS54B', 10555.00, 234.00, 96.50, 1, 242.00, 'H', NULL, NULL, '2023-05-04 12:05:45', 'Kg', 'KN', 'Kw', NULL, NULL, NULL),
	(1298, 30, 53, 48, NULL, 'CPI', 'ATEGO 2426', 23000.00, 10000.00, 256.00, 1, 275.00, 'H', NULL, NULL, '2023-05-05 11:24:23', 'Kg', 'Litro', 'CV', NULL, NULL, NULL),
	(1299, 30, 66, 95, NULL, 'CPQ', 'ATEGO 2426', 23000.00, 15000.00, 256.00, 1, 275.00, 'H', NULL, NULL, '2023-05-05 11:25:02', 'Kg', 'Litro', 'CV', NULL, NULL, NULL),
	(1300, 30, 69, 62, NULL, 'CPP', 'ATEGO 2426', 23000.00, 20000.00, 256.00, 1, 275.00, 'H', NULL, NULL, '2023-05-05 11:25:36', 'Kg', 'Litro', 'CV', NULL, NULL, NULL),
	(1301, 32, 162, 114, NULL, 'EMP', '160D-7E', 19235.00, 16.00, 119.00, 1, 214.00, 'H', NULL, NULL, '2023-05-08 09:03:34', 'Kg', 'Ton', 'Kw', NULL, NULL, NULL),
	(1302, 32, 162, 114, NULL, 'EMP', '140D-7E', 18378.00, 14.00, 119.00, 1, 214.00, 'H', NULL, NULL, '2023-05-08 09:17:20', 'Kg', 'Ton', 'Kw', NULL, NULL, NULL),
	(1303, 32, 162, 114, NULL, 'EMP', '110D-7E', 15797.00, 11.00, 119.00, 1, 214.00, 'H', NULL, NULL, '2023-05-08 09:21:08', 'Kg', 'Ton', 'Kw', NULL, NULL, NULL),
	(1304, 32, 162, 114, NULL, 'EMP', '130D-7E', 16503.00, 13.00, 119.00, 1, 214.00, 'H', NULL, NULL, '2023-05-08 09:21:47', 'Kg', 'Ton', 'Kw', NULL, NULL, NULL),
	(1305, 46, 80, 70, NULL, 'TRA', '6150J', 8550.00, 3580.00, 110.00, 1, 300.00, 'H', NULL, NULL, '2023-05-09 09:03:32', 'Kg', 'Kg', 'Kw', NULL, NULL, NULL),
	(1306, 123, 72, 64, NULL, 'GER', 'K30250', 1230.00, 31.30, 25.00, 1, 66.00, 'H', NULL, NULL, '2023-05-10 11:20:55', 'Kg', 'Kva', 'Kw', NULL, NULL, NULL),
	(1307, 138, 156, 64, NULL, 'GER', 'MGD170.60', 1602.00, 170.00, 136.00, 1, 170.00, 'H', NULL, NULL, '2023-05-10 11:31:19', 'Kg', 'Kva', 'kW', NULL, NULL, NULL),
	(1308, 88, 174, 64, NULL, 'GER', 'HCI434D', 950.00, 375.00, 300.00, 1, 0.00, 'H', NULL, NULL, '2023-05-11 07:41:06', 'Kg', 'Kva', 'Kw', NULL, NULL, NULL),
	(1309, 38, 76, 30, NULL, 'CMU', 'VM 270 4X2R', 16800.00, 11.00, 270.00, 1, 280.00, 'H', NULL, NULL, '2023-05-11 08:43:15', 'Kg', 'Ton.m', 'CV', NULL, NULL, NULL),
	(1310, 30, 175, 126, NULL, 'CCF', 'AXOR 3131 6X4', 23000.00, 10.15, 310.00, 1, 300.00, 'H', NULL, NULL, '2023-05-12 07:30:35', 'Kg', 'Ton', 'CV', NULL, NULL, NULL),
	(1311, 26, 30, 29, NULL, 'AUT', 'POLO MA', 1460.00, 5.00, 84.00, 1, 52.00, 'Km', NULL, NULL, '2023-05-17 11:50:53', 'Kg', 'Passageiro', 'CV', NULL, NULL, NULL),
	(1312, 33, 150, 105, NULL, 'SVV', 'DUSTER INT 1.6', 1690.00, 5.00, 120.00, 1, 50.00, 'Km', NULL, NULL, '2023-05-17 12:58:17', 'Kg', 'Passageiro', 'CV', NULL, NULL, NULL),
	(1313, 33, 32, 49, NULL, 'CAM', 'OROCH PRO 1.6', 1690.00, 5.00, 120.00, 1, 45.00, 'Km', NULL, NULL, '2023-05-17 13:01:38', 'Kg', 'Passageiro', 'CV', NULL, NULL, NULL),
	(1314, 46, 60, 55, NULL, 'TRE', '750J-II', 15599.00, 3.23, 116.00, 1, 371.00, 'H', NULL, NULL, '2023-05-17 13:24:58', 'Kg', 'm³', 'Kw', NULL, NULL, NULL),
	(1315, 26, 45, 38, NULL, 'CAB', '31.390 CRC 6X4', 23000.00, 12.00, 400.00, 1, 275.00, 'H', NULL, NULL, '2023-05-18 07:56:51', 'Kg', 'm³', 'CV', NULL, NULL, NULL),
	(1316, 26, 46, 38, NULL, 'CAB', '31.390 CRC 6X4', 23000.00, 15.00, 400.00, 1, 275.00, 'H', NULL, NULL, '2023-05-18 07:57:28', 'Kg', 'm³', 'CV', NULL, NULL, NULL),
	(1317, 26, 40, 38, NULL, 'CAB', '31.390 CRC 6X4', 23000.00, 16.00, 400.00, 1, 275.00, 'H', NULL, NULL, '2023-05-18 07:57:59', 'Kg', 'm³', 'CV', NULL, NULL, NULL),
	(1318, 27, 62, 31, NULL, 'PIC', 'L200 TRITON SPO GL', 2950.00, 5.00, 190.00, 1, 75.00, 'Km', NULL, NULL, '2023-05-23 12:12:14', 'Kg', 'Passageiro', 'CV', NULL, NULL, NULL),
	(1319, 30, 157, 110, NULL, 'CAO', 'ACCELO 815 CE', 8300.00, 3.00, 156.00, 1, 150.00, 'H', NULL, NULL, '2023-05-26 11:15:44', 'Kg', 'Passageiro', 'CV', NULL, NULL, NULL),
	(1320, 34, 56, 51, NULL, 'ESC', 'CX 180C', 17677.00, 0.80, 119.60, 1, 300.00, 'H', NULL, NULL, '2023-05-29 10:28:56', 'Kg', 'm³', 'HP', NULL, NULL, NULL),
	(1321, 34, 56, 51, NULL, 'ESC', 'CX 240C ME', 23472.00, 1.50, 147.80, 1, 410.00, 'H', NULL, NULL, '2023-05-29 10:32:56', 'Kg', 'm³', 'HP', NULL, NULL, NULL),
	(1322, 34, 56, 51, NULL, 'ESC', 'CX 350C', 37910.00, 2.00, 268.20, 1, 580.00, 'H', NULL, NULL, '2023-05-29 10:34:02', 'Kg', 'm³', 'HP', NULL, NULL, NULL),
	(1323, 34, 56, 51, NULL, 'ESC', 'CX 370C ME', 38574.00, 2.70, 268.20, 1, 580.00, 'H', NULL, NULL, '2023-05-29 10:35:58', 'Kg', 'm³', 'HP', NULL, NULL, NULL),
	(1324, 34, 56, 51, NULL, 'ESC', 'CX 490C', 47800.00, 2.40, 328.00, 1, 650.00, 'H', NULL, NULL, '2023-05-29 10:36:41', 'Kg', 'm³', 'HP', NULL, NULL, NULL),
	(1325, 34, 56, 51, NULL, 'ESC', 'CX 500C', 49500.00, 2.80, 328.00, 1, 650.00, 'H', NULL, NULL, '2023-05-29 10:37:23', 'Kg', 'm³', 'HP', NULL, NULL, NULL),
	(1326, 38, 56, 51, NULL, 'ESC', 'EC220D', 21980.00, 0.92, 156.00, 1, 375.00, 'H', NULL, NULL, '2023-05-29 10:41:07', 'Kg', 'm³', 'HP', NULL, NULL, NULL),
	(1327, 38, 56, 51, NULL, 'ESC', 'EC220DL', 22220.00, 1.00, 156.00, 1, 375.00, 'H', NULL, NULL, '2023-05-29 10:42:41', 'Kg', 'm³', 'HP', NULL, NULL, NULL),
	(1328, 38, 56, 51, NULL, 'ESC', 'EC220DLR', 23990.00, 0.52, 156.00, 1, 375.00, 'H', NULL, NULL, '2023-05-29 10:43:44', 'Kg', 'm³', 'HP', NULL, NULL, NULL),
	(1329, 44, 38, 36, NULL, 'PAC', 'LW500BR-I', 18200.00, 3.00, 159.00, 1, 300.00, 'H', NULL, NULL, '2023-05-29 10:47:47', 'Kg', 'm³', 'Kw', NULL, NULL, NULL),
	(1330, 44, 38, 36, NULL, 'PAC', 'LW500BR', 18000.00, 4.50, 159.00, 1, 300.00, 'H', NULL, NULL, '2023-05-29 10:50:30', 'Kg', 'm³', 'Kw', NULL, NULL, NULL),
	(1331, 122, 148, 119, NULL, 'RCR', 'VAP 70 LT', 13220.00, 276.00, 97.00, 1, 300.00, 'H', NULL, NULL, '2023-05-30 14:41:50', 'Kg', 'KN', 'Kw', NULL, NULL, NULL),
	(1332, 122, 148, 119, NULL, 'RCR', 'VAP 70 PT', 14420.00, 365.00, 97.00, 1, 300.00, 'H', NULL, NULL, '2023-05-30 14:42:31', 'Kg', 'KN', 'Kw', NULL, NULL, NULL),
	(1333, 40, 60, 55, NULL, 'TRE', 'D180C', 22760.00, 5.58, 232.00, 1, 405.00, 'H', NULL, NULL, '2023-05-30 14:46:43', 'Kg', 'm³', 'HP', NULL, NULL, NULL),
	(1334, 149, 148, 119, NULL, 'RCR', 'BW 212 D-40', 14670.00, 275.00, 97.00, 1, 250.00, 'H', NULL, NULL, '2023-05-30 14:49:51', 'Kg', 'KN', 'Kw', NULL, NULL, NULL),
	(1335, 149, 148, 119, NULL, 'RCR', 'BW 212 PD-40', 13320.00, 310.00, 97.00, 1, 250.00, 'H', NULL, NULL, '2023-05-30 14:50:52', 'Kg', 'KN', 'Kw', NULL, NULL, NULL),
	(1336, 42, 56, 51, NULL, 'ESC', 'PC160LC-8', 17570.00, 1.05, 115.00, 1, 280.00, 'H', NULL, NULL, '2023-05-31 15:37:16', 'Kg', 'm³', 'HP', NULL, NULL, NULL),
	(1337, 30, 69, 62, NULL, 'CPP', 'ATRON 2729 6X4', 23000.00, 20000.00, 286.00, 1, 210.00, 'H', NULL, NULL, '2023-06-01 12:36:00', 'Kg', 'Litro', 'CV', NULL, NULL, NULL),
	(1338, 43, 158, 111, NULL, 'MEH', 'SY35U', 3855.00, 1423.00, 24.40, 1, 40.00, 'H', NULL, NULL, '2023-06-05 09:44:35', 'Kg', 'Kg', 'HP', NULL, NULL, NULL),
	(1339, 65, 80, 70, NULL, 'TRA', 'BH 154', 8645.00, 8000.00, 159.00, 1, 400.00, 'H', NULL, NULL, '2023-06-05 10:57:40', 'Kg', 'Kgf', 'CV', NULL, NULL, NULL),
	(1340, 65, 80, 70, NULL, 'TRA', 'BH 145', 8250.00, 7000.00, 153.00, 1, 362.00, 'H', NULL, NULL, '2023-06-05 11:04:50', 'Kg', 'Kgf', 'CV', NULL, NULL, NULL),
	(1341, 43, 56, 51, NULL, 'ESC', 'SY115C-9', 12400.00, 0.50, 72.70, 1, 340.00, 'H', NULL, NULL, '2023-06-06 10:49:43', 'Kg', 'm³', 'Kw', NULL, NULL, NULL),
	(1342, 43, 56, 51, NULL, 'ESC', 'SY135C-8', 13500.00, 0.53, 72.70, 1, 340.00, 'H', NULL, NULL, '2023-06-06 10:50:36', 'Kg', 'm³', 'Kw', NULL, NULL, NULL),
	(1343, 43, 56, 51, NULL, 'ESC', 'SY135C-9', 13500.00, 0.61, 72.70, 1, 340.00, 'H', NULL, NULL, '2023-06-06 10:51:24', 'Kg', 'm³', 'Kw', NULL, NULL, NULL),
	(1344, 43, 56, 51, NULL, 'ESC', 'SY155 H', 14100.00, 0.54, 72.70, 1, 340.00, 'H', NULL, NULL, '2023-06-06 10:51:56', 'Kg', 'm³', 'Kw', NULL, NULL, NULL),
	(1345, 32, 30, 29, NULL, 'AUT', 'HB20 10TM PLATINUM', 1470.00, 5.00, 120.00, 1, 50.00, 'Km', NULL, NULL, '2023-06-06 14:01:14', 'Kg', 'Passageiro', 'CV', NULL, NULL, NULL),
	(1346, 130, 122, 64, NULL, 'GER', 'GBW150C', 1840.00, 151.00, 121.00, 1, 360.00, 'H', NULL, NULL, '2023-06-06 14:13:19', 'Kg', 'Kva', 'Kw', NULL, NULL, NULL),
	(1347, 130, 73, 64, NULL, 'GER', 'GBW45C', 1093.00, 43.00, 35.00, 1, 125.00, 'H', NULL, NULL, '2023-06-06 14:15:10', 'Kg', 'Kva', 'Kw', NULL, NULL, NULL),
	(1348, 130, 74, 64, NULL, 'GER', 'GBW65C', 1245.00, 67.00, 53.00, 1, 125.00, 'H', NULL, NULL, '2023-06-06 14:16:55', 'Kg', 'Kva', 'Kw', NULL, NULL, NULL),
	(1349, 130, 127, 64, NULL, 'GER', 'GBW110C', 1740.00, 115.00, 92.00, 1, 360.00, 'H', NULL, NULL, '2023-06-06 14:17:43', 'Kg', 'Kva', 'Kw', NULL, NULL, NULL),
	(1350, 130, 156, 64, NULL, 'GER', 'GBW200C', 2110.00, 202.00, 162.00, 1, 360.00, 'H', NULL, NULL, '2023-06-06 14:19:29', 'Kg', 'Kva', 'kW', NULL, NULL, NULL),
	(1351, 36, 35, 34, NULL, 'VEU', 'FIORINO ENDURANCE', 1780.00, 2.00, 86.00, 1, 55.00, 'Km', NULL, NULL, '2023-06-07 13:35:39', 'Kg', 'Passageiro', 'CV', NULL, NULL, NULL),
	(1352, 42, 60, 55, NULL, 'TRE', 'D61EX-23M0', 19770.00, 3.80, 168.00, 1, 372.00, 'H', NULL, NULL, '2023-06-12 08:52:34', 'Kg', 'm³', 'HP', NULL, NULL, NULL),
	(1353, 26, 69, 62, NULL, 'CPP', '26.280 CRM 6X4', 23000.00, 20000.00, 277.00, 1, 275.00, 'H', NULL, NULL, '2023-06-12 09:02:17', 'Kg', 'Litro', 'CV', NULL, NULL, NULL),
	(1354, 30, 37, 35, NULL, 'CCC', 'ATRON 1319', 13900.00, 23.00, 185.00, 1, 210.00, 'H', NULL, NULL, '2023-06-12 09:09:58', 'Kg', 'Passageiro', 'CV', NULL, NULL, NULL),
	(1355, 130, 73, 64, NULL, 'GER', 'GSW60P', 956.00, 59.00, 47.00, 1, 68.00, 'H', NULL, NULL, '2023-06-12 09:32:53', 'Kg', 'Kva', 'Kw', NULL, NULL, NULL),
	(1356, 58, 129, 65, NULL, 'COM', 'XAS 87', 740.00, 83.00, 33.00, 1, 40.00, 'H', NULL, NULL, '2023-06-13 12:18:54', 'Kg', 'L/s', 'Kw', NULL, NULL, NULL),
	(1357, 58, 129, 65, NULL, 'COM', 'XAS 67', 740.00, 60.00, 26.50, 1, 40.00, 'H', NULL, NULL, '2023-06-13 15:06:42', 'Kg', 'L/s', 'Kw', NULL, NULL, NULL),
	(1358, 64, 129, 65, NULL, 'COM', 'DC 1250 A', 5200.00, 1000.00, 250.00, 1, 565.00, 'H', NULL, NULL, '2023-06-13 16:04:17', 'Kg', 'pcm', 'HP', NULL, NULL, NULL),
	(1359, 150, 67, 60, NULL, 'PEH', 'LINK 500S', 9500.00, 17000.00, 110.00, 1, 96.00, 'H', NULL, NULL, '2023-06-14 07:37:15', 'Kg', 'Kgf', 'CV', NULL, NULL, NULL),
	(1360, 36, 32, 49, NULL, 'CAM', 'TORO VOLC TURB AT6', 2340.00, 5.00, 185.00, 1, 55.00, 'Km', NULL, NULL, '2023-06-14 11:39:31', 'Kg', 'Passageiro', 'CV', NULL, NULL, NULL),
	(1361, 30, 37, 35, NULL, 'CCC', 'ATEGO 1719', 16000.00, 23.00, 185.00, 1, 210.00, 'H', NULL, NULL, '2023-06-14 13:26:10', 'Kg', 'Passageiro', 'CV', NULL, NULL, NULL),
	(1362, 37, 30, 29, NULL, 'AUT', '208 LIKE MT', 1500.00, 5.00, 118.00, 1, 47.00, 'Km', NULL, NULL, '2023-06-15 13:49:51', 'Kg', 'Passageiro', 'CV', NULL, NULL, NULL),
	(1363, 29, 122, 64, NULL, 'GER', 'GEP150-1', 1527.00, 150.00, 120.00, 1, 349.00, 'H', NULL, NULL, '2023-06-16 17:58:11', 'Kg', 'Kva', 'Kw', NULL, NULL, NULL),
	(1364, 42, 56, 51, NULL, 'ESC', 'PC210-10M0', 21650.00, 120.00, 165.00, 1, 400.00, 'H', NULL, NULL, '2023-06-19 08:16:44', 'Kg', 'm³', 'HP', NULL, NULL, NULL),
	(1365, 26, 41, 39, NULL, 'CCM', '17.260 CRM 4X2 4P', 16.00, 8000.00, 256.00, 1, 275.00, 'H', NULL, NULL, '2023-06-22 15:04:31', 'Ton', 'Litro', 'CV', NULL, NULL, NULL),
	(1366, 152, 170, 123, NULL, 'CVE', 'TONKER T830', 4200.00, 40.00, 35.40, 1, 55.00, 'H', NULL, NULL, '2023-06-26 10:14:59', 'Kg', 'KN', 'Kw', NULL, NULL, NULL),
	(1367, 40, 172, 124, NULL, 'MCA', 'L320', 2930.00, 1814.00, 60.00, 1, 75.70, 'H', NULL, NULL, '2023-06-27 13:21:30', 'Kg', 'Kg', 'CV', NULL, NULL, NULL),
	(1368, 32, 56, 51, NULL, 'ESC', 'R140LC-9', 14210.00, 0.71, 111.00, 1, 270.00, 'H', NULL, NULL, '2023-06-29 09:02:20', 'Kg', 'm³', 'HP', NULL, NULL, NULL),
	(1369, 29, 44, 42, NULL, 'MTN', '120 AWD', 1639500.00, 14.00, 173.00, 1, 246.00, 'H', NULL, NULL, '2023-06-29 09:12:35', 'Kg', 'm³', 'CV', NULL, NULL, NULL),
	(1370, 153, 170, 123, NULL, 'CVE', 'TONKER 830', 4200.00, 40.00, 35.40, 1, 55.00, 'H', NULL, NULL, '2023-06-29 11:27:45', 'Kg', 'KN', 'Kw', NULL, NULL, NULL),
	(1371, 124, 170, 123, NULL, 'CVE', 'D229', 5800.00, 40.00, 83.00, 1, 150.00, 'H', NULL, NULL, '2023-07-03 13:52:05', 'Kg', 'KN', 'CV', NULL, NULL, NULL),
	(1373, 30, 177, 69, NULL, 'CPA', 'ATEGO 2429', 23000.00, 30000.00, 286.00, 1, 600.00, 'H', NULL, NULL, '2023-07-06 13:51:01', 'Kg', 'Litro', 'CV', NULL, NULL, NULL),
	(1374, 26, 82, 71, NULL, 'CPC', '24.280 CRM 6X2', 23000.00, 13.50, 275.00, 1, 275.00, 'H', NULL, NULL, '2023-07-10 16:28:52', 'Kg', 'Ton', 'CV', NULL, NULL, NULL),
	(1375, 26, 82, 71, NULL, 'CPC', '26.260 CNM 6X4', 23000.00, 17.74, 260.00, 1, 275.00, 'H', NULL, NULL, '2023-07-10 16:30:12', 'Kg', 'Ton', 'CV', NULL, NULL, NULL),
	(1376, 40, 33, 32, NULL, 'RET', 'B110B', 7482.00, 1.00, 97.00, 1, 163.00, 'H', NULL, NULL, '2023-07-13 10:17:52', 'Kg', 'm³', 'HP', NULL, NULL, NULL),
	(1377, 64, 54, 40, NULL, 'CMP', 'G 440 A6X4', 23000.00, 30.00, 440.00, 1, 600.00, 'H', NULL, NULL, '2023-07-13 10:35:53', 'Kg', 'Ton', 'CV', NULL, NULL, NULL),
	(1378, 64, 54, 50, NULL, 'CME', 'G 440 A6X4', 23000.00, 30.00, 440.00, 1, 600.00, 'H', NULL, NULL, '2023-07-13 10:58:52', 'Kg', 'Ton', 'CV', NULL, NULL, NULL),
	(1379, 123, 71, 64, NULL, 'GER', 'K30110', 650.00, 15.00, 12.00, 1, 25.00, 'H', NULL, NULL, '2023-07-13 11:06:18', 'Kg', 'Kva', 'Kw', NULL, NULL, NULL),
	(1380, 154, 128, 112, NULL, 'GHI', 'TS-300BR', 26615.00, 30.00, 330.00, 1, 0.00, 'H', NULL, NULL, '2023-07-13 16:26:39', 'Kg', 'Ton', 'CV', NULL, NULL, NULL),
	(1381, 38, 161, 52, NULL, 'GUI', 'VM 330 6X4R', 26615.00, 30.00, 330.00, 1, 350.00, 'H', NULL, NULL, '2023-07-14 14:44:50', 'Kg', 'Ton', 'CV', NULL, NULL, NULL),
	(1382, 65, 80, 70, NULL, 'TRA', 'BH 205I', 8250.00, 7000.00, 210.00, 1, 362.00, 'H', NULL, NULL, '2023-07-14 18:31:25', 'Kg', 'Kgf', 'CV', NULL, NULL, NULL),
	(1383, 26, 177, 69, NULL, 'CPA', '24.280 CRM 6X2', 29000.00, 30000.00, 275.00, 1, 275.00, 'H', NULL, NULL, '2023-07-15 10:25:03', 'Kg', 'Litro', 'CV', NULL, NULL, NULL),
	(1384, 124, 170, 123, NULL, 'CVE', 'DT-PD1300', 5800.00, 40.00, 83.00, 1, 150.00, 'H', NULL, NULL, '2023-07-17 16:14:02', 'Kg', 'KN', 'CV', NULL, NULL, NULL),
	(1385, 29, 44, 42, NULL, 'MTN', '140 M', 1727100.00, 3.70, 128.00, 1, 305.00, 'H', NULL, NULL, '2023-07-19 09:32:50', 'Kg', 'm³', 'CV', NULL, NULL, NULL),
	(1386, 29, 148, 119, NULL, 'RCR', 'CP-533E', 10555.00, 234.00, 96.50, 1, 242.00, 'H', NULL, NULL, '2023-07-19 09:40:26', 'Kg', 'KN', 'HP', NULL, NULL, NULL),
	(1387, 72, 176, 128, NULL, 'GSE', 'LR 1400/2', 155000.00, 400.00, 408.00, 1, 700.00, 'H', NULL, NULL, '2023-07-20 11:08:14', 'Kg', 'Ton', 'CV', NULL, NULL, NULL),
	(1388, 155, 172, 124, NULL, 'MCA', 'S650', 3777.00, 1220.00, 55.40, 1, 90.50, 'H', NULL, NULL, '2023-07-21 10:44:22', 'Kg', 'Kg', 'Kw', NULL, NULL, NULL),
	(1389, 43, 158, 111, NULL, 'MEH', 'SY55C-9', 5780.00, 0.21, 40.90, 1, 130.00, 'H', NULL, NULL, '2023-07-21 10:48:33', 'Kg', 'm³', 'Kw', NULL, NULL, NULL),
	(1390, 43, 158, 111, NULL, 'MEH', 'SY75C-9', 7280.00, 0.28, 40.90, 1, 130.00, 'H', NULL, NULL, '2023-07-21 10:49:46', 'Kg', 'm³', 'Kw', NULL, NULL, NULL),
	(1391, 30, 48, 44, NULL, 'CBE', 'AXOR 3131 6X4', 23000.00, 13.80, 310.00, 1, 300.00, 'H', NULL, NULL, '2023-07-24 09:10:34', 'Kg', 'm³', 'CV', NULL, NULL, NULL),
	(1392, 46, 38, 36, NULL, 'PAC', '544K-II', 13261.00, 2.30, 163.00, 1, 325.00, 'H', NULL, NULL, '2023-07-26 11:58:00', 'Kg', 'm³', 'HP', NULL, NULL, NULL),
	(1393, 30, 66, 62, NULL, 'CPP', 'ATEGO 1419 CL', 14300.00, 14000.00, 185.00, 1, 210.00, 'H', NULL, NULL, '2023-07-31 08:48:19', 'Kg', 'Litro', 'CV', NULL, NULL, NULL),
	(1394, 46, 80, 70, NULL, 'TRA', '6115J', 4675.00, 2250.00, 110.00, 1, 240.00, 'H', NULL, NULL, '2023-08-01 17:16:42', 'Kg', 'Kg', 'CV', NULL, NULL, NULL),
	(1395, 32, 56, 51, NULL, 'ESC', 'R150LC-9SB', 14210.00, 1.20, 143.00, 1, 400.00, 'H', NULL, NULL, '2023-08-01 17:21:24', 'Kg', 'm³', 'HP', NULL, NULL, NULL),
	(1396, 60, 129, 65, NULL, 'COM', '950 DUH', 5655.00, 1000.00, 450.00, 1, 565.00, 'H', NULL, NULL, '2023-08-02 07:35:52', 'Kg', 'pcm', 'CV', NULL, NULL, NULL),
	(1397, 156, 136, 97, NULL, 'IPR', 'FG-06', 5000.00, 250.00, 70.00, 1, 0.00, 'H', NULL, NULL, '2023-08-02 07:41:55', 'Kg', 'm', 'CV', NULL, NULL, NULL),
	(1398, 38, 180, 129, NULL, 'CPR', 'VM 260 6X4R', 29000.00, 19.01, 260.00, 1, 280.00, 'H', NULL, NULL, '2023-08-02 14:14:41', 'Kg', 'Ton', 'CV', NULL, NULL, NULL),
	(1399, 30, 45, 38, NULL, 'CAB', 'AXOR 3344K 6X4', 23000.00, 12.00, 439.00, 1, 300.00, 'H', NULL, NULL, '2023-08-02 15:55:27', 'Kg', 'm³', 'CV', NULL, NULL, NULL),
	(1400, 30, 169, 38, NULL, 'CAB', 'AXOR 3344K 6X4', 23000.00, 14.00, 439.00, 1, 300.00, 'H', NULL, NULL, '2023-08-02 15:56:54', 'Kg', 'm³', 'CV', NULL, NULL, NULL),
	(1401, 30, 46, 38, NULL, 'CAB', 'AXOR 3344K 6X4', 23000.00, 15.00, 439.00, 1, 300.00, 'H', NULL, NULL, '2023-08-02 15:57:31', 'Kg', 'm³', 'CV', NULL, NULL, NULL),
	(1402, 30, 40, 38, NULL, 'CAB', 'AXOR 3344K 6X4', 23000.00, 16.00, 439.00, 1, 300.00, 'H', NULL, NULL, '2023-08-02 15:58:12', 'Kg', 'm³', 'CV', NULL, NULL, NULL),
	(1403, 38, 55, 40, NULL, 'CMP', 'FH 540 6X4T', 8228.00, 28.50, 540.00, 1, 490.00, 'H', NULL, NULL, '2023-08-03 07:24:15', 'Kg', 'Ton', 'CV', NULL, NULL, NULL),
	(1404, 157, 163, 115, NULL, 'GES', 'GROVE RT880E', 49588.00, 75.00, 205.00, 1, 280.00, 'H', NULL, NULL, '2023-08-08 16:25:58', 'Kg', 'Ton', 'Kw', NULL, NULL, NULL),
	(1405, 26, 69, 62, NULL, 'CPP', '31.330 CRC 6X4', 23000.00, 20000.00, 334.00, 1, 275.00, 'H', NULL, NULL, '2023-08-09 15:12:18', 'Kg', 'Litro', 'CV', NULL, NULL, NULL),
	(1406, 30, 177, 69, NULL, 'CPA', 'ATEGO 2730CE', 23000.00, 30000.00, 286.00, 1, 300.00, 'H', NULL, NULL, '2023-08-18 09:33:13', 'Kg', 'Litro', 'CV', NULL, NULL, NULL),
	(1407, 123, 73, 64, NULL, 'GER', 'K30500', 0.00, 55.00, 44.00, 1, 0.00, 'H', NULL, NULL, '2023-08-18 13:02:32', 'Kg', 'Kva', 'Kw', NULL, NULL, NULL),
	(1408, 30, 134, 33, NULL, 'VAN', '416CDISPRINTERM', 4100.00, 16.00, 163.00, 1, 71.00, 'Km', NULL, NULL, '2023-08-23 13:49:16', 'Kg', 'Passageiro', 'CV', NULL, NULL, NULL),
	(1409, 133, 156, 64, NULL, 'GER', 'C135D6', 2088.00, 170.00, 136.00, 1, 250.00, 'H', NULL, NULL, '2023-08-23 15:24:05', 'Kg', 'Kva', 'kW', NULL, NULL, NULL),
	(1410, 26, 177, 62, NULL, 'CPP', '26.260 CRM 6X2', 23000.00, 30000.00, 260.00, 1, 275.00, 'H', NULL, NULL, '2023-08-24 13:12:49', 'Kg', 'Litro', 'CV', NULL, NULL, NULL),
	(1411, 46, 80, 70, NULL, 'TRA', '6170 J', 4675.00, 2250.00, 110.00, 1, 300.00, 'H', NULL, NULL, '2023-08-25 11:43:32', 'Kg', 'Kg', 'CV', NULL, NULL, NULL),
	(1412, 26, 177, 69, NULL, 'CPA', '26.260 CRM 6X2', 23000.00, 30000.00, 260.00, 1, 275.00, 'H', NULL, NULL, '2023-08-29 09:02:44', 'Kg', 'Litro', 'CV', NULL, NULL, NULL),
	(1413, 26, 58, 53, NULL, 'ONB', 'MPOLO PARADISO R', 16000.00, 36.00, 330.00, 1, 300.00, 'Km', NULL, NULL, '2023-09-06 14:05:29', 'Kg', 'Passageiro', 'CV', NULL, NULL, NULL),
	(1414, 50, 163, 115, NULL, 'GES', 'ZMC85', 47870.00, 85.00, 276.00, 1, 300.00, 'H', NULL, NULL, '2023-09-18 15:20:02', 'Kg', 'Ton', 'Kw', NULL, NULL, NULL),
	(1415, 50, 161, 52, NULL, 'GUI', 'ZMC85', 4800.00, 85000.00, 276.00, 1, 300.00, 'H', NULL, NULL, '2023-09-18 17:01:47', 'Kg', 'Kg', 'Kw', NULL, NULL, NULL),
	(1416, 29, 158, 111, NULL, 'MEH', '303.5 CR', 4190.00, 0.16, 18.40, 1, 45.00, 'H', NULL, NULL, '2023-09-26 09:51:10', 'Kg', 'm³', 'Kw', NULL, NULL, NULL),
	(1417, 29, 158, 111, NULL, 'MEH', '303 CR', 3545.00, 0.16, 18.40, 1, 45.00, 'H', NULL, NULL, '2023-09-26 09:55:16', 'Kg', 'm³', 'Kw', NULL, NULL, NULL),
	(1418, 29, 158, 111, NULL, 'MEH', '302.7 CR', 3050.00, 0.10, 18.40, 1, 45.00, 'H', NULL, NULL, '2023-09-26 09:58:11', 'Kg', 'm³', 'Kw', NULL, NULL, NULL),
	(1419, 123, 71, 64, NULL, 'GER', 'BFDE 15.000', 336.00, 12.50, 13.75, 1, 25.00, 'H', NULL, NULL, '2023-09-26 10:38:12', 'Kg', 'Kva', 'Kw', NULL, NULL, NULL),
	(1420, 28, 39, 37, NULL, 'AMB', 'HILUX AUTOM AMB', 3000.00, 6.00, 204.00, 1, 80.00, 'Km', NULL, NULL, '2023-10-03 09:00:09', 'Kg', 'Passageiro', 'CV', NULL, NULL, NULL),
	(1421, 158, 155, 109, NULL, 'SRB', 'CTR 3E', 27900.00, 19.40, 0.00, 1, 0.00, 'H', NULL, NULL, '2023-10-04 11:20:01', 'Kg', 'Ton', 'CV', NULL, NULL, NULL),
	(1422, 32, 30, 29, NULL, 'AUT', 'HB20 10M EVOLUTION', 1470.00, 5.00, 80.00, 1, 50.00, 'Km', NULL, NULL, '2023-10-16 08:45:21', 'Kg', 'Passageiro', 'CV', NULL, NULL, NULL),
	(1423, 36, 30, 29, NULL, 'AUT', 'CRONOS DRIVE 1.0', 1540.00, 5.00, 75.00, 1, 48.00, 'Km', NULL, NULL, '2023-10-17 13:30:39', 'Kg', 'Passageiro', 'CV', NULL, NULL, NULL),
	(1424, 68, 150, 105, NULL, 'SVV', 'KICKS ADVANCE CVT', 1540.00, 5.00, 114.00, 1, 41.00, 'Km', NULL, NULL, '2023-10-18 13:31:06', 'Kg', 'Passageiro', 'CV', NULL, NULL, NULL),
	(1425, 159, 176, 128, NULL, 'GSE', 'SL6000', 424000.00, 600.00, 429.00, 1, 700.00, 'H', NULL, NULL, '2023-10-23 16:45:00', 'Kg', 'Ton', 'HP', NULL, NULL, NULL),
	(1426, 26, 48, 44, NULL, 'CBE', '27.260 CRM 6X4', 23000.00, 8.00, 260.00, 1, 275.00, 'H', NULL, NULL, '2023-10-26 11:50:24', 'Kg', 'm³', 'CV', NULL, NULL, NULL),
	(1427, 157, 163, 115, NULL, 'GES', 'GROVE RT540E', 27209.00, 35.00, 164.00, 1, 220.00, 'H', NULL, NULL, '2023-10-31 09:09:29', 'Kg', 'Ton', 'HP', NULL, NULL, NULL),
	(1428, 160, 156, 64, NULL, 'GER', 'ND165100ES3', 2480.00, 165.00, 132.00, 1, 95.00, 'H', NULL, NULL, '2023-10-31 14:57:28', 'Kg', 'Kva', 'kW', NULL, NULL, NULL),
	(1429, 161, 181, 130, NULL, 'LEA', 'MSPE GP', 7500.00, 160.00, 456.00, 1, 450.00, 'H', NULL, NULL, '2023-11-01 17:46:23', 'Kg', 'Ton', 'CV', NULL, NULL, NULL),
	(1430, 130, 156, 64, NULL, 'GER', 'GSW165P', 2038.00, 175.00, 140.00, 1, 350.00, 'H', NULL, NULL, '2023-11-07 16:39:07', 'Kg', 'Kva', 'kW', NULL, NULL, NULL),
	(1431, 32, 56, 51, NULL, 'ESC', 'R220LC-9SB', 22200.00, 1.20, 143.00, 1, 400.00, 'H', NULL, NULL, '2023-11-07 16:51:48', 'Kg', 'm³', 'HP', NULL, NULL, NULL),
	(1432, 32, 30, 29, NULL, 'AUT', 'HB20S 10M COMFOR', 1.49, 5.00, 80.00, 1, 50.00, 'Km', NULL, NULL, '2023-11-13 12:14:42', 'Ton', 'Passageiro', 'CV', NULL, NULL, NULL),
	(1433, 29, 127, 64, NULL, 'GER', 'DE100AE0', 1217.00, 100.00, 95.00, 1, 223.00, 'H', NULL, NULL, '2023-11-17 15:00:37', 'Kg', 'Kva', 'Kw', NULL, NULL, NULL),
	(1435, 155, 172, 124, NULL, 'MCA', 'S450', 2240.00, 1224.00, 34.40, 1, 54.50, 'H', NULL, NULL, '2023-11-23 16:16:47', 'Kg', 'Kg', 'Kw', NULL, NULL, NULL),
	(1436, 26, 37, 35, NULL, 'CCC', '17.190 WORKER', 16000.00, 10.00, 186.00, 1, 275.00, 'H', NULL, NULL, '2023-11-24 08:31:15', 'Kg', 'Passageiro', 'CV', NULL, NULL, NULL),
	(1437, 39, 43, 41, NULL, 'MIO', 'VOLARE W9 ON', 6.06, 26.00, 150.00, 1, 150.00, 'Km', NULL, NULL, '2023-11-24 12:19:08', 'Ton', 'Passageiro', 'CV', NULL, NULL, NULL),
	(1438, 34, 38, 36, NULL, 'PAC', 'W20F', 10040.00, 1.72, 113.00, 1, 173.00, 'H', NULL, NULL, '2023-11-28 09:30:15', 'Kg', 'm³', 'Kw', NULL, NULL, NULL),
	(1439, 162, 126, 93, NULL, 'TRI', 'RL4000', 783.00, 6.15, 13.80, 1, 114.00, 'H', NULL, NULL, '2023-11-29 09:20:18', 'Kg', 'Kva', 'HP', NULL, NULL, NULL),
	(1440, 162, 126, 93, NULL, 'TRI', 'TML-4000', 823.00, 6.15, 13.80, 1, 114.00, 'H', NULL, NULL, '2023-11-29 09:24:18', 'Kg', 'Kva', 'HP', NULL, NULL, NULL),
	(1441, 29, 56, 51, NULL, 'ESC', '320 GC', 21600.00, 1.40, 172.00, 1, 410.00, 'H', NULL, NULL, '2023-12-06 17:21:26', 'Kg', 'm³', 'HP', NULL, NULL, NULL),
	(1442, 28, 62, 31, NULL, 'PIC', 'HILUX CDSR A4FD', 3090.00, 5.00, 204.00, 1, 80.00, 'Km', NULL, NULL, '2023-12-14 15:46:37', 'Kg', 'Passageiro', 'CV', NULL, NULL, NULL),
	(1443, 26, 41, 39, NULL, 'CCM', '11.180 DRC 4X2', 10.70, 5000.00, 175.00, 1, 200.00, 'H', NULL, NULL, '2023-12-18 09:26:56', 'Ton', 'Litro', 'CV', NULL, NULL, NULL),
	(1444, 35, 30, 29, NULL, 'AUT', 'C3 LIVE PK 1.0', 1470.00, 5.00, 75.00, 1, 47.00, 'Km', NULL, NULL, '2023-12-18 09:45:54', 'Kg', 'Passageiro', 'CV', NULL, NULL, NULL),
	(1445, 46, 38, 36, NULL, 'PAC', '524K-II', 12622.00, 2.10, 150.00, 1, 220.00, 'H', NULL, NULL, '2023-12-18 09:50:52', 'Kg', 'm³', 'HP', NULL, NULL, NULL),
	(1446, 46, 38, 36, NULL, 'PAC', '624K-II', 15614.00, 2.70, 200.00, 1, 352.00, 'H', NULL, NULL, '2023-12-18 09:52:29', 'Kg', 'm³', 'HP', NULL, NULL, NULL),
	(1447, 36, 32, 49, NULL, 'CAM', 'TORO FREED T270 AT6', 2420.00, 5.00, 185.00, 1, 55.00, 'Km', NULL, NULL, '2023-12-18 10:19:10', 'Kg', 'Passageiro', 'CV', NULL, NULL, NULL),
	(1448, 32, 30, 29, NULL, 'AUT', 'HB20 10M COMFORT', 1420.00, 5.00, 80.00, 1, 50.00, 'Km', NULL, NULL, '2023-12-18 10:28:13', 'Kg', 'Passageiro', 'CV', NULL, NULL, NULL),
	(1449, 36, 150, 105, NULL, 'SVV', 'PULSE DRIVE AT', 1580.00, 5.00, 107.00, 1, 47.00, 'Km', NULL, NULL, '2023-12-29 12:20:55', 'Kg', 'Passageiro', 'CV', NULL, NULL, NULL),
	(1450, 26, 150, 105, NULL, 'SVV', 'T CROSS TSI', 1710.00, 5.00, 128.00, 1, 52.00, 'Km', NULL, NULL, '2023-12-29 12:24:13', 'Kg', 'Passageiro', 'CV', NULL, NULL, NULL),
	(1451, 163, 158, 111, NULL, 'MEH', 'VIO30-6B', 3415.00, 0.10, 20.40, 1, 41.00, 'H', NULL, NULL, '2024-01-03 07:48:06', 'Kg', 'm³', 'Kw', NULL, NULL, NULL),
	(1452, 163, 158, 111, NULL, 'MEH', 'VIO35-6B', 3825.00, 0.11, 20.40, 1, 41.00, 'H', NULL, NULL, '2024-01-03 07:48:37', 'Kg', 'm³', 'Kw', NULL, NULL, NULL),
	(1453, 39, 58, 53, NULL, 'ONB', 'VOLARE V9L ON', 9.20, 33.00, 162.00, 1, 0.00, 'Km', NULL, NULL, '2024-01-10 11:38:32', 'Ton', 'Passageiro', 'CV', NULL, NULL, NULL),
	(1454, 64, 45, 38, NULL, 'CAB', 'P360 B6X4 XT CS', 23.00, 12.00, 360.00, 1, 545.00, 'H', NULL, NULL, '2024-01-11 09:28:03', 'Ton', 'm³', 'CV', NULL, NULL, NULL),
	(1455, 64, 169, 38, NULL, 'CAB', 'P360 B6X4 XT CS', 23.00, 14.00, 360.00, 1, 545.00, 'H', NULL, NULL, '2024-01-11 09:28:49', 'Ton', 'm³', 'CV', NULL, NULL, NULL),
	(1456, 64, 46, 38, NULL, 'CAB', 'P360 B6X4 XT CS', 23.00, 15.00, 360.00, 1, 545.00, 'H', NULL, NULL, '2024-01-11 09:29:22', 'Ton', 'm³', 'CV', NULL, NULL, NULL),
	(1457, 64, 40, 38, NULL, 'CAB', 'P360 B6X4 XT CS', 23.00, 16.00, 360.00, 1, 545.00, 'H', NULL, NULL, '2024-01-11 09:30:25', 'Ton', 'm³', 'CV', NULL, NULL, NULL),
	(1458, 164, 56, 51, NULL, 'ESC', '360X3E', 37500.00, 2.00, 284.30, 1, 580.00, 'H', NULL, NULL, '2024-01-11 16:06:16', 'Kg', 'm³', 'HP', NULL, NULL, NULL),
	(1459, 39, 58, 53, NULL, 'ONB', 'VW/MPOLO IDEALE R', 16.00, 49.00, 226.00, 1, 350.00, 'Km', NULL, NULL, '2024-01-17 09:07:32', 'Ton', 'Passageiro', 'CV', NULL, NULL, NULL),
	(1460, 43, 56, 51, NULL, 'ESC', 'SY135C', 13500.00, 0.61, 73.00, 1, 240.00, 'H', NULL, NULL, '2024-01-18 08:30:09', 'Kg', 'm³', 'Kw', NULL, NULL, NULL),
	(1461, 30, 63, 30, NULL, 'CMU', 'AXOR 3131 6X4', 23000.00, 45.00, 310.00, 1, 300.00, 'H', NULL, NULL, '2024-01-18 09:55:38', 'Kg', 'Ton.m', 'CV', NULL, NULL, NULL),
	(1462, 135, 160, 113, NULL, 'PTA', 'Z-135/70', 20336.00, 272.00, 12.00, 1, 151.40, 'H', NULL, NULL, '2024-01-18 15:07:32', 'Kg', 'Kg', 'CV', NULL, NULL, NULL),
	(1463, 26, 150, 105, NULL, 'SVV', 'NIVUS CL TSI', 1650.00, 5.00, 128.00, 1, 52.00, 'Km', NULL, NULL, '2024-01-24 11:44:57', 'Kg', 'Passageiro', 'CV', NULL, NULL, NULL),
	(1464, 50, 160, 113, NULL, 'PTA', 'ZT38JE', 19200.00, 300.00, 606.00, 1, 0.00, 'H', NULL, NULL, '2024-01-29 10:11:58', 'Kg', 'Kg', 'Ah', NULL, NULL, NULL),
	(1465, 30, 180, 129, NULL, 'CPR', 'AXOR 3344 8X4', 29000.00, 8.58, 428.00, 1, 300.00, 'H', NULL, NULL, '2024-01-29 11:04:00', 'Kg', 'Ton', 'CV', NULL, NULL, NULL),
	(1466, 38, 45, 38, NULL, 'CAB', 'VM 360 6X4R', 34000.00, 12.00, 360.00, 1, 280.00, 'H', NULL, NULL, '2024-01-30 16:56:41', 'Kg', 'm³', 'CV', NULL, NULL, NULL),
	(1467, 38, 169, 38, NULL, 'CAB', 'VM 360 6X4R', 34000.00, 14.00, 360.00, 1, 280.00, 'H', NULL, NULL, '2024-01-30 16:57:26', 'Kg', 'm³', 'CV', NULL, NULL, NULL),
	(1468, 38, 46, 38, NULL, 'CAB', 'VM 360 6X4R', 34000.00, 15.00, 360.00, 1, 280.00, 'H', NULL, NULL, '2024-01-30 16:58:02', 'Kg', 'm³', 'CV', NULL, NULL, NULL),
	(1469, 38, 40, 38, NULL, 'CAB', 'VM 360 6X4R', 34000.00, 16.00, 360.00, 1, 280.00, 'H', NULL, NULL, '2024-01-30 16:58:43', 'Kg', 'm³', 'CV', NULL, NULL, NULL),
	(1470, 26, 150, 105, NULL, 'SVV', 'NIVUS HL TSI', 1650.00, 5.00, 128.00, 1, 52.00, 'Km', NULL, NULL, '2024-01-31 12:38:57', 'Kg', 'Passageiro', 'CV', NULL, NULL, NULL),
	(1471, 44, 163, 115, NULL, 'GES', 'XCA250BRI', 59775.00, 250.00, 530.00, 1, 500.00, 'H', NULL, NULL, '2024-02-05 10:19:43', 'Kg', 'Ton', 'CV', NULL, NULL, NULL),
	(1472, 26, 35, 34, NULL, 'VEU', 'SAVEIRO CD EX MF', 1740.00, 5.00, 116.00, 1, 55.00, 'Km', NULL, NULL, '2024-02-07 10:32:21', 'Kg', 'Passageiro', 'CV', NULL, NULL, NULL),
	(1473, 40, 80, 70, NULL, 'TRA', 'T4.75 S', 3300.00, 3000.00, 75.00, 1, 82.00, 'H', NULL, NULL, '2024-02-15 10:59:30', 'Kg', 'Kg', 'HP', NULL, NULL, NULL),
	(1474, 43, 163, 115, NULL, 'GES', 'STC 800', 45800.00, 80.00, 375.00, 1, 350.00, 'H', NULL, NULL, '2024-02-19 14:12:29', 'Kg', 'Ton', 'CV', NULL, NULL, NULL),
	(1475, 29, 74, 64, NULL, 'GER', 'DE75AE0', 946.00, 75.00, 60.00, 1, 175.00, 'H', NULL, NULL, '2024-02-19 16:49:27', 'Kg', 'Kva', 'Kw', NULL, NULL, NULL),
	(1476, 26, 58, 53, NULL, 'ONB', 'MPOLO IDEALE R', 16000.00, 49.00, 226.00, 1, 380.00, 'Km', NULL, NULL, '2024-02-20 11:29:08', 'Kg', 'Passageiro', 'CV', NULL, NULL, NULL),
	(1477, 26, 35, 34, NULL, 'VEU', 'SAVEIRO CD CROSS MPI', 1740.00, 5.00, 116.00, 1, 55.00, 'Km', NULL, NULL, '2024-02-23 15:25:58', 'Kg', 'Passageiro', 'CV', NULL, NULL, NULL),
	(1478, 38, 53, 62, NULL, 'CPP', 'VM 220 4X2R', 16800.00, 10000.00, 213.00, 1, 280.00, 'H', NULL, NULL, '2024-02-26 09:27:00', 'Kg', 'Litro', 'CV', NULL, NULL, NULL),
	(1479, 26, 30, 29, NULL, 'AUT', 'POLO MB', 1510.00, 5.00, 116.00, 1, 49.00, 'Km', NULL, NULL, '2024-03-01 11:56:02', 'Kg', 'Passageiro', 'CV', NULL, NULL, NULL),
	(1480, 30, 42, 40, NULL, 'CMP', 'AXOR 2041 S', 16000.00, 16.90, 401.00, 1, 590.00, 'H', NULL, NULL, '2024-03-08 09:16:52', 'Kg', 'Ton', 'CV', NULL, NULL, NULL),
	(1481, 32, 30, 29, NULL, 'AUT', 'HB20 10M SENSE', 1420.00, 5.00, 80.00, 1, 50.00, 'Km', NULL, NULL, '2024-03-13 13:46:19', 'Kg', 'Passageiro', 'CV', NULL, NULL, NULL),
	(1482, 26, 35, 34, NULL, 'VEU', 'SAVEIRO CS RB MF', 1740.00, 2.00, 116.00, 1, 55.00, 'Km', NULL, NULL, '2024-03-15 08:27:00', 'Kg', 'Passageiro', 'CV', NULL, NULL, NULL),
	(1483, 50, 160, 113, NULL, 'PTA', 'ZA20JERT-LI', 9250.00, 360.00, 315.00, 1, 0.00, 'H', NULL, NULL, '2024-03-15 16:05:03', 'Kg', 'Kg', 'Ah', NULL, NULL, NULL),
	(1484, 33, 32, 49, NULL, 'CAM', 'OROCH INTENSE 16M', 1990.00, 5.00, 120.00, 1, 45.00, 'Km', NULL, NULL, '2024-03-18 09:18:36', 'Kg', 'Passageiro', 'CV', NULL, NULL, NULL),
	(1485, 26, 35, 34, NULL, 'VEU', 'SAVEIRO CS RB MPI', 1740.00, 2.00, 116.00, 1, 55.00, 'Km', NULL, NULL, '2024-03-18 09:34:56', 'Kg', 'Passageiro', 'CV', NULL, NULL, NULL),
	(1486, 72, 161, 52, NULL, 'GUI', 'LTM 1500 8.1', 96000.00, 500.00, 680.00, 1, 600.00, 'H', NULL, NULL, '2024-03-18 15:24:12', 'Kg', 'Ton', 'CV', NULL, NULL, NULL),
	(1487, 72, 159, 112, NULL, 'GHI', 'LTM 1500 8.1', 96000.00, 500.00, 326.00, 1, 300.00, 'H', NULL, NULL, '2024-03-18 15:24:52', 'Kg', 'Ton', 'CV', NULL, NULL, NULL),
	(1488, 30, 85, 68, NULL, 'CCT', 'ATEGO 2425', 23000.00, 16.57, 245.00, 1, 275.00, 'H', NULL, NULL, '2024-03-19 12:26:47', 'Kg', 'Ton', 'CV', NULL, NULL, NULL),
	(1489, 25, 30, 29, NULL, 'AUT', 'ONIX PLUS 10TAT LTZ', 1400.00, 5.00, 116.00, 1, 44.00, 'Km', NULL, NULL, '2024-03-21 11:03:04', 'Kg', 'Passageiro', 'CV', NULL, NULL, NULL),
	(1490, 33, 30, 29, NULL, 'AUT', 'KWID ZEN 2', 1240.00, 5.00, 71.00, 1, 38.00, 'Km', NULL, NULL, '2024-03-21 16:31:02', 'Kg', 'Passageiro', 'CV', NULL, NULL, NULL),
	(1491, 36, 35, 34, NULL, 'VEU', 'STRADA FREEDOM 13CD', 1810.00, 5.00, 109.00, 1, 55.00, 'Km', NULL, NULL, '2024-04-03 08:40:22', 'Kg', 'Passageiro', 'CV', NULL, NULL, NULL),
	(1492, 36, 30, 29, NULL, 'AUT', 'MOBI TREKKING 1.0MT', 1360.00, 5.00, 74.00, 1, 47.00, 'Km', NULL, NULL, '2024-04-15 08:53:37', 'Kg', 'Passageiro', 'CV', NULL, NULL, NULL),
	(1493, 135, 160, 113, NULL, 'PTA', 'Z-45/25J', 6515.00, 227.00, 12.00, 1, 64.40, 'H', NULL, NULL, '2024-04-16 12:10:03', 'Kg', 'Kg', 'CV', NULL, NULL, NULL),
	(1494, 135, 160, 113, NULL, 'PTA', 'S-105', 20904.00, 227.00, 12.00, 1, 151.00, 'H', NULL, NULL, '2024-04-16 12:22:10', 'Kg', 'Kg', 'CV', NULL, NULL, NULL),
	(1495, 165, 122, 64, NULL, 'GER', 'PRJ-2699', 1527.00, 150.00, 80.00, 1, 349.00, 'H', NULL, NULL, '2024-04-23 16:44:37', 'Kg', 'Kva', 'Kw', NULL, NULL, NULL),
	(1496, 64, 55, 40, NULL, 'CMP', 'R 440 A6X2', 23000.00, 17.70, 440.00, 1, 660.00, 'H', NULL, NULL, '2024-04-29 11:25:34', 'Kg', 'Ton', 'CV', NULL, NULL, NULL),
	(1497, 31, 62, 31, NULL, 'PIC', 'RANGER XLSCD4A32', 3270.00, 5.00, 200.00, 1, 80.00, 'Km', NULL, NULL, '2024-05-09 07:15:55', 'Kg', 'Passageiro', 'CV', NULL, NULL, NULL),
	(1498, 64, 54, 50, NULL, 'CME', 'R 440 A6X2', 23000.00, 17.70, 440.00, 1, 660.00, 'H', NULL, NULL, '2024-05-15 09:55:26', 'Kg', 'Ton', 'CV', NULL, NULL, NULL),
	(1499, 130, 156, 64, NULL, 'GER', 'GSW240F', 2744.00, 240.00, 192.00, 1, 350.00, 'H', NULL, NULL, '2024-05-16 17:27:07', 'Kg', 'Kva', 'kW', NULL, NULL, NULL),
	(1500, 64, 54, 50, NULL, 'CME', 'G560 A6X4 XT', 23000.00, 17.70, 560.00, 1, 330.00, 'H', NULL, NULL, '2024-05-20 08:50:55', 'Kg', 'Ton', 'CV', NULL, NULL, NULL),
	(1501, 64, 55, 40, NULL, 'CMP', 'G560 A6X4 XT', 23000.00, 17.70, 560.00, 1, 330.00, 'H', NULL, NULL, '2024-05-20 08:51:44', 'Kg', 'Ton', 'CV', NULL, NULL, NULL),
	(1502, 40, 172, 124, NULL, 'MCA', 'L330', 3765.00, 2722.00, 90.00, 1, 96.50, 'H', NULL, NULL, '2024-05-22 10:26:01', 'Kg', 'Kg', 'CV', NULL, NULL, NULL),
	(1503, 40, 172, 124, NULL, 'MCA', 'L318', 2832.00, 1633.00, 60.00, 1, 75.70, 'H', NULL, NULL, '2024-05-22 10:26:28', 'Kg', 'Kg', 'CV', NULL, NULL, NULL),
	(1504, 40, 172, 124, NULL, 'MCA', 'L325', 3580.00, 2268.00, 82.00, 1, 96.50, 'H', NULL, NULL, '2024-05-22 10:26:54', 'Kg', 'Kg', 'CV', NULL, NULL, NULL),
	(1505, 112, 119, 90, NULL, 'SUV', 'RENEGADE S T270', 1970.00, 5.00, 185.00, 1, 60.00, 'Km', NULL, NULL, '2024-06-06 08:30:45', 'Kg', 'Passageiro', 'CV', NULL, NULL, NULL),
	(1506, 25, 30, 29, NULL, 'AUT', 'ONIX 10MT HB', 1400.00, 5.00, 82.00, 1, 44.00, 'Km', NULL, NULL, '2024-06-06 13:00:59', 'Kg', 'Passageiro', 'CV', NULL, NULL, NULL),
	(1507, 138, 73, 64, NULL, 'GER', 'MGD55.60', 1210.00, 55.00, 44.00, 1, 100.00, 'H', NULL, NULL, '2024-06-06 15:48:36', 'Kg', 'Kva', 'Kw', NULL, NULL, NULL),
	(1508, 26, 30, 29, NULL, 'AUT', 'POLO TRACK MA', 1440.00, 5.00, 84.00, 1, 52.00, 'Km', NULL, NULL, '2024-06-07 12:05:48', 'Kg', 'Passageiro', 'CV', NULL, NULL, NULL);
/*!40000 ALTER TABLE `equipment_models` ENABLE KEYS */;

-- Copiando estrutura para tabela toll_db.equipment_prefixes
CREATE TABLE IF NOT EXISTS `equipment_prefixes` (
  `id` int(10) unsigned NOT NULL AUTO_INCREMENT,
  `user_id_created` int(11) NOT NULL,
  `prefix` char(3) DEFAULT NULL,
  `name` varchar(80) DEFAULT NULL,
  `is_activated` int(10) unsigned DEFAULT '1',
  `cd_usuar_exc` int(11) DEFAULT NULL,
  `created_at` timestamp NULL DEFAULT NULL,
  `updated_at` timestamp NULL DEFAULT NULL,
  `deleted_at` timestamp NULL DEFAULT NULL,
  PRIMARY KEY (`id`),
  KEY `cd_usuar_cad_vdek` (`user_id_created`),
  KEY `cd_usuar_exc_fkxx` (`cd_usuar_exc`),
  CONSTRAINT `cd_usuar_cad_vdek` FOREIGN KEY (`user_id_created`) REFERENCES `tbl_usuar` (`cd_usuar`),
  CONSTRAINT `cd_usuar_exc_fkxx` FOREIGN KEY (`cd_usuar_exc`) REFERENCES `tbl_usuar` (`cd_usuar`)
) ENGINE=InnoDB AUTO_INCREMENT=131 DEFAULT CHARSET=utf8;

-- Copiando dados para a tabela toll_db.equipment_prefixes: ~93 rows (aproximadamente)
/*!40000 ALTER TABLE `equipment_prefixes` DISABLE KEYS */;
INSERT INTO `equipment_prefixes` (`id`, `user_id_created`, `prefix`, `name`, `is_activated`, `cd_usuar_exc`, `created_at`, `updated_at`, `deleted_at`) VALUES
	(29, 1, 'AUT', 'AUTOMÓVEL', 1, NULL, NULL, NULL, NULL),
	(30, 1, 'CMU', 'CAMINHÃO CARROCERIA C/ MUNCK', 1, NULL, NULL, NULL, NULL),
	(31, 1, 'PIC', 'PICKUP 4X4', 1, NULL, NULL, NULL, NULL),
	(32, 1, 'RET', 'RETROESCAVADEIRA 4X4', 1, NULL, NULL, NULL, NULL),
	(33, 1, 'VAN', 'VAN', 1, NULL, NULL, NULL, NULL),
	(34, 1, 'VEU', 'VEÍCULO UTILITÁRIO', 1, NULL, NULL, NULL, NULL),
	(35, 1, 'CCC', 'CAMINHÃO CARROCERIA CABINADO', 1, NULL, NULL, NULL, NULL),
	(36, 1, 'PAC', 'PÁ CARREGADEIRA', 1, NULL, NULL, NULL, NULL),
	(37, 1, 'AMB', 'AMBULÂNCIA', 1, NULL, NULL, NULL, NULL),
	(38, 1, 'CAB', 'CAMINHÃO BASCULANTE 6X4', 1, NULL, NULL, NULL, NULL),
	(39, 1, 'CCM', 'CAMINHÃO COMBOIO MISTO', 1, NULL, NULL, NULL, NULL),
	(40, 1, 'CMP', 'CAVALO MECÂNICO (PRANCHA)', 1, NULL, NULL, NULL, NULL),
	(41, 1, 'MIO', 'MICRO ÔNIBUS', 1, NULL, NULL, NULL, NULL),
	(42, 1, 'MTN', 'MOTONIVELADORA', 1, NULL, NULL, NULL, NULL),
	(44, 1, 'CBE', 'CAMINHÃO BETONEIRA 6X4', 1, NULL, NULL, NULL, NULL),
	(45, 1, 'CCA', 'CAMINHÃO CARROCERIA 6X2', 1, NULL, NULL, NULL, NULL),
	(46, 1, 'CCL', 'CAMINHÃO COMBOIO LUBRIFICAÇÃO', 1, NULL, NULL, NULL, NULL),
	(47, 1, 'CPE', 'CAMINHÃO PERFURATRIZ', 1, NULL, NULL, NULL, NULL),
	(48, 1, 'CPI', 'CAMINHÃO PIPA', 1, NULL, NULL, NULL, NULL),
	(49, 1, 'CAM', 'CAMIONETE 4X2', 1, NULL, NULL, NULL, NULL),
	(50, 1, 'CME', 'CAVALO MECÂNICO (CARGA SECA)', 1, NULL, NULL, NULL, NULL),
	(51, 1, 'ESC', 'ESCAVADEIRA HIDRÁULICA', 1, NULL, NULL, NULL, NULL),
	(52, 1, 'GUI', 'CAMINHÃO GUINDASTE', 1, NULL, NULL, NULL, NULL),
	(53, 1, 'ONB', 'ÔNIBUS', 1, NULL, NULL, NULL, NULL),
	(54, 1, 'ROH', 'ROMPEDOR HIDRÁULICO', 1, NULL, NULL, NULL, NULL),
	(55, 1, 'TRE', 'TRATOR DE ESTEIRAS', 1, NULL, NULL, NULL, NULL),
	(56, 1, 'TRP', 'TRATOR AGRÍCOLA 4X4 C/ GUINCHO', 1, NULL, NULL, NULL, NULL),
	(57, 1, 'VUT', 'CAMIONETE 4X4 (JEEPÃO)', 1, NULL, NULL, NULL, NULL),
	(59, 84, 'CPM', 'CAMINHÃO PRANCHA C/ MUNCK', 1, NULL, NULL, NULL, NULL),
	(60, 84, 'PEH', 'PERFURATRIZ HIDRÁULICA ESTEIRA', 1, NULL, NULL, NULL, NULL),
	(62, 97, 'CPP', 'CAMINHÃO PIPA', 1, NULL, NULL, NULL, NULL),
	(64, 84, 'GER', 'GRUPO GERADOR', 1, NULL, NULL, NULL, NULL),
	(65, 84, 'COM', 'COMPRESSOR', 1, NULL, NULL, NULL, NULL),
	(66, 84, 'CAC', 'CAMINHÃO CARROCERIA 4X2 (TOCO)', 1, NULL, NULL, NULL, NULL),
	(67, 84, 'TPE', 'TRATOR AGRÍCOLA C/ PERFURATRIZ', 1, NULL, NULL, NULL, NULL),
	(68, 84, 'CCT', 'CAMINHÃO CARROCERIA 6X4', 1, NULL, NULL, NULL, NULL),
	(69, 84, 'CPA', 'CAMINHÂO PIPA', 1, NULL, NULL, NULL, NULL),
	(70, 84, 'TRA', 'TRATOR AGRÍCOLA 4X4', 1, NULL, NULL, NULL, NULL),
	(71, 1, 'CPC', 'CAMINHÃO PLATAFORMA', 1, NULL, NULL, NULL, NULL),
	(72, 99, 'MPE', 'MAQUINA PERFURATRIZ', 1, NULL, NULL, NULL, NULL),
	(73, 106, 'MCO', 'MISTURADORA DE CONCRETO', 1, NULL, NULL, NULL, NULL),
	(75, 1, 'PUL', 'PULLER 06 CONDUTORES', 1, NULL, NULL, NULL, NULL),
	(76, 1, 'FRT', 'FREIO TENSIONADOR 03 CONDUTORES', 1, NULL, NULL, NULL, NULL),
	(77, 84, 'CBA', 'CAMINHÂO BASCULANTE 8X4', 1, NULL, NULL, NULL, NULL),
	(78, 84, 'CBT', 'CAMINHÂO BASCULANTE 6X2', 1, NULL, NULL, NULL, NULL),
	(80, 1, 'TLG', 'TRATOR AGRÍCOLA 4X4 C/ LÂMINA E GUINCHO', 1, NULL, NULL, NULL, NULL),
	(81, 1, 'MSR', 'MOTOSSERA', 1, NULL, NULL, NULL, NULL),
	(83, 1, 'CPD', 'COMPACTADOR', 1, NULL, NULL, NULL, NULL),
	(84, 1, 'RCD', 'ROÇADEIRA', 1, NULL, NULL, NULL, NULL),
	(85, 1, 'MTV', 'MOTOVIBRADOR', 1, NULL, NULL, NULL, NULL),
	(86, 1, 'CDR', 'CORTADORA', 1, NULL, NULL, NULL, NULL),
	(87, 1, 'PLW', 'PULLER OPGW', 1, NULL, NULL, NULL, NULL),
	(88, 1, 'FRW', 'FREIO TENSIONADOR OPGW', 1, NULL, NULL, NULL, NULL),
	(90, 1, 'SUV', 'VEÍCULO SUV 4X4', 1, NULL, NULL, NULL, NULL),
	(91, 141, 'ROC', 'ROCKDRIIL', 1, NULL, NULL, NULL, NULL),
	(92, 1, 'USI', 'USINA DOSADORA', 1, NULL, NULL, NULL, NULL),
	(93, 146, 'TRI', 'TORRE DE ILUMINAÇÃO', 1, NULL, NULL, NULL, NULL),
	(94, 84, 'EHR', 'ESCAVADEIRA HIDRÁULICA C/ ROMPEDOR', 1, NULL, NULL, NULL, NULL),
	(95, 1, 'CPQ', 'CAMINHÃO PIPA', 1, NULL, NULL, NULL, NULL),
	(96, 84, 'COA', 'CAMINHÃO COMBOIO ABASTECIMENTO', 1, NULL, NULL, NULL, NULL),
	(97, 84, 'IPR', 'PERFURATRIZ ROTATIVA SOBRE CAMINHÃO', 1, NULL, NULL, NULL, NULL),
	(98, 84, 'CMT', 'CAMINHÃO CABINE TRIPLA 4X4', 1, NULL, NULL, NULL, NULL),
	(99, 84, 'PLL', 'PULLER 04 CONDUTORES', 1, NULL, NULL, NULL, NULL),
	(100, 84, 'FTS', 'FREIO TENSIONADOR 06 CONDUTORES', 1, NULL, NULL, NULL, NULL),
	(101, 84, 'GHD', 'GUINCHO HIDRAULICO DIESEL', 1, NULL, NULL, NULL, NULL),
	(102, 84, 'PPE', 'PERFURATRIZ PNEUMÁTICA SOBRE ESTEIRA', 1, NULL, NULL, NULL, NULL),
	(103, 1, 'TRF', 'TRATOR FLORESTAL', 1, NULL, NULL, NULL, NULL),
	(104, 1, 'CAA', 'CAMIONETE 4X4 (CARROCERIA ABERTA)', 1, NULL, NULL, NULL, NULL),
	(105, 1, 'SVV', 'VEÍCULO SUV 4X2', 1, NULL, NULL, NULL, NULL),
	(106, 1, 'TFL', 'TRATOR FLORESTAL C/ LÂMINA E GUINCHO', 1, NULL, NULL, NULL, NULL),
	(107, 155, 'CLA', 'CONJUNTO LANÇAMENTO', 1, NULL, NULL, NULL, NULL),
	(108, 1, 'SHD', 'SONDA HIDRÁULICA', 1, NULL, NULL, NULL, NULL),
	(109, 219, 'SRB', 'SEMI-REBOQUE', 1, NULL, NULL, NULL, NULL),
	(110, 155, 'CAO', 'CAMINHAO OFICINA', 1, NULL, NULL, NULL, NULL),
	(111, 219, 'MEH', 'MINI ESCAVADEIRA HIDRÁULICA', 1, NULL, NULL, NULL, NULL),
	(112, 219, 'GHI', 'GUINDASTE HIDRÁULICO IMPLEMENTO', 1, NULL, NULL, NULL, NULL),
	(113, 219, 'PTA', 'PLATAFORMA ELEVATÓRIA', 1, NULL, NULL, NULL, NULL),
	(114, 219, 'EMP', 'EMPILHADEIRA', 1, NULL, NULL, NULL, NULL),
	(115, 219, 'GES', 'CAMINHÃO GUINDASTE E SUPERESTRUTURA', 1, NULL, NULL, NULL, NULL),
	(116, 219, 'MTE', 'MANIPULADOR TELESCÓPICO', 1, NULL, NULL, NULL, NULL),
	(117, 219, 'GGP', 'GERADORES DE PEQUENO PORTE (CONJUNTO)', 1, NULL, NULL, NULL, NULL),
	(118, 219, 'APP', 'AUTOPROPELIDOS PEQUENO PORTE', 0, 219, NULL, NULL, NULL),
	(119, 219, 'RCR', 'ROLO COMPACTADOR', 1, NULL, NULL, NULL, NULL),
	(120, 219, 'EPP', 'EQUIPAMENTOS DE PEQUENO PORTE', 1, NULL, NULL, NULL, NULL),
	(121, 219, 'CMM', 'CAVALO MECÂNICO C/ MUNCK', 1, NULL, NULL, NULL, NULL),
	(122, 219, 'BTE', 'CRAVADORA DE ESTACAS (BATE-ESTACAS)', 1, NULL, NULL, NULL, NULL),
	(123, 219, 'CVE', 'CRAVADORA DE ESTACAS', 1, NULL, NULL, NULL, NULL),
	(124, 219, 'MCA', 'MINICARREGADORA', 1, NULL, NULL, NULL, NULL),
	(125, 219, 'MRC', 'MINI ROLO COMPACTADOR', 1, NULL, NULL, NULL, NULL),
	(126, 219, 'CCF', 'CAMINHÃO CARROCERIA FLORESTAL', 1, NULL, NULL, NULL, NULL),
	(128, 354, 'GSE', 'GUINDASTE SOBRE ESTEIRA COM LANÇA TRELIÇADA', 1, NULL, NULL, NULL, NULL),
	(129, 219, 'CPR', 'CAMINHÃO PRANCHA', 1, NULL, NULL, NULL, NULL),
	(130, 219, 'LEA', 'LINHA DE EIXO AUTOPROPELIDA', 1, NULL, NULL, NULL, NULL);
/*!40000 ALTER TABLE `equipment_prefixes` ENABLE KEYS */;

-- Copiando estrutura para tabela toll_db.failed_jobs
CREATE TABLE IF NOT EXISTS `failed_jobs` (
  `id` bigint(20) unsigned NOT NULL AUTO_INCREMENT,
  `uuid` varchar(255) CHARACTER SET utf8mb4 COLLATE utf8mb4_unicode_ci NOT NULL,
  `connection` text CHARACTER SET utf8mb4 COLLATE utf8mb4_unicode_ci NOT NULL,
  `queue` text CHARACTER SET utf8mb4 COLLATE utf8mb4_unicode_ci NOT NULL,
  `payload` longtext CHARACTER SET utf8mb4 COLLATE utf8mb4_unicode_ci NOT NULL,
  `exception` longtext CHARACTER SET utf8mb4 COLLATE utf8mb4_unicode_ci NOT NULL,
  `failed_at` timestamp NOT NULL DEFAULT CURRENT_TIMESTAMP,
  PRIMARY KEY (`id`),
  UNIQUE KEY `failed_jobs_uuid_unique` (`uuid`)
) ENGINE=InnoDB DEFAULT CHARSET=utf8mb4 COLLATE=utf8mb4_unicode_ci;

-- Copiando dados para a tabela toll_db.failed_jobs: ~0 rows (aproximadamente)
/*!40000 ALTER TABLE `failed_jobs` DISABLE KEYS */;
/*!40000 ALTER TABLE `failed_jobs` ENABLE KEYS */;

-- Copiando estrutura para tabela toll_db.family_measures
CREATE TABLE IF NOT EXISTS `family_measures` (
  `id` int(10) unsigned NOT NULL AUTO_INCREMENT,
  `equipment_family_id` int(10) unsigned NOT NULL,
  `type` int(10) unsigned DEFAULT NULL,
  `ds_unid` varchar(20) DEFAULT NULL,
  `ds_descricao_implem` varchar(60) DEFAULT NULL,
  `measurement_unit_id` int(10) unsigned DEFAULT NULL,
  `deleted_at` timestamp NULL DEFAULT NULL,
  PRIMARY KEY (`id`),
  KEY `cd_veic_familia_unid_fkund` (`equipment_family_id`),
  CONSTRAINT `cd_veic_familia_unid_fkund` FOREIGN KEY (`equipment_family_id`) REFERENCES `equipment_families` (`id`)
) ENGINE=InnoDB AUTO_INCREMENT=800 DEFAULT CHARSET=utf8;

-- Copiando dados para a tabela toll_db.family_measures: ~781 rows (aproximadamente)
/*!40000 ALTER TABLE `family_measures` DISABLE KEYS */;
INSERT INTO `family_measures` (`id`, `equipment_family_id`, `type`, `ds_unid`, `ds_descricao_implem`, `measurement_unit_id`, `deleted_at`) VALUES
	(1, 39, 1, 'Kg', 'Peso do equipamento', 6, NULL),
	(2, 39, 1, 'Ton', 'Peso do equipamento', 17, NULL),
	(3, 124, 1, 'Kg', 'Peso do equipamento', 6, NULL),
	(4, 124, 1, 'Ton', 'Peso do equipamento', 17, NULL),
	(5, 81, 1, 'Kg', 'Peso do equipamento', 6, NULL),
	(6, 81, 1, 'Ton', 'Peso do equipamento', 17, NULL),
	(7, 45, 1, 'Kg', 'Peso do equipamento', 6, NULL),
	(8, 45, 1, 'Ton', 'Peso do equipamento', 17, NULL),
	(9, 46, 1, 'Kg', 'Peso do equipamento', 6, NULL),
	(10, 46, 1, 'Ton', 'Peso do equipamento', 17, NULL),
	(11, 40, 1, 'Kg', 'Peso do equipamento', 6, NULL),
	(12, 40, 1, 'Ton', 'Peso do equipamento', 17, NULL),
	(13, 47, 1, 'Kg', 'Peso do equipamento', 6, NULL),
	(14, 47, 1, 'Ton', 'Peso do equipamento', 17, NULL),
	(15, 48, 1, 'Kg', 'Peso do equipamento', 6, NULL),
	(16, 48, 1, 'Ton', 'Peso do equipamento', 17, NULL),
	(17, 132, 1, 'Kg', 'Peso do equipamento', 6, NULL),
	(18, 132, 1, 'Ton', 'Peso do equipamento', 17, NULL),
	(19, 138, 1, 'Kg', 'Peso do equipamento', 6, NULL),
	(20, 138, 1, 'Ton', 'Peso do equipamento', 17, NULL),
	(21, 75, 1, 'Kg', 'Peso do equipamento', 6, NULL),
	(22, 75, 1, 'Ton', 'Peso do equipamento', 17, NULL),
	(23, 78, 1, 'Kg', 'Peso do equipamento', 6, NULL),
	(24, 78, 1, 'Ton', 'Peso do equipamento', 17, NULL),
	(25, 85, 1, 'Kg', 'Peso do equipamento', 6, NULL),
	(26, 85, 1, 'Ton', 'Peso do equipamento', 17, NULL),
	(27, 37, 1, 'Kg', 'Peso do equipamento', 6, NULL),
	(28, 37, 1, 'Ton', 'Peso do equipamento', 17, NULL),
	(29, 76, 1, 'Kg', 'Peso do equipamento', 6, NULL),
	(30, 76, 1, 'Ton', 'Peso do equipamento', 17, NULL),
	(31, 31, 1, 'Kg', 'Peso do equipamento', 6, NULL),
	(32, 31, 1, 'Ton', 'Peso do equipamento', 17, NULL),
	(33, 70, 1, 'Kg', 'Peso do equipamento', 6, NULL),
	(34, 70, 1, 'Ton', 'Peso do equipamento', 17, NULL),
	(35, 50, 1, 'Kg', 'Peso do equipamento', 6, NULL),
	(36, 50, 1, 'Ton', 'Peso do equipamento', 17, NULL),
	(37, 63, 1, 'Kg', 'Peso do equipamento', 6, NULL),
	(38, 63, 1, 'Ton', 'Peso do equipamento', 17, NULL),
	(39, 140, 1, 'Kg', 'Peso do equipamento', 6, NULL),
	(40, 140, 1, 'Ton', 'Peso do equipamento', 17, NULL),
	(41, 52, 1, 'Kg', 'Peso do equipamento', 6, NULL),
	(42, 52, 1, 'Ton', 'Peso do equipamento', 17, NULL),
	(43, 53, 1, 'Kg', 'Peso do equipamento', 6, NULL),
	(44, 53, 1, 'Ton', 'Peso do equipamento', 17, NULL),
	(45, 66, 1, 'Kg', 'Peso do equipamento', 6, NULL),
	(46, 66, 1, 'Ton', 'Peso do equipamento', 17, NULL),
	(47, 69, 1, 'Kg', 'Peso do equipamento', 6, NULL),
	(48, 69, 1, 'Ton', 'Peso do equipamento', 17, NULL),
	(49, 82, 1, 'Kg', 'Peso do equipamento', 6, NULL),
	(50, 82, 1, 'Ton', 'Peso do equipamento', 17, NULL),
	(51, 64, 1, 'Kg', 'Peso do equipamento', 6, NULL),
	(52, 64, 1, 'Ton', 'Peso do equipamento', 17, NULL),
	(53, 54, 1, 'Kg', 'Peso do equipamento', 6, NULL),
	(54, 54, 1, 'Ton', 'Peso do equipamento', 17, NULL),
	(55, 55, 1, 'Kg', 'Peso do equipamento', 6, NULL),
	(56, 55, 1, 'Ton', 'Peso do equipamento', 17, NULL),
	(57, 42, 1, 'Kg', 'Peso do equipamento', 6, NULL),
	(58, 42, 1, 'Ton', 'Peso do equipamento', 17, NULL),
	(59, 133, 1, 'Kg', 'Peso do equipamento', 6, NULL),
	(60, 133, 1, 'Ton', 'Peso do equipamento', 17, NULL),
	(61, 51, 1, 'Kg', 'Peso do equipamento', 6, NULL),
	(62, 51, 1, 'Ton', 'Peso do equipamento', 17, NULL),
	(63, 41, 1, 'Kg', 'Peso do equipamento', 6, NULL),
	(64, 41, 1, 'Ton', 'Peso do equipamento', 17, NULL),
	(65, 113, 1, 'Kg', 'Peso do equipamento', 6, NULL),
	(66, 113, 1, 'Ton', 'Peso do equipamento', 17, NULL),
	(67, 105, 1, 'Kg', 'Peso do equipamento', 6, NULL),
	(68, 105, 1, 'Ton', 'Peso do equipamento', 17, NULL),
	(69, 84, 1, 'Kg', 'Peso do equipamento', 6, NULL),
	(70, 84, 1, 'Ton', 'Peso do equipamento', 17, NULL),
	(71, 129, 1, 'Kg', 'Peso do equipamento', 6, NULL),
	(72, 129, 1, 'Ton', 'Peso do equipamento', 17, NULL),
	(73, 56, 1, 'Kg', 'Peso do equipamento', 6, NULL),
	(74, 56, 1, 'Ton', 'Peso do equipamento', 17, NULL),
	(75, 130, 1, 'Kg', 'Peso do equipamento', 6, NULL),
	(76, 130, 1, 'Ton', 'Peso do equipamento', 17, NULL),
	(77, 135, 1, 'Kg', 'Peso do equipamento', 6, NULL),
	(78, 135, 1, 'Ton', 'Peso do equipamento', 17, NULL),
	(79, 73, 1, 'Kg', 'Peso do equipamento', 6, NULL),
	(80, 73, 1, 'Ton', 'Peso do equipamento', 17, NULL),
	(81, 74, 1, 'Kg', 'Peso do equipamento', 6, NULL),
	(82, 74, 1, 'Ton', 'Peso do equipamento', 17, NULL),
	(83, 127, 1, 'Kg', 'Peso do equipamento', 6, NULL),
	(84, 127, 1, 'Ton', 'Peso do equipamento', 17, NULL),
	(85, 97, 1, 'Kg', 'Peso do equipamento', 6, NULL),
	(86, 97, 1, 'Ton', 'Peso do equipamento', 17, NULL),
	(87, 123, 1, 'Kg', 'Peso do equipamento', 6, NULL),
	(88, 123, 1, 'Ton', 'Peso do equipamento', 17, NULL),
	(89, 120, 1, 'Kg', 'Peso do equipamento', 6, NULL),
	(90, 120, 1, 'Ton', 'Peso do equipamento', 17, NULL),
	(91, 128, 1, 'Kg', 'Peso do equipamento', 6, NULL),
	(92, 128, 1, 'Ton', 'Peso do equipamento', 17, NULL),
	(93, 65, 1, 'Kg', 'Peso do equipamento', 6, NULL),
	(94, 65, 1, 'Ton', 'Peso do equipamento', 17, NULL),
	(95, 57, 1, 'Kg', 'Peso do equipamento', 6, NULL),
	(96, 57, 1, 'Ton', 'Peso do equipamento', 17, NULL),
	(97, 96, 1, 'Kg', 'Peso do equipamento', 6, NULL),
	(98, 96, 1, 'Ton', 'Peso do equipamento', 17, NULL),
	(99, 104, 1, 'Kg', 'Peso do equipamento', 6, NULL),
	(100, 104, 1, 'Ton', 'Peso do equipamento', 17, NULL),
	(101, 139, 1, 'Kg', 'Peso do equipamento', 6, NULL),
	(102, 139, 1, 'Ton', 'Peso do equipamento', 17, NULL),
	(103, 43, 1, 'Kg', 'Peso do equipamento', 6, NULL),
	(104, 43, 1, 'Ton', 'Peso do equipamento', 17, NULL),
	(105, 44, 1, 'Kg', 'Peso do equipamento', 6, NULL),
	(107, 58, 1, 'Kg', 'Peso do equipamento', 6, NULL),
	(108, 58, 1, 'Ton', 'Peso do equipamento', 17, NULL),
	(109, 38, 1, 'Kg', 'Peso do equipamento', 6, NULL),
	(110, 38, 1, 'Ton', 'Peso do equipamento', 17, NULL),
	(111, 67, 1, 'Kg', 'Peso do equipamento', 6, NULL),
	(112, 67, 1, 'Ton', 'Peso do equipamento', 17, NULL),
	(113, 68, 1, 'Kg', 'Peso do equipamento', 6, NULL),
	(114, 68, 1, 'Ton', 'Peso do equipamento', 17, NULL),
	(115, 89, 1, 'Kg', 'Peso do equipamento', 6, NULL),
	(116, 89, 1, 'Ton', 'Peso do equipamento', 17, NULL),
	(117, 90, 1, 'Kg', 'Peso do equipamento', 6, NULL),
	(118, 90, 1, 'Ton', 'Peso do equipamento', 17, NULL),
	(119, 33, 1, 'Kg', 'Peso do equipamento', 6, NULL),
	(120, 33, 1, 'Ton', 'Peso do equipamento', 17, NULL),
	(121, 125, 1, 'Kg', 'Peso do equipamento', 6, NULL),
	(122, 125, 1, 'Ton', 'Peso do equipamento', 17, NULL),
	(123, 121, 1, 'Kg', 'Peso do equipamento', 6, NULL),
	(124, 121, 1, 'Ton', 'Peso do equipamento', 17, NULL),
	(125, 59, 1, 'Kg', 'Peso do equipamento', 6, NULL),
	(126, 59, 1, 'Ton', 'Peso do equipamento', 17, NULL),
	(127, 88, 1, 'Kg', 'Peso do equipamento', 6, NULL),
	(128, 88, 1, 'Ton', 'Peso do equipamento', 17, NULL),
	(129, 91, 1, 'Kg', 'Peso do equipamento', 6, NULL),
	(130, 91, 1, 'Ton', 'Peso do equipamento', 17, NULL),
	(131, 126, 1, 'Kg', 'Peso do equipamento', 6, NULL),
	(132, 126, 1, 'Ton', 'Peso do equipamento', 17, NULL),
	(133, 80, 1, 'Kg', 'Peso do equipamento', 6, NULL),
	(134, 80, 1, 'Ton', 'Peso do equipamento', 17, NULL),
	(135, 77, 1, 'Kg', 'Peso do equipamento', 6, NULL),
	(136, 77, 1, 'Ton', 'Peso do equipamento', 17, NULL),
	(137, 107, 1, 'Kg', 'Peso do equipamento', 6, NULL),
	(138, 107, 1, 'Ton', 'Peso do equipamento', 17, NULL),
	(139, 61, 1, 'Kg', 'Peso do equipamento', 6, NULL),
	(140, 61, 1, 'Ton', 'Peso do equipamento', 17, NULL),
	(141, 60, 1, 'Kg', 'Peso do equipamento', 6, NULL),
	(142, 60, 1, 'Ton', 'Peso do equipamento', 17, NULL),
	(143, 99, 1, 'Kg', 'Peso do equipamento', 6, NULL),
	(144, 99, 1, 'Ton', 'Peso do equipamento', 17, NULL),
	(145, 134, 1, 'Kg', 'Peso do equipamento', 6, NULL),
	(146, 134, 1, 'Ton', 'Peso do equipamento', 17, NULL),
	(147, 30, 1, 'Kg', 'Peso do equipamento', 6, NULL),
	(148, 30, 1, 'Ton', 'Peso do equipamento', 17, NULL),
	(149, 119, 1, 'Kg', 'Peso do equipamento', 6, NULL),
	(150, 119, 1, 'Ton', 'Peso do equipamento', 17, NULL),
	(151, 32, 1, 'Kg', 'Peso do equipamento', 6, NULL),
	(152, 32, 1, 'Ton', 'Peso do equipamento', 17, NULL),
	(153, 35, 1, 'Kg', 'Peso do equipamento', 6, NULL),
	(154, 35, 1, 'Ton', 'Peso do equipamento', 17, NULL),
	(155, 62, 1, 'Kg', 'Peso do equipamento', 6, NULL),
	(156, 62, 1, 'Ton', 'Peso do equipamento', 17, NULL),
	(157, 34, 1, 'Kg', 'Peso do equipamento', 6, NULL),
	(158, 34, 1, 'Ton', 'Peso do equipamento', 17, NULL),
	(159, 39, 2, 'Passageiro', 'Quant. Pessoas Transportadas Menos Motorista', 15, NULL),
	(160, 124, 2, 'm³', 'Capacidade da lâmina', 13, NULL),
	(161, 81, 2, 'm³', 'Capacidade da lâmina', 13, NULL),
	(162, 45, 2, 'm³', 'Capacidade da lâmina', 13, NULL),
	(163, 46, 2, 'm³', 'Capacidade da lâmina', 13, NULL),
	(164, 40, 2, 'm³', 'Capacidade da lâmina', 13, NULL),
	(165, 47, 2, 'm³', 'Capacidade da lâmina', 13, NULL),
	(166, 48, 2, 'm³', 'Capacidade da lâmina', 13, NULL),
	(167, 132, 2, 'Passageiro', 'Quant. Pessoas Transportadas Menos Motorista', 15, NULL),
	(168, 138, 2, 'Passageiro', 'Quant. Pessoas Transportadas Menos Motorista', 15, NULL),
	(169, 75, 2, 'Kg', 'Capacidade de carga', 5, NULL),
	(170, 78, 2, 'Kg', 'Capacidade de carga', 5, NULL),
	(171, 85, 2, 'Kg', 'Capacidade de carga', 5, NULL),
	(172, 37, 2, 'Passageiro', 'Quant. Pessoas Transportadas Menos Motorista', 15, NULL),
	(173, 76, 2, 'Ton.m', 'Capacidade momento de carga útil da grúa', 19, NULL),
	(174, 31, 2, 'Ton.m', 'Capacidade momento de carga útil da grúa', 19, NULL),
	(175, 70, 2, 'Ton.m', 'Capacidade momento de carga útil da grúa', 19, NULL),
	(176, 50, 2, 'Ton.m', 'Capacidade momento de carga útil da grúa', 19, NULL),
	(177, 63, 2, 'Ton.m', 'Capacidade momento de carga útil da grúa', 19, NULL),
	(178, 140, 2, 'Ton.m', 'Capacidade momento de carga útil da grúa', 19, NULL),
	(179, 52, 2, 'm', 'Profundidade máxima perfuratriz', 12, NULL),
	(180, 53, 2, 'Litro', 'Capacidade do implemento tanque de diesel', 11, NULL),
	(181, 66, 2, 'Litro', 'Capacidade do implemento tanque de diesel', 11, NULL),
	(182, 69, 2, 'Litro', 'Capacidade do implemento tanque de diesel', 11, NULL),
	(183, 82, 2, 'Kg', 'Capacidade de carga', 5, NULL),
	(184, 64, 2, 'Kg', 'Capacidade de carga', 5, NULL),
	(185, 54, 2, 'Kg', 'Capacidade de carga', 5, NULL),
	(186, 55, 2, 'Kg', 'Capacidade de carga', 5, NULL),
	(187, 42, 2, 'Kg', 'Capacidade de carga', 5, NULL),
	(188, 133, 2, 'Litro', 'Capacidade do implemento tanque de diesel', 11, NULL),
	(189, 51, 2, 'Kg', 'Capacidade de carga', 5, NULL),
	(190, 41, 2, 'Litro', 'Capacidade do implemento tanque de diesel', 11, NULL),
	(191, 113, 2, 'KN', 'Capacidade máxima de carga', 8, NULL),
	(192, 105, 2, 'pcm', 'Vazão de ar do compressor', 16, NULL),
	(193, 84, 2, 'pcm', 'Vazão de ar do compressor', 16, NULL),
	(194, 129, 2, 'pcm', 'Vazão de ar do compressor', 16, NULL),
	(195, 56, 2, 'm³', 'Capacidade da lâmina', 13, NULL),
	(196, 130, 2, 'Impactos/Min', 'Taxa de impacto', 4, NULL),
	(197, 135, 2, 'Kva', 'Potência do gerador', 9, NULL),
	(198, 73, 2, 'Kva', 'Potência do gerador', 9, NULL),
	(199, 74, 2, 'Kva', 'Potência do gerador', 9, NULL),
	(200, 127, 2, 'Kva', 'Potência do gerador', 9, NULL),
	(201, 97, 2, 'Kg', 'Capacidade de carga', 5, NULL),
	(202, 123, 2, 'Kg', 'Capacidade de carga', 5, NULL),
	(203, 120, 2, 'Kg', 'Capacidade de carga', 5, NULL),
	(204, 128, 2, 'Kg', 'Capacidade de carga', 5, NULL),
	(205, 65, 2, 'Kg', 'Capacidade de carga', 5, NULL),
	(206, 57, 2, 'Kg', 'Capacidade de carga', 5, NULL),
	(207, 96, 2, 'Kg', 'Capacidade de carga', 5, NULL),
	(208, 104, 2, 'Kg', 'Capacidade de carga', 5, NULL),
	(209, 139, 2, 'Kg', 'Capacidade de carga', 5, NULL),
	(210, 43, 2, 'Passageiro', 'Quant. Pessoas Transportadas Menos Motorista', 15, NULL),
	(211, 44, 2, 'm³', 'Capacidade da lâmina', 13, NULL),
	(212, 58, 2, 'Passageiro', 'Quant. Pessoas Transportadas Menos Motorista', 15, NULL),
	(213, 38, 2, 'm³', 'Capacidade da lâmina', 13, NULL),
	(214, 67, 2, 'm', 'Profundidade máxima perfuratriz', 12, NULL),
	(215, 68, 2, 'm', 'Profundidade máxima perfuratriz', 12, NULL),
	(216, 89, 2, 'KN', 'Capacidade máxima de carga', 8, NULL),
	(217, 90, 2, 'KN', 'Capacidade máxima de carga', 8, NULL),
	(218, 33, 2, 'm³', 'Capacidade da lâmina', 13, NULL),
	(219, 125, 2, 'm³', 'Capacidade da lâmina', 13, NULL),
	(220, 121, 2, 'KN', 'Capacidade máxima de carga', 8, NULL),
	(221, 59, 2, 'Impactos/Min', 'Taxa de impacto', 4, NULL),
	(222, 88, 2, 'KN', 'Capacidade máxima de carga', 8, NULL),
	(223, 91, 2, 'KN', 'Capacidade máxima de carga', 8, NULL),
	(224, 126, 2, 'Kva', 'Potência do gerador', 9, NULL),
	(225, 80, 2, 'Kg', 'Capacidade de carga', 5, NULL),
	(226, 77, 2, 'm', 'Profundidade máxima perfuratriz', 12, NULL),
	(227, 107, 2, 'Kg', 'Capacidade de carga', 5, NULL),
	(228, 61, 2, 'Kgf.m', 'Capacidade momento de carga útil da grúa', 7, NULL),
	(229, 60, 2, 'm³', 'Capacidade da lâmina', 13, NULL),
	(230, 99, 2, 'm³/h', 'Capacidade nominal de produção', 14, NULL),
	(231, 134, 2, 'Passageiro', 'Quant. Pessoas Transportadas Menos Motorista', 15, NULL),
	(232, 30, 2, 'Passageiro', 'Quant. Pessoas Transportadas Menos Motorista', 15, NULL),
	(233, 119, 2, 'Passageiro', 'Quant. Pessoas Transportadas Menos Motorista', 15, NULL),
	(234, 32, 2, 'Passageiro', 'Quant. Pessoas Transportadas Menos Motorista', 15, NULL),
	(235, 35, 2, 'Passageiro', 'Quant. Pessoas Transportadas Menos Motorista', 15, NULL),
	(236, 62, 2, 'Passageiro', 'Quant. Pessoas Transportadas Menos Motorista', 15, NULL),
	(237, 34, 2, 'Passageiro', 'Quant. Pessoas Transportadas Menos Motorista', 15, NULL),
	(238, 75, 2, 'Ton', 'Capacidade de carga', 18, NULL),
	(239, 78, 2, 'Ton', 'Capacidade de carga', 18, NULL),
	(240, 85, 2, 'Ton', 'Capacidade de carga', 18, NULL),
	(241, 76, 2, 'Kgf.m', 'Capacidade momento de carga útil da grúa', 7, NULL),
	(242, 31, 2, 'Kgf.m', 'Capacidade momento de carga útil da grúa', 7, NULL),
	(243, 70, 2, 'Kgf.m', 'Capacidade momento de carga útil da grúa', 7, NULL),
	(244, 50, 2, 'Kgf.m', 'Capacidade momento de carga útil da grúa', 7, NULL),
	(245, 63, 2, 'Kgf.m', 'Capacidade momento de carga útil da grúa', 7, NULL),
	(246, 140, 2, 'Kgf.m', 'Capacidade momento de carga útil da grúa', 7, NULL),
	(247, 82, 2, 'Ton', 'Capacidade de carga', 18, NULL),
	(248, 64, 2, 'Ton', 'Capacidade de carga', 18, NULL),
	(249, 54, 2, 'Ton', 'Capacidade de carga', 18, NULL),
	(250, 55, 2, 'Ton', 'Capacidade de carga', 18, NULL),
	(251, 42, 2, 'Ton', 'Capacidade de carga', 18, NULL),
	(252, 51, 2, 'Ton', 'Capacidade de carga', 18, NULL),
	(253, 97, 2, 'Ton', 'Capacidade de carga', 18, NULL),
	(254, 123, 2, 'Ton', 'Capacidade de carga', 18, NULL),
	(255, 120, 2, 'Ton', 'Capacidade de carga', 18, NULL),
	(256, 128, 2, 'Ton', 'Capacidade de carga', 18, NULL),
	(257, 65, 2, 'Ton', 'Capacidade de carga', 18, NULL),
	(258, 57, 2, 'Ton', 'Capacidade de carga', 18, NULL),
	(259, 96, 2, 'Ton', 'Capacidade de carga', 18, NULL),
	(260, 104, 2, 'Ton', 'Capacidade de carga', 18, NULL),
	(261, 139, 2, 'Ton', 'Capacidade de carga', 18, NULL),
	(262, 80, 2, 'Ton', 'Capacidade de carga', 18, NULL),
	(263, 107, 2, 'Ton', 'Capacidade de carga', 18, NULL),
	(264, 39, 3, 'CV', 'Potência do motor', 2, NULL),
	(265, 39, 3, 'HP', 'Potência do motor', 3, NULL),
	(266, 39, 3, 'Kw', 'Potência do motor', 10, NULL),
	(267, 124, 3, 'CV', 'Potência do motor', 2, NULL),
	(268, 124, 3, 'HP', 'Potência do motor', 3, NULL),
	(269, 124, 3, 'Kw', 'Potência do motor', 10, NULL),
	(270, 81, 3, 'CV', 'Potência do motor', 2, NULL),
	(271, 81, 3, 'HP', 'Potência do motor', 3, NULL),
	(272, 81, 3, 'Kw', 'Potência do motor', 10, NULL),
	(273, 45, 3, 'CV', 'Potência do motor', 2, NULL),
	(274, 45, 3, 'HP', 'Potência do motor', 3, NULL),
	(275, 45, 3, 'Kw', 'Potência do motor', 10, NULL),
	(276, 46, 3, 'CV', 'Potência do motor', 2, NULL),
	(277, 46, 3, 'HP', 'Potência do motor', 3, NULL),
	(278, 46, 3, 'Kw', 'Potência do motor', 10, NULL),
	(279, 40, 3, 'CV', 'Potência do motor', 2, NULL),
	(280, 40, 3, 'HP', 'Potência do motor', 3, NULL),
	(281, 40, 3, 'Kw', 'Potência do motor', 10, NULL),
	(282, 47, 3, 'CV', 'Potência do motor', 2, NULL),
	(283, 47, 3, 'HP', 'Potência do motor', 3, NULL),
	(284, 47, 3, 'Kw', 'Potência do motor', 10, NULL),
	(285, 48, 3, 'CV', 'Potência do motor', 2, NULL),
	(286, 48, 3, 'HP', 'Potência do motor', 3, NULL),
	(287, 48, 3, 'Kw', 'Potência do motor', 10, NULL),
	(288, 132, 3, 'CV', 'Potência do motor', 2, NULL),
	(289, 132, 3, 'HP', 'Potência do motor', 3, NULL),
	(290, 132, 3, 'Kw', 'Potência do motor', 10, NULL),
	(291, 138, 3, 'CV', 'Potência do motor', 2, NULL),
	(292, 138, 3, 'HP', 'Potência do motor', 3, NULL),
	(293, 138, 3, 'Kw', 'Potência do motor', 10, NULL),
	(294, 75, 3, 'CV', 'Potência do motor', 2, NULL),
	(295, 75, 3, 'HP', 'Potência do motor', 3, NULL),
	(296, 75, 3, 'Kw', 'Potência do motor', 10, NULL),
	(297, 78, 3, 'CV', 'Potência do motor', 2, NULL),
	(298, 78, 3, 'HP', 'Potência do motor', 3, NULL),
	(299, 78, 3, 'Kw', 'Potência do motor', 10, NULL),
	(300, 85, 3, 'CV', 'Potência do motor', 2, NULL),
	(301, 85, 3, 'HP', 'Potência do motor', 3, NULL),
	(302, 85, 3, 'Kw', 'Potência do motor', 10, NULL),
	(303, 37, 3, 'CV', 'Potência do motor', 2, NULL),
	(304, 37, 3, 'HP', 'Potência do motor', 3, NULL),
	(305, 37, 3, 'Kw', 'Potência do motor', 10, NULL),
	(306, 76, 3, 'CV', 'Potência do motor', 2, NULL),
	(307, 76, 3, 'HP', 'Potência do motor', 3, NULL),
	(308, 76, 3, 'Kw', 'Potência do motor', 10, NULL),
	(309, 31, 3, 'CV', 'Potência do motor', 2, NULL),
	(310, 31, 3, 'HP', 'Potência do motor', 3, NULL),
	(311, 31, 3, 'Kw', 'Potência do motor', 10, NULL),
	(312, 70, 3, 'CV', 'Potência do motor', 2, NULL),
	(313, 70, 3, 'HP', 'Potência do motor', 3, NULL),
	(314, 70, 3, 'Kw', 'Potência do motor', 10, NULL),
	(315, 50, 3, 'CV', 'Potência do motor', 2, NULL),
	(316, 50, 3, 'HP', 'Potência do motor', 3, NULL),
	(317, 50, 3, 'Kw', 'Potência do motor', 10, NULL),
	(318, 63, 3, 'CV', 'Potência do motor', 2, NULL),
	(319, 63, 3, 'HP', 'Potência do motor', 3, NULL),
	(320, 63, 3, 'Kw', 'Potência do motor', 10, NULL),
	(321, 140, 3, 'CV', 'Potência do motor', 2, NULL),
	(322, 140, 3, 'HP', 'Potência do motor', 3, NULL),
	(323, 140, 3, 'Kw', 'Potência do motor', 10, NULL),
	(324, 52, 3, 'CV', 'Potência do motor', 2, NULL),
	(325, 52, 3, 'HP', 'Potência do motor', 3, NULL),
	(326, 52, 3, 'Kw', 'Potência do motor', 10, NULL),
	(327, 53, 3, 'CV', 'Potência do motor', 2, NULL),
	(328, 53, 3, 'HP', 'Potência do motor', 3, NULL),
	(329, 53, 3, 'Kw', 'Potência do motor', 10, NULL),
	(330, 66, 3, 'CV', 'Potência do motor', 2, NULL),
	(331, 66, 3, 'HP', 'Potência do motor', 3, NULL),
	(332, 66, 3, 'Kw', 'Potência do motor', 10, NULL),
	(333, 69, 3, 'CV', 'Potência do motor', 2, NULL),
	(334, 69, 3, 'HP', 'Potência do motor', 3, NULL),
	(335, 69, 3, 'Kw', 'Potência do motor', 10, NULL),
	(336, 82, 3, 'CV', 'Potência do motor', 2, NULL),
	(337, 82, 3, 'HP', 'Potência do motor', 3, NULL),
	(338, 82, 3, 'Kw', 'Potência do motor', 10, NULL),
	(339, 64, 3, 'CV', 'Potência do motor', 2, NULL),
	(340, 64, 3, 'HP', 'Potência do motor', 3, NULL),
	(341, 64, 3, 'Kw', 'Potência do motor', 10, NULL),
	(342, 54, 3, 'CV', 'Potência do motor', 2, NULL),
	(343, 54, 3, 'HP', 'Potência do motor', 3, NULL),
	(344, 54, 3, 'Kw', 'Potência do motor', 10, NULL),
	(345, 55, 3, 'CV', 'Potência do motor', 2, NULL),
	(346, 55, 3, 'HP', 'Potência do motor', 3, NULL),
	(347, 55, 3, 'Kw', 'Potência do motor', 10, NULL),
	(348, 42, 3, 'CV', 'Potência do motor', 2, NULL),
	(349, 42, 3, 'HP', 'Potência do motor', 3, NULL),
	(350, 42, 3, 'Kw', 'Potência do motor', 10, NULL),
	(351, 133, 3, 'CV', 'Potência do motor', 2, NULL),
	(352, 133, 3, 'HP', 'Potência do motor', 3, NULL),
	(353, 133, 3, 'Kw', 'Potência do motor', 10, NULL),
	(354, 51, 3, 'CV', 'Potência do motor', 2, NULL),
	(355, 51, 3, 'HP', 'Potência do motor', 3, NULL),
	(356, 51, 3, 'Kw', 'Potência do motor', 10, NULL),
	(357, 41, 3, 'CV', 'Potência do motor', 2, NULL),
	(358, 41, 3, 'HP', 'Potência do motor', 3, NULL),
	(359, 41, 3, 'Kw', 'Potência do motor', 10, NULL),
	(360, 113, 3, 'CV', 'Potência do motor', 2, NULL),
	(361, 113, 3, 'HP', 'Potência do motor', 3, NULL),
	(362, 113, 3, 'Kw', 'Potência do motor', 10, NULL),
	(363, 105, 3, 'CV', 'Potência do motor', 2, NULL),
	(364, 105, 3, 'HP', 'Potência do motor', 3, NULL),
	(365, 105, 3, 'Kw', 'Potência do motor', 10, NULL),
	(366, 84, 3, 'CV', 'Potência do motor', 2, NULL),
	(367, 84, 3, 'HP', 'Potência do motor', 3, NULL),
	(368, 84, 3, 'Kw', 'Potência do motor', 10, NULL),
	(369, 129, 3, 'CV', 'Potência do motor', 2, NULL),
	(370, 129, 3, 'HP', 'Potência do motor', 3, NULL),
	(371, 129, 3, 'Kw', 'Potência do motor', 10, NULL),
	(372, 56, 3, 'CV', 'Potência do motor', 2, NULL),
	(373, 56, 3, 'HP', 'Potência do motor', 3, NULL),
	(374, 56, 3, 'Kw', 'Potência do motor', 10, NULL),
	(375, 130, 3, 'CV', 'Potência do motor', 2, NULL),
	(376, 130, 3, 'HP', 'Potência do motor', 3, NULL),
	(377, 130, 3, 'Kw', 'Potência do motor', 10, NULL),
	(378, 135, 3, 'CV', 'Potência do motor', 2, NULL),
	(379, 135, 3, 'HP', 'Potência do motor', 3, NULL),
	(380, 135, 3, 'Kw', 'Potência do motor', 10, NULL),
	(381, 73, 3, 'CV', 'Potência do motor', 2, NULL),
	(382, 73, 3, 'HP', 'Potência do motor', 3, NULL),
	(383, 73, 3, 'Kw', 'Potência do motor', 10, NULL),
	(384, 74, 3, 'CV', 'Potência do motor', 2, NULL),
	(385, 74, 3, 'HP', 'Potência do motor', 3, NULL),
	(386, 74, 3, 'Kw', 'Potência do motor', 10, NULL),
	(387, 127, 3, 'CV', 'Potência do motor', 2, NULL),
	(388, 127, 3, 'HP', 'Potência do motor', 3, NULL),
	(389, 127, 3, 'Kw', 'Potência do motor', 10, NULL),
	(390, 97, 3, 'CV', 'Potência do motor', 2, NULL),
	(391, 97, 3, 'HP', 'Potência do motor', 3, NULL),
	(392, 97, 3, 'Kw', 'Potência do motor', 10, NULL),
	(393, 123, 3, 'CV', 'Potência do motor', 2, NULL),
	(394, 123, 3, 'HP', 'Potência do motor', 3, NULL),
	(395, 123, 3, 'Kw', 'Potência do motor', 10, NULL),
	(396, 120, 3, 'CV', 'Potência do motor', 2, NULL),
	(397, 120, 3, 'HP', 'Potência do motor', 3, NULL),
	(398, 120, 3, 'Kw', 'Potência do motor', 10, NULL),
	(399, 128, 3, 'CV', 'Potência do motor', 2, NULL),
	(400, 128, 3, 'HP', 'Potência do motor', 3, NULL),
	(401, 128, 3, 'Kw', 'Potência do motor', 10, NULL),
	(402, 65, 3, 'CV', 'Potência do motor', 2, NULL),
	(403, 65, 3, 'HP', 'Potência do motor', 3, NULL),
	(404, 65, 3, 'Kw', 'Potência do motor', 10, NULL),
	(405, 57, 3, 'CV', 'Potência do motor', 2, NULL),
	(406, 57, 3, 'HP', 'Potência do motor', 3, NULL),
	(407, 57, 3, 'Kw', 'Potência do motor', 10, NULL),
	(408, 96, 3, 'CV', 'Potência do motor', 2, NULL),
	(409, 96, 3, 'HP', 'Potência do motor', 3, NULL),
	(410, 96, 3, 'Kw', 'Potência do motor', 10, NULL),
	(411, 104, 3, 'CV', 'Potência do motor', 2, NULL),
	(412, 104, 3, 'HP', 'Potência do motor', 3, NULL),
	(413, 104, 3, 'Kw', 'Potência do motor', 10, NULL),
	(414, 139, 3, 'CV', 'Potência do motor', 2, NULL),
	(415, 139, 3, 'HP', 'Potência do motor', 3, NULL),
	(416, 139, 3, 'Kw', 'Potência do motor', 10, NULL),
	(417, 43, 3, 'CV', 'Potência do motor', 2, NULL),
	(418, 43, 3, 'HP', 'Potência do motor', 3, NULL),
	(419, 43, 3, 'Kw', 'Potência do motor', 10, NULL),
	(420, 44, 3, 'CV', 'Potência do motor', 2, NULL),
	(421, 44, 3, 'HP', 'Potência do motor', 3, NULL),
	(422, 44, 3, 'Kw', 'Potência do motor', 10, NULL),
	(423, 58, 3, 'CV', 'Potência do motor', 2, NULL),
	(424, 58, 3, 'HP', 'Potência do motor', 3, NULL),
	(425, 58, 3, 'Kw', 'Potência do motor', 10, NULL),
	(426, 38, 3, 'CV', 'Potência do motor', 2, NULL),
	(427, 38, 3, 'HP', 'Potência do motor', 3, NULL),
	(428, 38, 3, 'Kw', 'Potência do motor', 10, NULL),
	(429, 67, 3, 'CV', 'Potência do motor', 2, NULL),
	(430, 67, 3, 'HP', 'Potência do motor', 3, NULL),
	(431, 67, 3, 'Kw', 'Potência do motor', 10, NULL),
	(432, 68, 3, 'CV', 'Potência do motor', 2, NULL),
	(433, 68, 3, 'HP', 'Potência do motor', 3, NULL),
	(434, 68, 3, 'Kw', 'Potência do motor', 10, NULL),
	(435, 89, 3, 'CV', 'Potência do motor', 2, NULL),
	(436, 89, 3, 'HP', 'Potência do motor', 3, NULL),
	(437, 89, 3, 'Kw', 'Potência do motor', 10, NULL),
	(438, 90, 3, 'CV', 'Potência do motor', 2, NULL),
	(439, 90, 3, 'HP', 'Potência do motor', 3, NULL),
	(440, 90, 3, 'Kw', 'Potência do motor', 10, NULL),
	(441, 33, 3, 'CV', 'Potência do motor', 2, NULL),
	(442, 33, 3, 'HP', 'Potência do motor', 3, NULL),
	(443, 33, 3, 'Kw', 'Potência do motor', 10, NULL),
	(444, 125, 3, 'CV', 'Potência do motor', 2, NULL),
	(445, 125, 3, 'HP', 'Potência do motor', 3, NULL),
	(446, 125, 3, 'Kw', 'Potência do motor', 10, NULL),
	(447, 121, 3, 'CV', 'Potência do motor', 2, NULL),
	(448, 121, 3, 'HP', 'Potência do motor', 3, NULL),
	(449, 121, 3, 'Kw', 'Potência do motor', 10, NULL),
	(450, 59, 3, 'CV', 'Potência do motor', 2, NULL),
	(451, 59, 3, 'HP', 'Potência do motor', 3, NULL),
	(452, 59, 3, 'Kw', 'Potência do motor', 10, NULL),
	(453, 88, 3, 'CV', 'Potência do motor', 2, NULL),
	(454, 88, 3, 'HP', 'Potência do motor', 3, NULL),
	(455, 88, 3, 'Kw', 'Potência do motor', 10, NULL),
	(456, 91, 3, 'CV', 'Potência do motor', 2, NULL),
	(457, 91, 3, 'HP', 'Potência do motor', 3, NULL),
	(458, 91, 3, 'Kw', 'Potência do motor', 10, NULL),
	(459, 126, 3, 'CV', 'Potência do motor', 2, NULL),
	(460, 126, 3, 'HP', 'Potência do motor', 3, NULL),
	(461, 126, 3, 'Kw', 'Potência do motor', 10, NULL),
	(462, 80, 3, 'CV', 'Potência do motor', 2, NULL),
	(463, 80, 3, 'HP', 'Potência do motor', 3, NULL),
	(464, 80, 3, 'Kw', 'Potência do motor', 10, NULL),
	(465, 77, 3, 'CV', 'Potência do motor', 2, NULL),
	(466, 77, 3, 'HP', 'Potência do motor', 3, NULL),
	(467, 77, 3, 'Kw', 'Potência do motor', 10, NULL),
	(468, 107, 3, 'CV', 'Potência do motor', 2, NULL),
	(469, 107, 3, 'HP', 'Potência do motor', 3, NULL),
	(470, 107, 3, 'Kw', 'Potência do motor', 10, NULL),
	(471, 61, 3, 'CV', 'Potência do motor', 2, NULL),
	(472, 61, 3, 'HP', 'Potência do motor', 3, NULL),
	(473, 61, 3, 'Kw', 'Potência do motor', 10, NULL),
	(474, 60, 3, 'CV', 'Potência do motor', 2, NULL),
	(475, 60, 3, 'HP', 'Potência do motor', 3, NULL),
	(476, 60, 3, 'Kw', 'Potência do motor', 10, NULL),
	(477, 99, 3, 'CV', 'Potência do motor', 2, NULL),
	(478, 99, 3, 'HP', 'Potência do motor', 3, NULL),
	(479, 99, 3, 'Kw', 'Potência do motor', 10, NULL),
	(480, 134, 3, 'CV', 'Potência do motor', 2, NULL),
	(481, 134, 3, 'HP', 'Potência do motor', 3, NULL),
	(482, 134, 3, 'Kw', 'Potência do motor', 10, NULL),
	(483, 30, 3, 'CV', 'Potência do motor', 2, NULL),
	(484, 30, 3, 'HP', 'Potência do motor', 3, NULL),
	(485, 30, 3, 'Kw', 'Potência do motor', 10, NULL),
	(486, 119, 3, 'CV', 'Potência do motor', 2, NULL),
	(487, 119, 3, 'HP', 'Potência do motor', 3, NULL),
	(488, 119, 3, 'Kw', 'Potência do motor', 10, NULL),
	(489, 32, 3, 'CV', 'Potência do motor', 2, NULL),
	(490, 32, 3, 'HP', 'Potência do motor', 3, NULL),
	(491, 32, 3, 'Kw', 'Potência do motor', 10, NULL),
	(492, 35, 3, 'CV', 'Potência do motor', 2, NULL),
	(493, 35, 3, 'HP', 'Potência do motor', 3, NULL),
	(494, 35, 3, 'Kw', 'Potência do motor', 10, NULL),
	(495, 62, 3, 'CV', 'Potência do motor', 2, NULL),
	(496, 62, 3, 'HP', 'Potência do motor', 3, NULL),
	(497, 62, 3, 'Kw', 'Potência do motor', 10, NULL),
	(498, 34, 3, 'CV', 'Potência do motor', 2, NULL),
	(499, 34, 3, 'HP', 'Potência do motor', 3, NULL),
	(500, 34, 3, 'Kw', 'Potência do motor', 10, NULL),
	(501, 141, 1, 'Kg', 'Peso do equipamento', 6, NULL),
	(502, 141, 1, 'Ton', 'Peso do equipamento', 17, NULL),
	(503, 141, 2, 'Kg', 'Capacidade de carga', 5, NULL),
	(504, 141, 2, 'Ton', 'Capacidade de carga', 18, NULL),
	(505, 141, 3, 'CV', 'Potência do motor', 2, NULL),
	(506, 141, 3, 'HP', 'Potência do motor', 3, NULL),
	(507, 141, 3, 'Kw', 'Potência do motor', 10, NULL),
	(508, 71, 1, 'Kg', 'Peso do equipamento', 6, NULL),
	(509, 71, 1, 'Ton', 'Peso do equipamento', 17, NULL),
	(510, 71, 2, 'Kva', 'Potência do gerador', 9, NULL),
	(511, 71, 3, 'CV', 'Potência do motor', 2, NULL),
	(512, 71, 3, 'HP', 'Potência do motor', 3, NULL),
	(513, 71, 3, 'Kw', 'Potência do motor', 10, NULL),
	(514, 72, 1, 'Kg', 'Peso do equipamento', 6, NULL),
	(515, 72, 1, 'Ton', 'Peso do equipamento', 17, NULL),
	(516, 72, 2, 'Kva', 'Potência do gerador', 9, NULL),
	(517, 72, 3, 'CV', 'Potência do motor', 2, NULL),
	(518, 72, 3, 'HP', 'Potência do motor', 3, NULL),
	(519, 72, 3, 'Kw', 'Potência do motor', 10, NULL),
	(520, 122, 1, 'Kg', 'Peso do equipamento', 6, NULL),
	(521, 122, 1, 'Ton', 'Peso do equipamento', 17, NULL),
	(522, 122, 2, 'Kva', 'Potência do gerador', 9, NULL),
	(523, 122, 3, 'CV', 'Potência do motor', 2, NULL),
	(524, 122, 3, 'HP', 'Potência do motor', 3, NULL),
	(525, 122, 3, 'Kw', 'Potência do motor', 10, NULL),
	(526, 142, 1, 'Kg', 'Peso do equipamento', 6, NULL),
	(527, 142, 1, 'Ton', 'Peso do equipamento', 17, NULL),
	(528, 142, 2, 'Kva', 'Potência do gerador', 9, NULL),
	(529, 142, 3, 'CV', 'Potência do motor', 2, NULL),
	(530, 142, 3, 'HP', 'Potência do motor', 3, NULL),
	(531, 142, 3, 'Kw', 'Potência do motor', 10, NULL),
	(532, 145, 1, 'Kg', 'Peso do equipamento', 6, NULL),
	(533, 145, 2, 'kN', 'Capacidade máxima de carga', 8, NULL),
	(534, 145, 3, 'HP', 'Potência do motor', 3, NULL),
	(535, 146, 1, 'Kg', 'Peso do equipamento', 6, NULL),
	(536, 146, 1, 'Ton', 'Peso do equipamento', 17, NULL),
	(537, 146, 2, 'Cm', 'Capacidade da lâmina', 1, NULL),
	(538, 146, 3, 'CV', 'Potência do motor', 2, NULL),
	(539, 146, 3, 'HP', 'Potência do motor', 3, NULL),
	(540, 146, 3, 'Kw', 'Potência do motor', 10, NULL),
	(541, 144, 1, 'Kg', 'Peso do equipamento', 6, NULL),
	(542, 144, 1, 'Ton', 'Peso do equipamento', 17, NULL),
	(543, 144, 2, 'KN', 'Capacidade máxima de carga', 8, NULL),
	(544, 144, 3, 'CV', 'Potência do motor', 2, NULL),
	(545, 144, 3, 'HP', 'Potência do motor', 3, NULL),
	(546, 144, 3, 'Kw', 'Potência do motor', 10, NULL),
	(547, 150, 1, 'Kg', 'Peso do equipamento', 6, NULL),
	(548, 150, 1, 'Ton', 'Peso do equipamento', 17, NULL),
	(549, 150, 2, 'Passageiro', 'Quant. Pessoas Transportadas Menos Motorista', 15, NULL),
	(550, 150, 3, 'CV', 'Potência do motor', 2, NULL),
	(551, 150, 3, 'HP', 'Potência do motor', 3, NULL),
	(552, 150, 3, 'Kw', 'Potência do motor', 10, NULL),
	(553, 136, 1, 'Kg', 'Peso do equipamento', 6, NULL),
	(554, 136, 1, 'Ton', 'Peso do equipamento', 17, NULL),
	(555, 136, 2, 'm', 'Profundidade máxima perfuratriz', 12, NULL),
	(556, 136, 3, 'CV', 'Potência do motor', 2, NULL),
	(557, 136, 3, 'HP', 'Potência do motor', 3, NULL),
	(558, 136, 3, 'Kw', 'Potência do motor', 10, NULL),
	(559, 153, 1, 'Kg', 'Peso do equipamento', 6, NULL),
	(560, 153, 3, 'CV', 'Potência do motor', 2, NULL),
	(561, 153, 2, 'm³', 'Capacidade da lâmina', 13, NULL),
	(562, 154, 1, 'Kg', 'Peso do equipamento', 6, NULL),
	(563, 154, 2, 'Kg', 'Capacidade', 5, NULL),
	(564, 154, 3, 'CV', 'Potência do motor', 2, NULL),
	(565, 155, 1, 'Kg', 'Peso do equipamento', 6, NULL),
	(568, 155, 2, 'Ton', 'Capacidade', 18, NULL),
	(569, 155, 3, 'CV', 'Potência do motor', 2, NULL),
	(571, 156, 1, 'Kg', 'Peso do equipamento', 6, NULL),
	(572, 156, 1, 'Ton', 'Peso do equipamento', 17, NULL),
	(573, 156, 2, 'Kva', 'Potência do gerador', 9, NULL),
	(574, 156, 3, 'CV', 'Potência do motor', 2, NULL),
	(575, 156, 3, 'HP', 'Potência do motor', 3, NULL),
	(576, 156, 3, 'kW', 'Potência do motor', 10, NULL),
	(577, 157, 1, 'Kg', 'Peso do equipamento', 6, NULL),
	(578, 157, 1, 'Ton', 'Peso do equipamento', 17, NULL),
	(580, 157, 3, 'CV', 'Potência do motor', 2, NULL),
	(581, 157, 3, 'HP', 'Potência do motor', 3, NULL),
	(582, 157, 3, 'Kw', 'Potência do motor', 10, NULL),
	(583, 157, 2, 'Passageiro', 'Quant. Pessoas Transportadas Menos Motorista', 15, NULL),
	(584, 113, 2, 'Kg', 'Peso do equipamento', 5, NULL),
	(585, 158, 1, 'Kg', 'Peso do equipamento', 6, NULL),
	(586, 158, 1, 'Ton', 'Peso do equipamento', 17, NULL),
	(587, 158, 2, 'm³', 'Capacidade da lâmina', 13, NULL),
	(588, 158, 3, 'CV', 'Potência do motor', 2, NULL),
	(589, 158, 3, 'HP', 'Potência do motor', 3, NULL),
	(590, 158, 3, 'Kw', 'Potência do motor', 10, NULL),
	(591, 158, 2, 'm³/h', 'Capacidade nominal de produção', 14, NULL),
	(592, 158, 1, 'Kg', 'Peso do equipamento', 6, NULL),
	(593, 158, 2, 'Kg', 'Peso do equipamento', 5, NULL),
	(594, 159, 1, 'Kg', 'Peso do equipamento', 6, NULL),
	(595, 159, 1, 'Ton', 'Peso do equipamento', 17, NULL),
	(596, 159, 2, 'Kg', 'Peso do equipamento', 5, NULL),
	(597, 159, 2, 'Ton', 'Peso do equipamento', 18, NULL),
	(598, 159, 3, 'CV', 'Potência do motor', 2, NULL),
	(599, 159, 3, 'HP', 'Potência do motor', 3, NULL),
	(600, 159, 3, 'Kw', 'Potência do motor', 10, NULL),
	(601, 147, 1, 'Kg', 'Peso do equipamento', 6, NULL),
	(602, 147, 1, 'Ton', 'Peso do equipamento', 17, NULL),
	(603, 147, 2, 'Kg', 'Peso do equipamento', 5, NULL),
	(604, 147, 2, 'Ton', 'Peso do equipamento', 18, NULL),
	(605, 147, 3, 'CV', 'Potência do motor', 2, NULL),
	(606, 147, 3, 'HP', 'Potência do motor', 3, NULL),
	(607, 147, 3, 'Kw', 'Potência do motor', 10, NULL),
	(608, 160, 1, 'Kg', 'Peso do equipamento', 6, NULL),
	(609, 160, 2, 'Kg', 'Peso do equipamento', 5, NULL),
	(610, 160, 3, 'CV', 'Potência do motor', 2, NULL),
	(611, 160, 3, 'HP', 'Potência do motor', 3, NULL),
	(612, 160, 3, 'Kw', 'Potência do motor', 10, NULL),
	(614, 161, 1, 'Kg', 'Capacidade de carga', 6, NULL),
	(615, 161, 1, 'Ton', 'Capacidade de carga', 17, NULL),
	(616, 161, 2, 'Kg', 'Capacidade de carga', 5, NULL),
	(617, 161, 2, 'Ton', 'Capacidade de carga', 18, NULL),
	(618, 161, 3, 'CV', NULL, 2, NULL),
	(619, 161, 3, 'HP', NULL, 3, NULL),
	(620, 161, 3, 'Kw', NULL, 10, NULL),
	(621, 162, 1, 'Ton', 'Capacidade de carga', 17, NULL),
	(622, 162, 1, 'Kg', 'Capacidade de carga', 6, NULL),
	(623, 162, 2, 'Kg', 'Capacidade de carga', 5, NULL),
	(624, 162, 2, 'KN', 'Capacidade máxima de carga', 8, NULL),
	(625, 162, 2, 'Ton', 'Capacidade de carga', 18, NULL),
	(626, 162, 3, 'CV', NULL, 2, NULL),
	(627, 162, 3, 'HP', NULL, 3, NULL),
	(628, 162, 3, 'Kw', NULL, 10, NULL),
	(629, 163, 1, 'Kg', 'Capacidade de carga', 6, NULL),
	(632, 163, 2, 'Ton', 'Capacidade de carga', 18, NULL),
	(633, 163, 3, 'CV', NULL, 2, NULL),
	(634, 163, 3, 'HP', NULL, 3, NULL),
	(635, 163, 3, 'Kw', NULL, 10, NULL),
	(636, 155, 3, 'HP', NULL, 3, NULL),
	(637, 155, 3, 'Kw', NULL, 10, NULL),
	(638, 126, 2, 'Lúmens', NULL, 20, NULL),
	(639, 126, 3, 'Wp', NULL, 21, NULL),
	(640, 164, 1, 'Kg', 'Capacidade de carga', 6, NULL),
	(641, 164, 2, 'Ton', 'Capacidade de carga', 18, NULL),
	(642, 164, 3, 'CV', NULL, 2, NULL),
	(643, 164, 3, 'HP', NULL, 3, NULL),
	(644, 164, 3, 'Kw', NULL, 10, NULL),
	(646, 160, 3, 'Ah', NULL, 22, NULL),
	(647, 165, 1, 'Kg', 'Capacidade de carga', 6, NULL),
	(648, 165, 3, 'CV', NULL, 2, NULL),
	(649, 165, 3, 'HP', NULL, 3, NULL),
	(650, 165, 3, 'Kw', NULL, 10, NULL),
	(653, 165, 2, 'Ton', 'Capacidade de carga', 18, NULL),
	(656, 80, 2, 'Kgf', NULL, 23, NULL),
	(657, 166, 1, 'Kg', 'Capacidade de carga', 6, NULL),
	(658, 166, 2, 'Kva', 'Potência do gerador', 9, NULL),
	(659, 166, 2, 'pcm', 'Vazão de ar do compressor', 16, NULL),
	(660, 166, 3, 'CV', NULL, 2, NULL),
	(661, 166, 3, 'HP', NULL, 3, NULL),
	(662, 166, 3, 'Kw', NULL, 10, NULL),
	(663, 166, 3, 'Wp', NULL, 21, NULL),
	(664, 166, 3, 'Ah', NULL, 22, NULL),
	(665, 167, 1, 'Kg', 'Capacidade de carga', 6, NULL),
	(666, 167, 2, 'Kg', 'Capacidade de carga', 5, NULL),
	(667, 167, 2, 'm', 'Profundidade máxima perfuratriz', 12, NULL),
	(668, 167, 2, 'KN', 'Capacidade máxima de carga', 8, NULL),
	(669, 167, 3, 'CV', NULL, 2, NULL),
	(670, 167, 3, 'HP', NULL, 3, NULL),
	(671, 167, 3, 'Kw', NULL, 10, NULL),
	(672, 167, 3, 'Wp', NULL, 21, NULL),
	(673, 148, 1, 'Kg', 'Capacidade de carga', 6, NULL),
	(674, 148, 2, 'KN', 'Capacidade máxima de carga', 8, NULL),
	(675, 148, 3, 'CV', NULL, 2, NULL),
	(676, 148, 3, 'HP', NULL, 3, NULL),
	(677, 148, 3, 'Kw', NULL, 10, NULL),
	(678, 166, 2, 'Kgf.m', 'Capacidade momento de carga útil da grúa', 7, NULL),
	(679, 166, 2, 'Kg', 'Capacidade de carga', 5, NULL),
	(680, 166, 2, 'KN', 'Capacidade máxima de carga', 8, NULL),
	(681, 166, 2, 'm', 'Profundidade máxima perfuratriz', 12, NULL),
	(682, 166, 2, 'm³', 'Capacidade da lâmina', 13, NULL),
	(683, 166, 2, 'Lúmens', NULL, 20, NULL),
	(684, 166, 2, 'Kgf', NULL, 23, NULL),
	(685, 166, 2, 'Cm', 'Capacidade da lâmina', 1, NULL),
	(686, 166, 2, 'm³/h', 'Capacidade nominal de produção', 14, NULL),
	(687, 166, 2, 'Ton', 'Capacidade de carga', 18, NULL),
	(688, 166, 2, 'Ton.m', 'Capacidade momento de carga útil da grúa', 19, NULL),
	(689, 166, 2, 'Litro', 'Capacidade do implemento tanque de diesel', 11, NULL),
	(690, 168, 1, 'Kg', 'Capacidade de carga', 6, NULL),
	(691, 168, 2, 'Ton', 'Capacidade de carga', 18, NULL),
	(692, 168, 3, 'CV', NULL, 2, NULL),
	(695, 169, 1, 'Kg', 'Capacidade de carga', 6, NULL),
	(696, 169, 1, 'Ton', 'Capacidade de carga', 17, NULL),
	(697, 169, 2, 'm³', 'Capacidade da lâmina', 13, NULL),
	(698, 169, 3, 'CV', NULL, 2, NULL),
	(699, 169, 3, 'HP', NULL, 3, NULL),
	(700, 169, 3, 'Kw', NULL, 10, NULL),
	(701, 44, 2, 'KN', 'Capacidade máxima de carga', 8, NULL),
	(702, 170, 1, 'Kg', 'Capacidade de carga', 6, NULL),
	(703, 170, 3, 'CV', NULL, 2, NULL),
	(704, 170, 3, 'HP', NULL, 3, NULL),
	(705, 170, 3, 'Kw', NULL, 10, NULL),
	(706, 170, 2, 'KN', 'Capacidade máxima de carga', 8, NULL),
	(707, 171, 1, 'Kg', 'Capacidade de carga', 6, NULL),
	(708, 171, 2, 'Kg', 'Capacidade de carga', 5, NULL),
	(709, 171, 3, 'Ah', NULL, 22, NULL),
	(710, 171, 3, 'Kw', NULL, 10, NULL),
	(711, 171, 3, 'HP', NULL, 3, NULL),
	(712, 171, 3, 'CV', NULL, 2, NULL),
	(713, 172, 1, 'Kg', 'Capacidade de carga', 6, NULL),
	(714, 172, 2, 'Kg', 'Capacidade de carga', 5, NULL),
	(715, 172, 3, 'CV', NULL, 2, NULL),
	(716, 172, 3, 'HP', NULL, 3, NULL),
	(717, 172, 3, 'Kw', NULL, 10, NULL),
	(718, 172, 2, 'Ton', 'Capacidade de carga', 18, NULL),
	(719, 44, 2, 'm', 'Profundidade máxima perfuratriz', 12, NULL),
	(720, 173, 1, 'Kg', 'Capacidade de carga', 6, NULL),
	(721, 173, 2, 'KN', 'Capacidade máxima de carga', 8, NULL),
	(722, 173, 3, 'CV', NULL, 2, NULL),
	(723, 173, 3, 'HP', NULL, 3, NULL),
	(724, 173, 3, 'Kw', NULL, 10, NULL),
	(725, 174, 1, 'Kg', 'Capacidade de carga', 6, NULL),
	(726, 174, 2, 'Kva', 'Potência do gerador', 9, NULL),
	(727, 174, 3, 'CV', NULL, 2, NULL),
	(728, 174, 3, 'HP', NULL, 3, NULL),
	(729, 174, 3, 'Kw', NULL, 10, NULL),
	(730, 175, 1, 'Kg', 'Capacidade de carga', 6, NULL),
	(731, 175, 2, 'Ton', 'Capacidade de carga', 18, NULL),
	(732, 175, 3, 'CV', NULL, 2, NULL),
	(733, 175, 3, 'HP', NULL, 3, NULL),
	(734, 175, 3, 'Kw', NULL, 10, NULL),
	(735, 105, 2, 'm³/s', NULL, 24, NULL),
	(736, 105, 2, 'm³/min', NULL, 25, NULL),
	(737, 105, 2, 'L/min', NULL, 27, NULL),
	(738, 105, 2, 'L/h', NULL, 28, NULL),
	(739, 84, 2, 'm³/s', NULL, 24, NULL),
	(740, 84, 2, 'm³/min', NULL, 25, NULL),
	(741, 84, 2, 'L/s', NULL, 26, NULL),
	(742, 84, 2, 'L/h', NULL, 28, NULL),
	(743, 84, 2, 'L/min', NULL, 27, NULL),
	(744, 84, 2, 'm³/h', 'Capacidade nominal de produção', 14, NULL),
	(745, 129, 2, 'm³/h', 'Capacidade nominal de produção', 14, NULL),
	(746, 129, 2, 'm³/s', NULL, 24, NULL),
	(747, 129, 2, 'L/s', NULL, 26, NULL),
	(748, 129, 2, 'L/min', NULL, 27, NULL),
	(749, 129, 2, 'L/h', NULL, 28, NULL),
	(750, 129, 2, 'm³/min', NULL, 25, NULL),
	(751, 105, 2, 'm³/h', 'Capacidade nominal de produção', 14, NULL),
	(752, 105, 2, 'L/s', NULL, 26, NULL),
	(753, 67, 2, 'Kgf', NULL, 23, NULL),
	(754, 176, 1, 'Kg', 'Capacidade de carga', 6, NULL),
	(755, 176, 1, 'Ton', 'Capacidade de carga', 17, NULL),
	(756, 176, 3, 'CV', NULL, 2, NULL),
	(757, 176, 3, 'HP', NULL, 3, NULL),
	(758, 176, 2, 'Ton', 'Capacidade de carga', 18, NULL),
	(759, 176, 3, 'Kw', NULL, 10, NULL),
	(760, 177, 1, 'Kg', 'Capacidade de carga', 6, NULL),
	(762, 177, 3, 'CV', NULL, 2, NULL),
	(763, 177, 3, 'Kw', NULL, 10, NULL),
	(764, 177, 3, 'HP', NULL, 3, NULL),
	(765, 177, 1, 'Ton', 'Capacidade de carga', 17, NULL),
	(766, 177, 2, 'Litro', 'Capacidade do implemento tanque de diesel', 11, NULL),
	(767, 178, 1, 'Kg', 'Capacidade de carga', 6, NULL),
	(768, 178, 1, 'Ton', 'Capacidade de carga', 17, NULL),
	(769, 178, 2, 'Litro', 'Capacidade do implemento tanque de diesel', 11, NULL),
	(770, 178, 3, 'CV', NULL, 2, NULL),
	(771, 178, 3, 'HP', NULL, 3, NULL),
	(772, 178, 3, 'Kw', NULL, 10, NULL),
	(773, 179, 1, 'Kg', 'Capacidade de carga', 6, NULL),
	(774, 179, 1, 'Ton', 'Capacidade de carga', 17, NULL),
	(775, 179, 2, 'Litro', 'Capacidade do implemento tanque de diesel', 11, NULL),
	(776, 179, 3, 'CV', NULL, 2, NULL),
	(777, 179, 3, 'HP', NULL, 3, NULL),
	(778, 179, 3, 'Kw', NULL, 10, NULL),
	(779, 180, 1, 'Kg', 'Capacidade de carga', 6, NULL),
	(780, 180, 2, 'Ton', 'Capacidade de carga', 18, NULL),
	(781, 180, 3, 'CV', NULL, 2, NULL),
	(782, 180, 3, 'HP', NULL, 3, NULL),
	(783, 180, 3, 'Kw', NULL, 10, NULL),
	(785, 39, 2, 'm', 'Profundidade máxima perfuratriz', 12, NULL),
	(786, 39, 2, 'Impactos/Min', 'Taxa de impacto', 4, NULL),
	(787, 181, 1, 'Kg', 'Capacidade de carga', 6, NULL),
	(788, 181, 2, 'Ton', 'Capacidade de carga', 18, NULL),
	(789, 181, 3, 'CV', NULL, 2, NULL),
	(790, 181, 3, 'HP', NULL, 3, NULL),
	(791, 181, 3, 'Kw', NULL, 10, NULL),
	(792, 182, 1, 'Kg', 'Capacidade de carga', 6, NULL),
	(793, 182, 1, 'Ton', 'Capacidade de carga', 17, NULL),
	(794, 182, 2, 'Lúmens', NULL, 20, NULL),
	(795, 182, 3, 'CV', NULL, 2, NULL),
	(796, 182, 3, 'HP', NULL, 3, NULL),
	(798, 182, 3, 'Wp', NULL, 21, NULL),
	(799, 182, 3, 'Kw', NULL, 10, NULL);
/*!40000 ALTER TABLE `family_measures` ENABLE KEYS */;

-- Copiando estrutura para tabela toll_db.field_activities
CREATE TABLE IF NOT EXISTS `field_activities` (
  `id` int(10) unsigned NOT NULL AUTO_INCREMENT,
  `code` varchar(30) DEFAULT NULL,
  `name` varchar(80) DEFAULT NULL,
  `is_activated` int(10) unsigned DEFAULT '1',
  `created_at` timestamp NULL DEFAULT NULL,
  `updated_at` timestamp NULL DEFAULT NULL,
  `deleted_at` timestamp NULL DEFAULT NULL,
  PRIMARY KEY (`id`)
) ENGINE=InnoDB AUTO_INCREMENT=79 DEFAULT CHARSET=utf8;

-- Copiando dados para a tabela toll_db.field_activities: ~78 rows (aproximadamente)
/*!40000 ALTER TABLE `field_activities` DISABLE KEYS */;
INSERT INTO `field_activities` (`id`, `code`, `name`, `is_activated`, `created_at`, `updated_at`, `deleted_at`) VALUES
	(1, '221916', 'ESTRADAS DE ACESSO', 1, NULL, NULL, NULL),
	(2, '221917', 'SUPRESSÃO VEGETAL', 1, NULL, NULL, NULL),
	(3, '221921', 'ESCAVAÇÃO FUNDAÇÕES', 1, NULL, NULL, NULL),
	(4, '221925', 'REATERRO', 1, NULL, NULL, NULL),
	(5, '221931', 'ARMAÇÃO', 1, NULL, NULL, NULL),
	(6, '221932', 'FORMAS', 1, NULL, NULL, NULL),
	(7, '221934', 'COLOCAÇÃO CONCRETO', 1, NULL, NULL, NULL),
	(8, '221935', 'COLOCAÇÃO STUBS E HASTES', 1, NULL, NULL, NULL),
	(9, '222262', 'RECEPÇÃO E PREPARAÇÃO PÁTIO ESTRUTURAS', 1, NULL, NULL, NULL),
	(10, '222219', 'PRE-MONTAGENS ESTRUTURA', 1, NULL, NULL, NULL),
	(11, '222220', 'MONTAGENS ESTRUTURA', 1, NULL, NULL, NULL),
	(12, '222725', 'PINTURA TORRES AT', 1, NULL, NULL, NULL),
	(13, '223633', 'PREPARAÇÃO LANÇAMENTO', 1, NULL, NULL, NULL),
	(14, '223634', 'LANÇAMENTO DE CONDUTORES', 1, NULL, NULL, NULL),
	(15, '223635', 'MONTAGEM DE ACESSORIOS CONDUTORES (AMORTECEDORES, SEPARADORES, BALIZAS, ETC)', 1, NULL, NULL, NULL),
	(16, '223637', 'LANÇAMENTO DE CABO DE PARARAIO (INCL. OPGW)', 1, NULL, NULL, NULL),
	(17, '223638', 'TEMPLADO Y ENGRAMPADO', 1, NULL, NULL, NULL),
	(18, '226000', 'MÃO DE OBRA DIRETA (ALOMOXARIFADO,TOPOGRAFIA,OUTROS)', 0, NULL, NULL, NULL),
	(19, '221951', 'MÃO DE OBRA CIVIL PARA CANTEIROS', 0, NULL, NULL, NULL),
	(20, '227000', 'APOIO EMPRESA CONCRETO', 1, NULL, NULL, NULL),
	(21, '222951', 'MÃO DE OBRA ESTRUTURA PARA CANTEIROS', 0, NULL, NULL, NULL),
	(22, '223951', 'MÃO DE OBRA ELÉTRICA PARA CANTEIROS', 0, NULL, NULL, NULL),
	(23, '220000', 'APOIO ADMINISTRATIVO', 1, NULL, NULL, NULL),
	(24, '999999', 'COMISSIONAMENTO / PRAD', 1, NULL, NULL, NULL),
	(25, '001.02.02.02.02 ', ' TRANSPORTE DE MÃO DE OBRA DIRETA (MOD)', 1, NULL, NULL, NULL),
	(26, '001.02.02.02.01 ', ' ALMOXARIFADO / APOIO CANTEIRO', 1, NULL, NULL, NULL),
	(27, '001.02.05.03.01 ', ' FUNDAÇÃO CONVENCIONAL E TOPOGRAFIA', 1, NULL, NULL, NULL),
	(28, '001.02.05.01.01 ', ' ESTRADA DE ACESSO', 1, NULL, NULL, NULL),
	(29, '001.02.05.06.01 ', ' LANÇAMENTO ', 1, NULL, NULL, NULL),
	(30, '001.02.05.05.01 ', ' MONTAGEM ', 1, NULL, NULL, NULL),
	(31, '001.02.05.02.01 ', ' SUPRESSÃO VEGETAL', 1, NULL, NULL, NULL),
	(32, '001.02.05.07.01 ', ' COMISSIONAMENTO / PRAD', 1, NULL, NULL, NULL),
	(33, '001.02.02.02.03 ', ' TRANSPORTE DE MÃO DE OBRA INDIRETA (MOI)', 1, NULL, NULL, NULL),
	(34, '001.02.05.04.01', ' MICRO ESTACA', 1, NULL, NULL, NULL),
	(35, '01', 'ALMOXARIFADO / APOIO CANTEIRO', 1, NULL, NULL, NULL),
	(36, '02', 'TRANSPORTE DE MÃO DE OBRA DIRETA (MOD)', 1, NULL, NULL, NULL),
	(37, '03', 'TRANSPORTE DE MÃO DE OBRA INDIRETA (MOI)', 1, NULL, NULL, NULL),
	(38, '04', 'FUNDAÇÃO CONVENCIONAL', 1, NULL, NULL, NULL),
	(39, '05', 'MICRO ESTACA', 1, NULL, NULL, NULL),
	(40, '06', 'ACESSO', 1, NULL, NULL, NULL),
	(41, '07', 'SUPRESSÃO VEGETAL', 1, NULL, NULL, NULL),
	(42, '08', 'LANÇAMENTO ', 1, NULL, NULL, NULL),
	(43, '09', 'MONTAGEM ', 1, NULL, NULL, NULL),
	(44, '10', 'COMISSIONAMENTO / PRAD', 1, NULL, NULL, NULL),
	(45, 'PROJETO-11.0523', 'ALMOXARIFADO / APOIO CANTEIRO', 1, NULL, NULL, NULL),
	(46, 'PROJETO-11.0533', 'TRANSPORTE DE MÃO DE OBRA INDIRETA (MOI)', 1, NULL, NULL, NULL),
	(47, 'PROJETO-11.1531', 'TRANSPORTE DE MÃO DE OBRA DIRETA (MOD)', 1, NULL, NULL, NULL),
	(48, 'PROJETO-11.2531', 'ESTRADA DE ACESSO', 1, NULL, NULL, NULL),
	(49, 'PROJETO-11.3531', 'SUPRESSÃO VEGETAL', 1, NULL, NULL, NULL),
	(50, 'PROJETO-11.4531', 'FUNDAÇÃO CONVENCIONAL E TOPOGRAFIA', 1, NULL, NULL, NULL),
	(51, 'PROJETO-11.4531', 'FUNDAÇÃO MICRO ESTACA', 1, NULL, NULL, NULL),
	(52, 'PROJETO-11.5531', 'MONTAGEM', 1, NULL, NULL, NULL),
	(53, 'PROJETO-11.6531', 'LANÇAMENTO', 1, NULL, NULL, NULL),
	(54, 'PROJETO-11.7531', 'COMISSIONAMENTO / PRAD', 1, NULL, NULL, NULL),
	(55, 'PROJETO-11.2531', 'ALMOXARIFADO / APOIO CANTEIRO', 1, NULL, NULL, NULL),
	(56, 'PROJETO-11.1531', 'TRANSPORTE DE MÃO DE OBRA DIRETA (MOD)', 1, NULL, NULL, NULL),
	(57, 'PROJETO-11.0533', 'TRANSPORTE DE MÃO DE OBRA INDIRETA (MOI)', 1, NULL, NULL, NULL),
	(58, 'PROJETO-11.4531', 'OBRAS CIVIS', 1, NULL, NULL, NULL),
	(59, 'PROJETO-11.5531', 'MONTAGEM', 1, NULL, NULL, NULL),
	(60, 'LOG-99.9999', 'TRANSPORTE/MANUTENÇÃO', 1, NULL, NULL, NULL),
	(61, 'PROJETO-99.9991', 'ALMOXARIFADO CENTRAL', 1, NULL, NULL, NULL),
	(62, 'AMX-99.9999', 'ALMOXARIFADO CENTRAL', 1, NULL, NULL, NULL),
	(63, 'MEX-99.9999', 'LOCAÇÃO MERCADO EXTERNO', 1, NULL, NULL, NULL),
	(64, 'OFC-99.9999', 'OFICINA CENTRAL', 1, NULL, NULL, NULL),
	(65, 'PROJETO-11.4531', 'FUNDAÇÃO', 1, NULL, NULL, NULL),
	(66, 'A-02', 'TOP SOIL', 1, NULL, NULL, NULL),
	(67, 'A-04', 'TERRAPLANAGEM', 1, NULL, NULL, NULL),
	(68, 'A-01', 'TERRAPLANAGEM', 1, NULL, NULL, NULL),
	(69, 'A-02', 'FUNDAÇÕES', 1, NULL, NULL, NULL),
	(70, 'A-04', 'PREPARAÇÃO ESTRUT. MET.', 1, NULL, NULL, NULL),
	(71, 'A-05', 'PRÉ-MONTAGEM', 1, NULL, NULL, NULL),
	(72, 'A-07', 'ELÉTRICA / LANÇAMENTO', 1, NULL, NULL, NULL),
	(73, 'A-08', 'COMISSIONAMENTO', 1, NULL, NULL, NULL),
	(74, 'A-01', 'TERRAPLENAGEM', 1, NULL, NULL, NULL),
	(75, 'A-03', 'SERV. COMP. CIVIL', 1, NULL, NULL, NULL),
	(76, 'A-06', 'MONTAGEM', 1, NULL, NULL, NULL),
	(77, 'A-99', 'CANTEIRO / PÁTIOS', 1, NULL, NULL, NULL),
	(78, NULL, 'NÃO SE APLICA', 0, NULL, NULL, NULL);
/*!40000 ALTER TABLE `field_activities` ENABLE KEYS */;

-- Copiando estrutura para tabela toll_db.files
CREATE TABLE IF NOT EXISTS `files` (
  `id` int(11) NOT NULL AUTO_INCREMENT,
  `uuid` varchar(50) DEFAULT NULL,
  `name` varchar(250) DEFAULT NULL,
  `original_name` varchar(150) DEFAULT '1',
  `codigo_temp` varchar(20) DEFAULT NULL,
  `usuar_temp` int(11) DEFAULT NULL,
  `cd_produto_entreg` int(11) DEFAULT NULL,
  `cd_acaoresp` int(11) DEFAULT NULL,
  `cd_solicitem` int(10) unsigned DEFAULT NULL,
  `cd_rm` int(10) unsigned DEFAULT NULL,
  `cd_temporario` varchar(80) DEFAULT NULL,
  `id_tipo` int(11) DEFAULT NULL,
  `is_activated` int(11) DEFAULT '1',
  `created_at` timestamp NULL DEFAULT CURRENT_TIMESTAMP,
  `user_id` int(11) DEFAULT NULL,
  `type_document_id` int(10) unsigned DEFAULT NULL,
  `vehicle_id` int(10) unsigned DEFAULT NULL,
  `comment` varchar(120) DEFAULT NULL,
  `service_order_id` int(10) unsigned DEFAULT NULL,
  `project_id` int(11) DEFAULT NULL,
  `cd_qsmslista` int(10) unsigned DEFAULT NULL,
  `cd_qsmsrnc` int(10) unsigned DEFAULT NULL,
  `cd_qsmsitem_aval` int(10) unsigned DEFAULT NULL,
  `cd_tipo_evidencia` int(10) unsigned DEFAULT NULL,
  `cd_qsms_lic` int(10) unsigned DEFAULT NULL,
  `cd_qsmsvac` int(10) unsigned DEFAULT NULL,
  `cd_veic_modelo` int(10) unsigned DEFAULT NULL,
  `ds_descricao` varchar(120) DEFAULT NULL,
  `id_aguard_aprov` int(11) DEFAULT NULL,
  `cd_veic_manut_os` int(10) unsigned DEFAULT NULL,
  `id_revisao` int(11) unsigned DEFAULT NULL,
  `cd_veic_moto` int(11) unsigned DEFAULT NULL,
  `deleted_at` timestamp NULL DEFAULT NULL,
  `updated_at` timestamp NULL DEFAULT NULL,
  PRIMARY KEY (`id`),
  KEY `cd_produto_entreg_fk00` (`cd_produto_entreg`),
  KEY `cd_acaoresp_fk00` (`cd_acaoresp`),
  KEY `cd_solicitem_fkf` (`cd_solicitem`),
  KEY `cd_rm_ffk1` (`cd_rm`),
  KEY `cd_usuar_cad_fcad` (`user_id`),
  KEY `cd_tipodoc_fk123` (`type_document_id`),
  KEY `cd_veic_dados_fkfile` (`vehicle_id`),
  KEY `cd_veic_manut_fkmotf` (`service_order_id`),
  KEY `cd_projeto_file` (`project_id`),
  KEY `cd_qsmslista_slsi` (`cd_qsmslista`),
  KEY `cd_qsmsrnc_1355` (`cd_qsmsrnc`),
  KEY `cd_qsmsitem_aval_35` (`cd_qsmsitem_aval`),
  KEY `cd_tipo_evidencia_fka` (`cd_tipo_evidencia`),
  KEY `cd_qsms_lic_fk1` (`cd_qsms_lic`),
  KEY `cd_qsmsvac_flik` (`cd_qsmsvac`),
  KEY `cd_veic_modelo_fkmod` (`cd_veic_modelo`),
  KEY `cd_veic_manut_os_fkos` (`cd_veic_manut_os`),
  CONSTRAINT `cd_acaoresp_fk00` FOREIGN KEY (`cd_acaoresp`) REFERENCES `tbl_acaoresp` (`cd_acaoresp`),
  CONSTRAINT `cd_produto_entreg_fk00` FOREIGN KEY (`cd_produto_entreg`) REFERENCES `tbl_produto_entreg` (`cd_produto_entreg`),
  CONSTRAINT `cd_projeto_file` FOREIGN KEY (`project_id`) REFERENCES `projects` (`id`),
  CONSTRAINT `cd_qsms_lic_fk1` FOREIGN KEY (`cd_qsms_lic`) REFERENCES `tbl_qsms_lic` (`cd_qsms_lic`),
  CONSTRAINT `cd_qsmsitem_aval_35` FOREIGN KEY (`cd_qsmsitem_aval`) REFERENCES `tbl_qsmsitem_aval` (`cd_qsmsitem_aval`),
  CONSTRAINT `cd_qsmslista_slsi` FOREIGN KEY (`cd_qsmslista`) REFERENCES `tbl_qsmslista` (`cd_qsmslista`),
  CONSTRAINT `cd_qsmsrnc_1355` FOREIGN KEY (`cd_qsmsrnc`) REFERENCES `tbl_qsmsrnc` (`cd_qsmsrnc`),
  CONSTRAINT `cd_qsmsvac_flik` FOREIGN KEY (`cd_qsmsvac`) REFERENCES `tbl_qsmsvac` (`cd_qsmsvac`),
  CONSTRAINT `cd_rm_ffk1` FOREIGN KEY (`cd_rm`) REFERENCES `tbl_rm` (`cd_rm`),
  CONSTRAINT `cd_solicitem_fkf` FOREIGN KEY (`cd_solicitem`) REFERENCES `tbl_solicitem` (`cd_solicitem`),
  CONSTRAINT `cd_tipo_evidencia_fka` FOREIGN KEY (`cd_tipo_evidencia`) REFERENCES `tbl_tipo_evidencia` (`cd_tipo_evidencia`),
  CONSTRAINT `cd_tipodoc_fk123` FOREIGN KEY (`type_document_id`) REFERENCES `type_documents` (`id`),
  CONSTRAINT `cd_usuar_cad_fcad` FOREIGN KEY (`user_id`) REFERENCES `tbl_usuar` (`cd_usuar`),
  CONSTRAINT `cd_veic_dados_fkfile` FOREIGN KEY (`vehicle_id`) REFERENCES `vehicles` (`id`),
  CONSTRAINT `cd_veic_manut_fkmotf` FOREIGN KEY (`service_order_id`) REFERENCES `tbl_veic_manut` (`cd_veic_manut`),
  CONSTRAINT `cd_veic_manut_os_fkos` FOREIGN KEY (`cd_veic_manut_os`) REFERENCES `tbl_veic_manut` (`cd_veic_manut`),
  CONSTRAINT `cd_veic_modelo_fkmod` FOREIGN KEY (`cd_veic_modelo`) REFERENCES `equipment_models` (`id`)
) ENGINE=InnoDB AUTO_INCREMENT=22413 DEFAULT CHARSET=utf8;

-- Copiando dados para a tabela toll_db.files: ~0 rows (aproximadamente)
/*!40000 ALTER TABLE `files` DISABLE KEYS */;
/*!40000 ALTER TABLE `files` ENABLE KEYS */;

-- Copiando estrutura para tabela toll_db.fuels
CREATE TABLE IF NOT EXISTS `fuels` (
  `id` int(10) unsigned NOT NULL AUTO_INCREMENT,
  `name` varchar(30) DEFAULT NULL,
  PRIMARY KEY (`id`)
) ENGINE=InnoDB AUTO_INCREMENT=7 DEFAULT CHARSET=utf8;

-- Copiando dados para a tabela toll_db.fuels: ~6 rows (aproximadamente)
/*!40000 ALTER TABLE `fuels` DISABLE KEYS */;
INSERT INTO `fuels` (`id`, `name`) VALUES
	(1, 'GASOLINA'),
	(2, 'ETANOL'),
	(3, 'GASOLINA/ETANOL'),
	(4, 'DIESEL / ARLA 32'),
	(5, 'ELETRICIDADE'),
	(6, 'NÃO SE APLICA');
/*!40000 ALTER TABLE `fuels` ENABLE KEYS */;

-- Copiando estrutura para tabela toll_db.materials
CREATE TABLE IF NOT EXISTS `materials` (
  `id` int(11) unsigned NOT NULL AUTO_INCREMENT,
  `discipline_id` int(11) unsigned DEFAULT NULL,
  `brand_id` int(10) unsigned DEFAULT NULL,
  `measurement_unit_id` int(10) unsigned DEFAULT NULL,
  `name` varchar(100) DEFAULT NULL,
  `is_activated` int(11) DEFAULT '1',
  `created_at` timestamp NULL DEFAULT CURRENT_TIMESTAMP,
  `updated_at` timestamp NULL DEFAULT NULL,
  `deleted_at` timestamp NULL DEFAULT NULL,
  PRIMARY KEY (`id`),
  KEY `measurement_unit_id_fk` (`measurement_unit_id`),
  KEY `brand_id_fk365` (`brand_id`),
  KEY `discipline_id_fkmot` (`discipline_id`),
  CONSTRAINT `brand_id_fk365` FOREIGN KEY (`brand_id`) REFERENCES `brands` (`id`),
  CONSTRAINT `discipline_id_fkmot` FOREIGN KEY (`discipline_id`) REFERENCES `disciplines` (`id`),
  CONSTRAINT `measurement_unit_id_fk` FOREIGN KEY (`measurement_unit_id`) REFERENCES `measurement_units` (`id`)
) ENGINE=InnoDB AUTO_INCREMENT=43 DEFAULT CHARSET=latin1;

-- Copiando dados para a tabela toll_db.materials: ~36 rows (aproximadamente)
/*!40000 ALTER TABLE `materials` DISABLE KEYS */;
INSERT INTO `materials` (`id`, `discipline_id`, `brand_id`, `measurement_unit_id`, `name`, `is_activated`, `created_at`, `updated_at`, `deleted_at`) VALUES
	(7, 1, 25, 6, '2" X 4" X 8\' FRT ', 1, '2024-10-14 17:00:37', NULL, NULL),
	(8, 1, 25, 6, '1/2 FRT PLYWOOD - 4\' X 8\'', 1, '2024-10-14 17:00:37', NULL, NULL),
	(9, 1, 26, 6, '4\' x 8\' x 3/4" FRT PLYWOOD', 1, '2024-10-14 17:00:37', NULL, NULL),
	(10, 1, 30, 6, '2" X 10" X 8\' FRT', 1, '2024-10-14 17:00:37', NULL, NULL),
	(11, 2, 30, 8, '4\' x 10\' x 5/8" TYPE X DRYWALL', 1, '2024-10-14 17:00:37', NULL, NULL),
	(12, 2, NULL, 8, '4\' x 10\' x 5/8" TYPE MR DRYWALL', 1, '2024-10-14 17:00:37', NULL, NULL),
	(13, 2, 30, 8, '4\' x  8\' x 1/2" Gypsum Board ULTRALIGHT PANELS', 1, '2024-10-14 17:00:37', NULL, NULL),
	(14, 2, NULL, 8, '4\' x  8\' x 5/8" Gypsum Board Fire-Shield Type C and 5/8" (15.9 mm) Fire-Shield ', 1, '2024-10-14 17:00:37', NULL, NULL),
	(15, 2, NULL, 3, 'JOINT COMPOUND GREEN LID', 1, '2024-10-14 17:00:37', NULL, NULL),
	(16, 2, NULL, 6, 'Finish Tape', 1, '2024-10-14 17:00:37', NULL, NULL),
	(17, 2, 31, 6, 'Corner bead', 1, '2024-10-14 17:00:37', NULL, NULL),
	(18, 2, NULL, 4, '1-1/4" FINE THREAD SCREWS', 1, '2024-10-14 17:00:37', NULL, NULL),
	(19, 2, 40, 4, '2" COARSE THREAD SCREWS', 1, '2024-10-14 17:00:37', NULL, NULL),
	(20, 2, NULL, 6, '4\' x 8\' x  5/8" TYPE C GOLD BOND', 1, '2024-10-14 17:00:37', NULL, NULL),
	(21, 2, NULL, 6, '4\' x 8\' x 1/2" USG DUROCK®', 1, '2024-10-14 17:00:37', NULL, NULL),
	(22, 2, NULL, 6, '4\' x 8\' x 5/8" HUNTER PANEL XCI (R19.3 - Tk 3.60 in)', 1, '2024-10-14 17:00:37', NULL, NULL),
	(23, 2, NULL, 6, 'HUNTER 4.5" FASTENERS 1,000 SCREW/BOX', 1, '2024-10-14 17:00:37', NULL, NULL),
	(24, 2, NULL, 3, 'JOINT COMPOUND RED LID', 1, '2024-10-14 17:00:37', NULL, NULL),
	(25, 2, NULL, 4, 'DRYWALL SCREWS', 1, '2024-10-14 17:00:37', NULL, NULL),
	(26, 2, NULL, 1, 'EASY SAND 45', 1, '2024-10-14 17:00:37', NULL, NULL),
	(27, 2, NULL, 7, 'PAPER JOINT TAPE', 1, '2024-10-14 17:00:37', NULL, NULL),
	(28, 2, NULL, 6, 'CORNER BEAD 10\'', 1, '2024-10-14 17:00:37', NULL, NULL),
	(29, 2, NULL, 6, 'FIRE-STOPPING SEALANT', 1, '2024-10-14 17:00:37', NULL, NULL),
	(30, 2, NULL, 6, 'ACOUSTIC SEALANT (box w/ 12)', 1, '2024-10-14 17:00:37', NULL, NULL),
	(31, 3, NULL, 1, 'R-19 UNFACED FIBERGLASS INSULATION - 3 5/8" ', 1, '2024-10-14 17:00:37', NULL, NULL),
	(32, 3, NULL, 1, 'R-19 UNFACED FIBERGLASS INSULATION - 6" ', 1, '2024-10-14 17:00:37', NULL, NULL),
	(33, 3, NULL, 1, 'R-11 UNFACED FIBER GLASS INSULATION', 1, '2024-10-14 17:00:37', NULL, NULL),
	(34, 3, NULL, 1, 'R-21 UNFACED FIBER GLASS INSULATION', 1, '2024-10-14 17:00:37', NULL, NULL),
	(35, 4, NULL, 6, '3-5/8" 20 GA METAL SLOTTED TRACK - 10\'', 1, '2024-10-14 17:00:37', NULL, NULL),
	(36, 4, NULL, 6, '3-5/8" 20 GA TRACK 10\'', 1, '2024-10-14 17:00:37', NULL, NULL),
	(37, 4, NULL, 6, '3-5/8" 20 GA STUD 12\'', 1, '2024-10-14 17:00:37', NULL, NULL),
	(38, 4, NULL, 6, '6" METAL STUD 20 GA - 12\'', 1, '2024-10-14 17:00:37', NULL, NULL),
	(39, 4, NULL, 6, '6" 20 GA TRACK - 10\'', 1, '2024-10-14 17:00:37', NULL, NULL),
	(40, 4, NULL, 2, '7/16" FRAMING SCREWS', 1, '2024-10-14 17:00:37', NULL, NULL),
	(41, 4, NULL, 6, '20GA 1-5/8" TRACK', 1, '2024-10-14 17:00:37', NULL, NULL),
	(42, 4, NULL, 5, 'CMD#650 12\' FR MAING', 1, '2024-10-14 17:00:37', NULL, NULL);
/*!40000 ALTER TABLE `materials` ENABLE KEYS */;

-- Copiando estrutura para tabela toll_db.measurement_units
CREATE TABLE IF NOT EXISTS `measurement_units` (
  `id` int(10) unsigned NOT NULL AUTO_INCREMENT,
  `type` int(10) unsigned DEFAULT NULL,
  `name` varchar(20) DEFAULT NULL,
  `description` varchar(60) DEFAULT NULL,
  PRIMARY KEY (`id`)
) ENGINE=InnoDB AUTO_INCREMENT=9 DEFAULT CHARSET=latin1;

-- Copiando dados para a tabela toll_db.measurement_units: ~8 rows (aproximadamente)
/*!40000 ALTER TABLE `measurement_units` DISABLE KEYS */;
INSERT INTO `measurement_units` (`id`, `type`, `name`, `description`) VALUES
	(1, 1, 'BAGS', NULL),
	(2, 1, 'BOX', NULL),
	(3, 1, 'BUCKET', NULL),
	(4, 1, 'BULKS', NULL),
	(5, 1, 'CARTON', NULL),
	(6, 1, 'EA', NULL),
	(7, 1, 'ROLLS', NULL),
	(8, 1, 'SHEETS', NULL);
/*!40000 ALTER TABLE `measurement_units` ENABLE KEYS */;

-- Copiando estrutura para tabela toll_db.menus
CREATE TABLE IF NOT EXISTS `menus` (
  `id` int(11) NOT NULL AUTO_INCREMENT,
  `system_module_id` int(11) NOT NULL,
  `name` varchar(50) DEFAULT NULL,
  `icon` varchar(120) DEFAULT NULL,
  `route` varchar(200) DEFAULT '#',
  `comment` varchar(50) DEFAULT NULL,
  `level` int(11) DEFAULT NULL,
  `order_by` int(11) DEFAULT NULL,
  `is_activated` int(11) DEFAULT '1',
  `id_interno` int(10) unsigned DEFAULT '0',
  `country_id` int(11) DEFAULT NULL,
  PRIMARY KEY (`id`),
  KEY `cd_modulo_fk` (`system_module_id`),
  KEY `country_id_fk2` (`country_id`),
  CONSTRAINT `cd_modulo_fk` FOREIGN KEY (`system_module_id`) REFERENCES `system_modules` (`id`),
  CONSTRAINT `country_id_fk2` FOREIGN KEY (`country_id`) REFERENCES `countries` (`id`)
) ENGINE=InnoDB AUTO_INCREMENT=81 DEFAULT CHARSET=utf8;

-- Copiando dados para a tabela toll_db.menus: ~19 rows (aproximadamente)
/*!40000 ALTER TABLE `menus` DISABLE KEYS */;
INSERT INTO `menus` (`id`, `system_module_id`, `name`, `icon`, `route`, `comment`, `level`, `order_by`, `is_activated`, `id_interno`, `country_id`) VALUES
	(2, 1, 'Users', 'nav-icon fas fa-user', 'user', '', 2, 1, 1, 0, NULL),
	(61, 2, 'Companies', 'nav-icon fas fa-building', 'company', '', 2, 1, 0, 0, NULL),
	(62, 2, 'EPIs', 'nav-icon fas fa-hard-hat', 'supplyer', '', 2, 7, 0, 0, NULL),
	(63, 2, 'Drivers', 'nav-icon fas fa-address-card', 'driver', '', 2, 3, 0, 0, NULL),
	(64, 2, 'Activities', 'nav-icon fas fa-building', 'field-activity', '', 2, 4, 0, 0, NULL),
	(65, 2, 'Supervisors', 'nav-icon fas fa-address-card', 'supervisor', '', 2, 5, 0, 0, NULL),
	(66, 2, 'Clients', 'nav-icon fas fa-handshake', 'client', '', 2, 1, 1, 0, NULL),
	(67, 2, 'Projects', 'nav-icon fas fa-map-marked-alt', 'project', '', 2, 3, 1, 0, NULL),
	(68, 2, 'Locations', 'nav-icon fas fa-map-signs', 'location', '', 2, 6, 0, 0, NULL),
	(69, 2, 'Type Documents', 'nav-icon fas fa-file-code', 'type-document', '', 2, 9, 0, 0, NULL),
	(70, 2, 'Brands', 'nav-icon fas fa-shield-alt', 'brand', NULL, 2, 4, 0, 0, NULL),
	(71, 2, 'Addressses', 'nav-icon fas fa-map-marker-alt', 'address', NULL, 2, 1, 0, 0, NULL),
	(72, 3, 'Grupos de Equipamentos', 'nav-icon fas fa-boxes', 'equipment-group', NULL, 2, 3, 0, 0, NULL),
	(73, 2, 'Warehouse', 'nav-icon fas fa-warehouse', 'warehouse', NULL, 2, 5, 0, 0, NULL),
	(74, 3, 'Materials', 'nav-icon fas fa-toolbox', 'material', NULL, 2, 1, 1, 0, NULL),
	(75, 3, 'Tools', 'nav-icon fas fa-tools', 'tool', NULL, 2, 2, 1, 0, NULL),
	(76, 3, 'Demobilize Material', 'nav-icon fas fa-archive', 'vehicle/demobilization', NULL, 2, 3, 0, 0, NULL),
	(77, 3, 'Transfer Material', 'nav-icon fas fa-exchange-alt', 'vehicle/transfer', NULL, 2, 4, 0, 0, NULL),
	(78, 2, 'Contacts', 'nav-icon fas fa-address-book', 'contact', NULL, 2, 2, 1, 0, NULL),
	(80, 3, 'PCO', 'nav-icon fas fa-clipboard', 'pco', NULL, 2, 5, 1, 0, NULL);
/*!40000 ALTER TABLE `menus` ENABLE KEYS */;

-- Copiando estrutura para tabela toll_db.migrations
CREATE TABLE IF NOT EXISTS `migrations` (
  `id` int(10) unsigned NOT NULL AUTO_INCREMENT,
  `migration` varchar(255) CHARACTER SET utf8mb4 COLLATE utf8mb4_unicode_ci NOT NULL,
  `batch` int(11) NOT NULL,
  PRIMARY KEY (`id`)
) ENGINE=InnoDB AUTO_INCREMENT=7 DEFAULT CHARSET=utf8mb4 COLLATE=utf8mb4_unicode_ci;

-- Copiando dados para a tabela toll_db.migrations: ~6 rows (aproximadamente)
/*!40000 ALTER TABLE `migrations` DISABLE KEYS */;
INSERT INTO `migrations` (`id`, `migration`, `batch`) VALUES
	(1, '2014_10_07_000000_create_users_table', 1),
	(2, '2014_10_12_100000_create_password_reset_tokens_table', 1),
	(3, '2014_10_12_100000_create_password_resets_table', 1),
	(4, '2014_10_12_200000_add_two_factor_columns_to_users_table', 1),
	(5, '2019_08_19_000000_create_failed_jobs_table', 1),
	(6, '2019_12_14_000001_create_personal_access_tokens_table', 1);
/*!40000 ALTER TABLE `migrations` ENABLE KEYS */;

-- Copiando estrutura para tabela toll_db.mobilization_historics
CREATE TABLE IF NOT EXISTS `mobilization_historics` (
  `id` int(10) unsigned NOT NULL AUTO_INCREMENT,
  `vehicle_id` int(10) unsigned NOT NULL,
  `cd_projeto_requested` int(11) DEFAULT NULL,
  `project_id` int(11) DEFAULT NULL,
  `status_id` int(10) unsigned DEFAULT NULL,
  `request_status` char(2) DEFAULT NULL,
  `mobilization_date_requested` date DEFAULT NULL,
  `mobilization_date` date DEFAULT NULL,
  `demobilization_date_requested` date DEFAULT NULL,
  `demobilization_date` date DEFAULT NULL,
  `km_control_requested` decimal(10,2) DEFAULT NULL,
  `km_control` decimal(10,2) DEFAULT NULL,
  `km_return_requested` decimal(10,2) DEFAULT NULL,
  `km_return` decimal(10,2) DEFAULT NULL,
  `hour_control_requested` decimal(10,2) DEFAULT NULL,
  `hour_control` decimal(10,2) DEFAULT NULL,
  `hour_control_return_requested` decimal(10,2) DEFAULT NULL,
  `hour_control_return` decimal(10,2) DEFAULT NULL,
  `user_id_return_requested` int(11) DEFAULT NULL,
  `user_id_return` int(11) DEFAULT NULL,
  `user_id_approver` int(11) DEFAULT NULL,
  `demobilization_date_created` datetime DEFAULT NULL,
  `id_mob` char(1) DEFAULT NULL,
  `ds_comentario` varchar(120) DEFAULT NULL,
  `no_telemetria` int(10) DEFAULT NULL,
  `dt_telemetria` datetime DEFAULT NULL,
  `demobilization_approval_date` date DEFAULT NULL,
  `id_trasnferido` int(11) DEFAULT NULL,
  `cd_contaativ_solic` int(11) unsigned DEFAULT NULL,
  `cd_usuar_solictransf` int(11) DEFAULT NULL,
  `cd_clienteproj_solic` int(11) DEFAULT NULL,
  `user_id` int(11) DEFAULT NULL,
  `created_at` timestamp NULL DEFAULT CURRENT_TIMESTAMP,
  `deleted_at` timestamp NULL DEFAULT NULL,
  `updated_at` timestamp NULL DEFAULT NULL,
  PRIMARY KEY (`id`),
  KEY `cd_veic_dados_fkdm` (`vehicle_id`),
  KEY `cd_usuar_cad_fkcd` (`user_id`),
  KEY `cd_projeto_fkab1` (`project_id`),
  KEY `dt_desmob` (`demobilization_date`),
  KEY `dt_mob` (`mobilization_date`),
  KEY `cd_veic_status_fk1` (`status_id`),
  KEY `cd_usuar_desmob_fk1` (`user_id_return`),
  KEY `solicdesmob_fk` (`user_id_return_requested`),
  KEY `cd_desmob_aprov_fk` (`user_id_approver`),
  KEY `cd_usuar_solictransf` (`cd_usuar_solictransf`),
  KEY `cd_clienteproj_solic_fx3` (`cd_clienteproj_solic`),
  CONSTRAINT `cd_clienteproj_solic_fx3` FOREIGN KEY (`cd_clienteproj_solic`) REFERENCES `clients` (`id`),
  CONSTRAINT `cd_desmob_aprov_fk` FOREIGN KEY (`user_id_approver`) REFERENCES `tbl_usuar` (`cd_usuar`),
  CONSTRAINT `cd_projeto_fkab1` FOREIGN KEY (`project_id`) REFERENCES `projects` (`id`),
  CONSTRAINT `cd_usuar_cad_fkcd` FOREIGN KEY (`user_id`) REFERENCES `tbl_usuar` (`cd_usuar`),
  CONSTRAINT `cd_usuar_desmob_fk1` FOREIGN KEY (`user_id_return`) REFERENCES `tbl_usuar` (`cd_usuar`),
  CONSTRAINT `cd_usuar_solictransf` FOREIGN KEY (`cd_usuar_solictransf`) REFERENCES `tbl_usuar` (`cd_usuar`),
  CONSTRAINT `cd_veic_dados_fkdm` FOREIGN KEY (`vehicle_id`) REFERENCES `vehicles` (`id`),
  CONSTRAINT `cd_veic_status_fk1` FOREIGN KEY (`status_id`) REFERENCES `statuses` (`id`),
  CONSTRAINT `solicdesmob_fk` FOREIGN KEY (`user_id_return_requested`) REFERENCES `tbl_usuar` (`cd_usuar`)
) ENGINE=InnoDB AUTO_INCREMENT=9555 DEFAULT CHARSET=utf8;

-- Copiando dados para a tabela toll_db.mobilization_historics: ~0 rows (aproximadamente)
/*!40000 ALTER TABLE `mobilization_historics` DISABLE KEYS */;
/*!40000 ALTER TABLE `mobilization_historics` ENABLE KEYS */;

-- Copiando estrutura para tabela toll_db.page_actions
CREATE TABLE IF NOT EXISTS `page_actions` (
  `id` int(11) NOT NULL AUTO_INCREMENT,
  `menu_id` int(11) NOT NULL,
  `action_id` int(11) NOT NULL,
  `is_activated` int(11) NOT NULL DEFAULT '1',
  PRIMARY KEY (`id`),
  KEY `action_id_fk2x` (`action_id`),
  KEY `menu_id_fk` (`menu_id`),
  CONSTRAINT `action_id_fk2x` FOREIGN KEY (`action_id`) REFERENCES `actions` (`id`),
  CONSTRAINT `menu_id_fk` FOREIGN KEY (`menu_id`) REFERENCES `menus` (`id`)
) ENGINE=InnoDB AUTO_INCREMENT=69 DEFAULT CHARSET=latin1;

-- Copiando dados para a tabela toll_db.page_actions: ~64 rows (aproximadamente)
/*!40000 ALTER TABLE `page_actions` DISABLE KEYS */;
INSERT INTO `page_actions` (`id`, `menu_id`, `action_id`, `is_activated`) VALUES
	(1, 2, 1, 1),
	(2, 2, 2, 1),
	(4, 2, 3, 1),
	(5, 2, 4, 1),
	(6, 61, 1, 1),
	(8, 62, 1, 1),
	(10, 62, 2, 1),
	(11, 62, 3, 1),
	(12, 62, 4, 1),
	(13, 63, 1, 1),
	(14, 63, 2, 1),
	(15, 63, 3, 1),
	(16, 63, 4, 1),
	(17, 64, 1, 1),
	(18, 64, 2, 1),
	(19, 64, 3, 1),
	(20, 64, 4, 1),
	(21, 65, 1, 1),
	(22, 65, 2, 1),
	(23, 65, 3, 1),
	(24, 65, 4, 1),
	(25, 66, 1, 1),
	(26, 66, 2, 1),
	(27, 66, 3, 1),
	(28, 66, 4, 1),
	(29, 67, 1, 1),
	(30, 67, 2, 1),
	(31, 67, 3, 1),
	(32, 67, 4, 1),
	(33, 68, 1, 1),
	(34, 68, 2, 1),
	(35, 68, 3, 1),
	(36, 68, 4, 1),
	(37, 69, 1, 1),
	(38, 69, 2, 1),
	(39, 69, 3, 1),
	(40, 69, 4, 1),
	(41, 70, 1, 1),
	(42, 70, 2, 1),
	(43, 70, 3, 1),
	(44, 70, 4, 1),
	(45, 71, 1, 1),
	(46, 71, 2, 1),
	(47, 71, 3, 1),
	(48, 71, 4, 1),
	(49, 72, 1, 1),
	(50, 72, 2, 1),
	(51, 72, 3, 1),
	(52, 72, 4, 1),
	(53, 73, 1, 1),
	(54, 73, 2, 1),
	(55, 73, 3, 1),
	(56, 73, 4, 1),
	(57, 74, 1, 1),
	(58, 74, 2, 1),
	(59, 74, 3, 1),
	(60, 74, 4, 1),
	(61, 75, 1, 1),
	(62, 75, 2, 1),
	(63, 75, 3, 1),
	(64, 75, 4, 1),
	(65, 76, 14, 1),
	(66, 77, 15, 1),
	(67, 78, 2, 1),
	(68, 80, 1, 1);
/*!40000 ALTER TABLE `page_actions` ENABLE KEYS */;

-- Copiando estrutura para tabela toll_db.password_resets
CREATE TABLE IF NOT EXISTS `password_resets` (
  `email` varchar(255) CHARACTER SET utf8mb4 COLLATE utf8mb4_unicode_ci NOT NULL,
  `token` varchar(255) CHARACTER SET utf8mb4 COLLATE utf8mb4_unicode_ci NOT NULL,
  `created_at` timestamp NULL DEFAULT NULL,
  KEY `password_resets_email_index` (`email`)
) ENGINE=InnoDB DEFAULT CHARSET=utf8mb4 COLLATE=utf8mb4_unicode_ci;

-- Copiando dados para a tabela toll_db.password_resets: ~0 rows (aproximadamente)
/*!40000 ALTER TABLE `password_resets` DISABLE KEYS */;
/*!40000 ALTER TABLE `password_resets` ENABLE KEYS */;

-- Copiando estrutura para tabela toll_db.password_reset_tokens
CREATE TABLE IF NOT EXISTS `password_reset_tokens` (
  `email` varchar(255) CHARACTER SET utf8mb4 COLLATE utf8mb4_unicode_ci NOT NULL,
  `token` varchar(255) CHARACTER SET utf8mb4 COLLATE utf8mb4_unicode_ci NOT NULL,
  `created_at` timestamp NULL DEFAULT NULL,
  PRIMARY KEY (`email`)
) ENGINE=InnoDB DEFAULT CHARSET=utf8mb4 COLLATE=utf8mb4_unicode_ci;

-- Copiando dados para a tabela toll_db.password_reset_tokens: ~0 rows (aproximadamente)
/*!40000 ALTER TABLE `password_reset_tokens` DISABLE KEYS */;
/*!40000 ALTER TABLE `password_reset_tokens` ENABLE KEYS */;

-- Copiando estrutura para tabela toll_db.pcos
CREATE TABLE IF NOT EXISTS `pcos` (
  `id` int(11) unsigned NOT NULL AUTO_INCREMENT,
  `project_id` int(11) NOT NULL,
  `client_id` int(11) NOT NULL,
  `description` text,
  `responsible` varchar(100) DEFAULT NULL,
  `is_activated` int(11) DEFAULT '1',
  `created_at` timestamp NULL DEFAULT CURRENT_TIMESTAMP,
  `updated_at` timestamp NULL DEFAULT NULL,
  `deleted_at` timestamp NULL DEFAULT NULL,
  PRIMARY KEY (`id`),
  KEY `project_id_fkisproj` (`project_id`),
  KEY `client_id_fkmot35` (`client_id`),
  CONSTRAINT `client_id_fkmot35` FOREIGN KEY (`client_id`) REFERENCES `clients` (`id`),
  CONSTRAINT `project_id_fkisproj` FOREIGN KEY (`project_id`) REFERENCES `projects` (`id`)
) ENGINE=InnoDB AUTO_INCREMENT=6 DEFAULT CHARSET=latin1;

-- Copiando dados para a tabela toll_db.pcos: ~4 rows (aproximadamente)
/*!40000 ALTER TABLE `pcos` DISABLE KEYS */;
INSERT INTO `pcos` (`id`, `project_id`, `client_id`, `description`, `responsible`, `is_activated`, `created_at`, `updated_at`, `deleted_at`) VALUES
	(2, 40, 8, 'Provide all necessary skilled labor and materials to execute the modifications outlined in ASI #40. This includes extending Wall B10 on the electrical closet and adjusting the exterior perimeter wall to extend the DensGlass sheathing and rigid insulation down past the top of the concrete foundation, securing it to the 1" Z-furring attached to the concrete wall. All work must comply with the project specifications and standards. ', 'Amy Boehcke', 1, '2024-11-05 17:54:14', NULL, NULL),
	(3, 40, 8, 'Lorem Ipsum is simply dummy text of the printing and typesetting industry. Lorem Ipsum has been the industry\'s standard dummy text ever since the 1500s', 'Charm Ribs', 1, '2024-11-05 17:54:14', NULL, NULL),
	(4, 41, 5, 'Contrary to popular belief, Lorem Ipsum is not simply random text. It has roots in a piece of classical Latin literature from 45 BC, making it over 2000 years old.', 'Eno Chelbly', 1, '2024-11-05 17:54:14', NULL, NULL),
	(5, 42, 4, 'At vero eos et accusamus et iusto odio dignissimos ducimus qui blanditiis praesentium voluptatum deleniti atque corrupti quos dolores et quas molestias excepturi sint occaecati cupiditate non provident,', 'Calvin Puso', 1, '2024-11-05 17:54:14', NULL, NULL);
/*!40000 ALTER TABLE `pcos` ENABLE KEYS */;

-- Copiando estrutura para tabela toll_db.permissions
CREATE TABLE IF NOT EXISTS `permissions` (
  `id` bigint(20) unsigned NOT NULL AUTO_INCREMENT,
  `user_id` bigint(20) unsigned NOT NULL,
  `page_action_id` int(11) NOT NULL,
  `is_activated` int(11) NOT NULL DEFAULT '1',
  `created_at` timestamp NULL DEFAULT NULL,
  `updated_at` timestamp NULL DEFAULT NULL,
  `deleted_at` timestamp NULL DEFAULT NULL,
  PRIMARY KEY (`id`),
  KEY `user_id_fk10x` (`user_id`),
  KEY `page_action_id_fk` (`page_action_id`),
  CONSTRAINT `page_action_id_fk` FOREIGN KEY (`page_action_id`) REFERENCES `page_actions` (`id`),
  CONSTRAINT `user_id_fk10x` FOREIGN KEY (`user_id`) REFERENCES `users` (`id`)
) ENGINE=InnoDB AUTO_INCREMENT=843 DEFAULT CHARSET=latin1;

-- Copiando dados para a tabela toll_db.permissions: ~33 rows (aproximadamente)
/*!40000 ALTER TABLE `permissions` DISABLE KEYS */;
INSERT INTO `permissions` (`id`, `user_id`, `page_action_id`, `is_activated`, `created_at`, `updated_at`, `deleted_at`) VALUES
	(810, 1, 2, 1, '2024-12-11 18:00:24', '2024-12-11 18:00:24', NULL),
	(811, 1, 5, 1, '2024-12-11 18:00:24', '2024-12-11 18:00:24', NULL),
	(812, 1, 1, 1, '2024-12-11 18:00:24', '2024-12-11 18:00:24', NULL),
	(813, 1, 4, 1, '2024-12-11 18:00:24', '2024-12-11 18:00:24', NULL),
	(814, 1, 46, 1, '2024-12-11 18:00:24', '2024-12-11 18:00:24', NULL),
	(815, 1, 48, 1, '2024-12-11 18:00:24', '2024-12-11 18:00:24', NULL),
	(816, 1, 45, 1, '2024-12-11 18:00:24', '2024-12-11 18:00:24', NULL),
	(817, 1, 47, 1, '2024-12-11 18:00:24', '2024-12-11 18:00:24', NULL),
	(818, 1, 42, 1, '2024-12-11 18:00:24', '2024-12-11 18:00:24', NULL),
	(819, 1, 41, 1, '2024-12-11 18:00:24', '2024-12-11 18:00:24', NULL),
	(820, 1, 43, 1, '2024-12-11 18:00:24', '2024-12-11 18:00:24', NULL),
	(821, 1, 26, 1, '2024-12-11 18:00:24', '2024-12-11 18:00:24', NULL),
	(822, 1, 28, 1, '2024-12-11 18:00:24', '2024-12-11 18:00:24', NULL),
	(823, 1, 25, 1, '2024-12-11 18:00:24', '2024-12-11 18:00:24', NULL),
	(824, 1, 27, 1, '2024-12-11 18:00:24', '2024-12-11 18:00:24', NULL),
	(825, 1, 67, 1, '2024-12-11 18:00:24', '2024-12-11 18:00:24', NULL),
	(826, 1, 30, 1, '2024-12-11 18:00:24', '2024-12-11 18:00:24', NULL),
	(827, 1, 32, 1, '2024-12-11 18:00:24', '2024-12-11 18:00:24', NULL),
	(828, 1, 29, 1, '2024-12-11 18:00:24', '2024-12-11 18:00:24', NULL),
	(829, 1, 31, 1, '2024-12-11 18:00:24', '2024-12-11 18:00:24', NULL),
	(830, 1, 54, 1, '2024-12-11 18:00:24', '2024-12-11 18:00:24', NULL),
	(831, 1, 56, 1, '2024-12-11 18:00:24', '2024-12-11 18:00:24', NULL),
	(832, 1, 53, 1, '2024-12-11 18:00:24', '2024-12-11 18:00:24', NULL),
	(833, 1, 55, 1, '2024-12-11 18:00:24', '2024-12-11 18:00:24', NULL),
	(834, 1, 58, 1, '2024-12-11 18:00:24', '2024-12-11 18:00:24', NULL),
	(835, 1, 60, 1, '2024-12-11 18:00:24', '2024-12-11 18:00:24', NULL),
	(836, 1, 57, 1, '2024-12-11 18:00:24', '2024-12-11 18:00:24', NULL),
	(837, 1, 59, 1, '2024-12-11 18:00:24', '2024-12-11 18:00:24', NULL),
	(838, 1, 68, 1, '2024-12-11 18:00:24', '2024-12-11 18:00:24', NULL),
	(839, 1, 62, 1, '2024-12-11 18:00:24', '2024-12-11 18:00:24', NULL),
	(840, 1, 64, 1, '2024-12-11 18:00:24', '2024-12-11 18:00:24', NULL),
	(841, 1, 61, 1, '2024-12-11 18:00:24', '2024-12-11 18:00:24', NULL),
	(842, 1, 63, 1, '2024-12-11 18:00:24', '2024-12-11 18:00:24', NULL);
/*!40000 ALTER TABLE `permissions` ENABLE KEYS */;

-- Copiando estrutura para tabela toll_db.personal_access_tokens
CREATE TABLE IF NOT EXISTS `personal_access_tokens` (
  `id` bigint(20) unsigned NOT NULL AUTO_INCREMENT,
  `tokenable_type` varchar(255) CHARACTER SET utf8mb4 COLLATE utf8mb4_unicode_ci NOT NULL,
  `tokenable_id` bigint(20) unsigned NOT NULL,
  `name` varchar(255) CHARACTER SET utf8mb4 COLLATE utf8mb4_unicode_ci NOT NULL,
  `token` varchar(64) CHARACTER SET utf8mb4 COLLATE utf8mb4_unicode_ci NOT NULL,
  `abilities` text CHARACTER SET utf8mb4 COLLATE utf8mb4_unicode_ci,
  `last_used_at` timestamp NULL DEFAULT NULL,
  `expires_at` timestamp NULL DEFAULT NULL,
  `created_at` timestamp NULL DEFAULT NULL,
  `updated_at` timestamp NULL DEFAULT NULL,
  PRIMARY KEY (`id`),
  UNIQUE KEY `personal_access_tokens_token_unique` (`token`),
  KEY `personal_access_tokens_tokenable_type_tokenable_id_index` (`tokenable_type`,`tokenable_id`)
) ENGINE=InnoDB DEFAULT CHARSET=utf8mb4 COLLATE=utf8mb4_unicode_ci;

-- Copiando dados para a tabela toll_db.personal_access_tokens: ~0 rows (aproximadamente)
/*!40000 ALTER TABLE `personal_access_tokens` DISABLE KEYS */;
/*!40000 ALTER TABLE `personal_access_tokens` ENABLE KEYS */;

-- Copiando estrutura para tabela toll_db.persons
CREATE TABLE IF NOT EXISTS `persons` (
  `id` int(11) NOT NULL AUTO_INCREMENT,
  `cd_usuar_solic` int(11) DEFAULT NULL,
  `cd_usuario_cad` int(11) DEFAULT NULL,
  `cd_projeto` int(11) DEFAULT NULL,
  `cd_local` int(10) unsigned DEFAULT NULL,
  `cd_cargosal` int(10) unsigned DEFAULT NULL COMMENT 'TEMP',
  `cd_setor` int(10) unsigned DEFAULT NULL COMMENT 'TEMP',
  `cd_empresa` int(10) unsigned DEFAULT NULL,
  `name` varchar(80) DEFAULT NULL,
  `ds_pessoa_matr` varchar(30) DEFAULT NULL,
  `email` varchar(120) DEFAULT NULL,
  `no_pessoa_rg` varchar(30) DEFAULT NULL,
  `no_pessoa_cpf` varchar(14) DEFAULT NULL,
  `gender` char(1) DEFAULT NULL,
  `ds_pessoa_telfixo` varchar(20) DEFAULT NULL,
  `ds_pessoa_telcel` varchar(20) DEFAULT NULL,
  `last_name` date DEFAULT NULL,
  `is_activated` int(11) DEFAULT '1',
  `dt_datareg` timestamp NULL DEFAULT CURRENT_TIMESTAMP,
  `id_aguarda_cad` int(11) DEFAULT '0',
  `id_mod` int(10) unsigned DEFAULT '0',
  `id_eqpo` int(10) unsigned DEFAULT '0',
  `created_at` timestamp NULL DEFAULT NULL,
  `deleted_at` timestamp NULL DEFAULT NULL,
  `updated_at` timestamp NULL DEFAULT NULL,
  PRIMARY KEY (`id`),
  KEY `cd_usuar_cad_fk100` (`cd_usuario_cad`),
  KEY `cd_usuar_solic_fk125` (`cd_usuar_solic`),
  KEY `cd_projeto_fkosh` (`cd_projeto`),
  KEY `cd_local_fk1p` (`cd_local`),
  CONSTRAINT `cd_local_fk1p` FOREIGN KEY (`cd_local`) REFERENCES `tbl_rm_local` (`cd_rm_local`),
  CONSTRAINT `cd_projeto_fkosh` FOREIGN KEY (`cd_projeto`) REFERENCES `projects` (`id`),
  CONSTRAINT `cd_usuar_cad_fk100` FOREIGN KEY (`cd_usuario_cad`) REFERENCES `tbl_usuar` (`cd_usuar`),
  CONSTRAINT `cd_usuar_solic_fk125` FOREIGN KEY (`cd_usuar_solic`) REFERENCES `tbl_usuar` (`cd_usuar`)
) ENGINE=InnoDB AUTO_INCREMENT=3044 DEFAULT CHARSET=utf8;

-- Copiando dados para a tabela toll_db.persons: ~385 rows (aproximadamente)
/*!40000 ALTER TABLE `persons` DISABLE KEYS */;
INSERT INTO `persons` (`id`, `cd_usuar_solic`, `cd_usuario_cad`, `cd_projeto`, `cd_local`, `cd_cargosal`, `cd_setor`, `cd_empresa`, `name`, `ds_pessoa_matr`, `email`, `no_pessoa_rg`, `no_pessoa_cpf`, `gender`, `ds_pessoa_telfixo`, `ds_pessoa_telcel`, `last_name`, `is_activated`, `dt_datareg`, `id_aguarda_cad`, `id_mod`, `id_eqpo`, `created_at`, `deleted_at`, `updated_at`) VALUES
	(1, 1, NULL, NULL, NULL, NULL, NULL, NULL, 'MARCELO DE JESUS USBERT', NULL, 'marcelo.usbert@skic.com', NULL, NULL, 'M', NULL, '', '1970-10-19', 1, '2016-12-16 09:31:23', 0, 0, 0, NULL, NULL, NULL),
	(9, 1, NULL, NULL, NULL, NULL, NULL, NULL, 'RAFAEL BOCATER RODRIGUES', NULL, 'rafael.bocater@skic.com', NULL, NULL, 'M', NULL, '', '1987-04-16', 1, '2016-12-16 09:31:23', 0, 0, 0, NULL, NULL, NULL),
	(10, 1, NULL, NULL, NULL, NULL, NULL, NULL, 'BRUNO FRANCISCO DE SOUZA NASCIMENTO', NULL, 'bruno.nascimento@sbeisk.com.br', NULL, NULL, 'M', NULL, '', '1981-11-06', 2, '2016-12-16 09:31:23', 0, 0, 0, NULL, NULL, NULL),
	(15, 1, NULL, NULL, NULL, NULL, NULL, NULL, 'CHARLES SILVA DE SOUZA', NULL, 'cssouza@alumini-icsk-fjepc.com.br', NULL, NULL, 'M', NULL, '', '1987-03-24', 2, '2016-12-16 09:31:23', 0, 0, 0, NULL, NULL, NULL),
	(17, 1, NULL, NULL, NULL, NULL, NULL, NULL, 'JOSE CICERO RAPOSO', NULL, 'jcraposo@aluminieng.com', NULL, NULL, 'M', NULL, '', '1957-11-04', 2, '2016-12-16 09:31:23', 0, 0, 0, NULL, NULL, NULL),
	(27, 1, NULL, NULL, NULL, NULL, NULL, NULL, 'EDUARDO MASCARENHAS SILVA', NULL, 'emascarenhas@alumini-icsk-fjepc.com.br', NULL, NULL, 'M', NULL, '', '2016-12-16', 2, '2016-12-16 09:35:08', 0, 0, 0, NULL, NULL, NULL),
	(28, 1, NULL, NULL, NULL, NULL, NULL, NULL, 'EVALDO VIEIRA DA COSTA', NULL, 'evaldo@aluminieng.com', NULL, NULL, NULL, NULL, NULL, NULL, 2, '2017-05-09 09:07:52', 0, 0, 0, NULL, NULL, NULL),
	(29, 1, NULL, NULL, NULL, NULL, NULL, NULL, 'GILDO DOS SANTOS SOARES', NULL, 'gildo.soares@sbeisk.com.br', NULL, NULL, NULL, NULL, NULL, NULL, 2, '2017-05-22 11:47:18', 0, 0, 0, NULL, NULL, NULL),
	(30, 1, NULL, NULL, NULL, NULL, NULL, NULL, 'ROGERIO MEDEIROS DE AGUIAR', NULL, 'rmdaguiar@alumini-icsk-fjepc.com.br', NULL, NULL, NULL, NULL, NULL, NULL, 2, '2017-05-22 13:34:07', 0, 0, 0, NULL, NULL, NULL),
	(31, 1, NULL, NULL, NULL, NULL, NULL, NULL, 'ROBERTO DE CARVALHO MONTEIRO', NULL, 'rcmonteiro@alumini-icsk-fjepc.com.br', NULL, NULL, NULL, NULL, NULL, NULL, 2, '2017-05-22 13:38:43', 0, 0, 0, NULL, NULL, NULL),
	(32, 1, NULL, NULL, NULL, NULL, NULL, NULL, 'WASHINGTON LUIZ SARTORELLO', NULL, 'wlsartorello@alumini-icsk-fjepc.com.br', NULL, NULL, NULL, NULL, NULL, NULL, 2, '2017-05-22 14:54:13', 0, 0, 0, NULL, NULL, NULL),
	(33, 1, NULL, NULL, NULL, NULL, NULL, NULL, 'DEDIER FELIPE', NULL, 'dfelipe@alumini-icsk-fjepc.com.br', NULL, NULL, NULL, NULL, NULL, NULL, 2, '2017-05-24 10:30:40', 0, 0, 0, NULL, NULL, NULL),
	(34, 1, NULL, NULL, NULL, NULL, NULL, NULL, 'LEONARDO TELES DE CASTRO', NULL, 'ltcastro@alumini-icsk-fjepc.com.br', NULL, NULL, NULL, NULL, NULL, NULL, 2, '2017-05-24 10:32:02', 0, 0, 0, NULL, NULL, NULL),
	(35, 1, NULL, NULL, NULL, NULL, NULL, NULL, 'ANTONIO AUGUSTO VIEIRA', NULL, 'aavieira@alumini-icsk-fjepc.com.br', NULL, NULL, NULL, NULL, NULL, NULL, 2, '2017-05-26 09:00:20', 0, 0, 0, NULL, NULL, NULL),
	(36, 1, NULL, NULL, NULL, NULL, NULL, NULL, 'CARLOS EDUARDO DE ANDRADE BOTTINO', NULL, 'cebottino@alumini-icsk-fjepc.com.br', NULL, NULL, NULL, NULL, NULL, NULL, 2, '2017-05-26 09:17:39', 0, 0, 0, NULL, NULL, NULL),
	(37, 1, NULL, NULL, NULL, NULL, NULL, NULL, 'GILSON LUIZ MACHADO', NULL, 'gmachado@alumini-icsk-fjepc.com.br', NULL, NULL, NULL, NULL, NULL, NULL, 2, '2017-05-26 09:30:19', 0, 0, 0, NULL, NULL, NULL),
	(38, 1, NULL, NULL, NULL, NULL, NULL, NULL, 'ARILSON DA SILVA CABRAL', NULL, 'ascabral@alumini-icsk-fjepc.com.br', NULL, NULL, NULL, NULL, NULL, NULL, 2, '2017-05-26 09:37:12', 0, 0, 0, NULL, NULL, NULL),
	(39, 1, NULL, NULL, NULL, NULL, NULL, NULL, 'PABLO MONTEZE COSTA', NULL, 'pmonteze@alumini-icsk-fjepc.com.br', NULL, NULL, NULL, NULL, NULL, NULL, 2, '2017-05-26 13:52:39', 0, 0, 0, NULL, NULL, NULL),
	(40, 1, NULL, NULL, NULL, NULL, NULL, NULL, 'OSMAR YUNES JUNIOR', NULL, 'oyunes@alumini-icsk-fjepc.com.br', NULL, NULL, NULL, NULL, NULL, NULL, 2, '2017-05-26 13:54:43', 0, 0, 0, NULL, NULL, NULL),
	(41, 1, NULL, NULL, NULL, NULL, NULL, NULL, 'LUIZ ANTONIO DE AZEVEDO', NULL, 'lazevedo@alumini-icsk-fjepc.com.br', NULL, NULL, NULL, NULL, NULL, NULL, 2, '2017-05-26 13:57:34', 0, 0, 0, NULL, NULL, NULL),
	(42, 1, NULL, NULL, NULL, NULL, NULL, NULL, 'EDINALDO BARBOSA DE MELO JUNIOR', NULL, 'ebmelo@alumini-icsk-fjepc.com.br', NULL, NULL, NULL, NULL, NULL, NULL, 2, '2017-05-31 17:04:54', 0, 0, 0, NULL, NULL, NULL),
	(43, 1, NULL, NULL, NULL, NULL, NULL, NULL, 'MARCELO TACON', NULL, 'mtacon@aluminieng.com', NULL, NULL, NULL, NULL, NULL, NULL, 2, '2017-06-02 17:24:59', 0, 0, 0, NULL, NULL, NULL),
	(45, 1, NULL, NULL, NULL, NULL, NULL, NULL, 'MAYELLE BARROS DA SILVA', NULL, 'mbsilva@alumini-icsk-fjepc.com.br', NULL, NULL, NULL, NULL, NULL, NULL, 2, '2017-06-07 13:19:08', 0, 0, 0, NULL, NULL, NULL),
	(46, 1, NULL, NULL, NULL, NULL, NULL, NULL, 'JOSUEL FERREIRA DA SILVA', NULL, 'jfdsilva@alumini-icsk-fjepc.com.br', NULL, NULL, NULL, NULL, NULL, NULL, 2, '2017-06-27 10:08:58', 0, 0, 0, NULL, NULL, NULL),
	(47, 1, NULL, NULL, NULL, NULL, NULL, NULL, 'ALEXANDRE LUIZ RODHEN', NULL, 'arodhen@alumini-icsk-fjepc.com.br', NULL, NULL, NULL, NULL, NULL, NULL, 2, '2017-06-27 10:14:15', 0, 0, 0, NULL, NULL, NULL),
	(48, 1, NULL, NULL, NULL, NULL, NULL, NULL, 'MARCOS PAULO MONTEIRO', NULL, 'mpmonteiro@alumini-icsk-fjepc.com.br', NULL, NULL, NULL, NULL, NULL, NULL, 2, '2017-06-29 16:18:30', 0, 0, 0, NULL, NULL, NULL),
	(49, 1, NULL, NULL, NULL, NULL, NULL, NULL, 'GEDELLI LOPES COELHO', NULL, 'glcoelho@alumini-icsk-fjepc.com.br', NULL, NULL, NULL, NULL, NULL, NULL, 2, '2017-07-07 14:30:16', 0, 0, 0, NULL, NULL, NULL),
	(50, 1, NULL, NULL, NULL, NULL, NULL, NULL, 'AGNELO FERNANDES MAIA', NULL, 'afmaia@alumini-icsk-fjepc.com.br', NULL, NULL, NULL, NULL, NULL, NULL, 2, '2017-07-07 14:31:29', 0, 0, 0, NULL, NULL, NULL),
	(51, 1, NULL, NULL, NULL, NULL, NULL, NULL, 'JOAB SOUZA DO AMARAL', NULL, 'jsamaral@alumini-icsk-fjepc.com.br', NULL, NULL, NULL, NULL, NULL, NULL, 2, '2017-07-07 14:32:34', 0, 0, 0, NULL, NULL, NULL),
	(52, 1, NULL, NULL, NULL, NULL, NULL, NULL, 'ALEXANDRE MANOEL ROSA', NULL, 'amrosa@alumini-icsk-fjepc.com.br', NULL, NULL, NULL, NULL, NULL, NULL, 2, '2017-07-07 14:33:39', 0, 0, 0, NULL, NULL, NULL),
	(53, 1, NULL, NULL, NULL, NULL, NULL, NULL, 'ISMAEL DE OLIVEIRA RIBEIRO', NULL, 'ioribeiro@alumini-icsk-fjepc.com.br', NULL, NULL, NULL, NULL, NULL, NULL, 2, '2017-07-07 14:42:31', 0, 0, 0, NULL, NULL, NULL),
	(54, 1, NULL, NULL, NULL, NULL, NULL, NULL, 'JAILSON ALENCAR DOS SANTOS', NULL, 'jadsantos@alumini-icsk-fjepc.com.br', NULL, NULL, NULL, NULL, NULL, NULL, 2, '2017-07-10 10:47:27', 0, 0, 0, NULL, NULL, NULL),
	(55, 1, NULL, NULL, NULL, NULL, NULL, NULL, 'FABIANA REIS DA SILVA', NULL, 'frdsilva@alumini-icsk-fjepc.com.br', NULL, NULL, NULL, NULL, NULL, NULL, 2, '2017-07-14 09:10:39', 0, 0, 0, NULL, NULL, NULL),
	(56, 1, NULL, NULL, NULL, NULL, NULL, NULL, 'CLEITON JOSE DA SILVA', NULL, 'cleiton.dasilva@skic.com', NULL, NULL, NULL, NULL, NULL, NULL, 1, '2017-07-20 15:04:12', 0, 0, 0, NULL, NULL, NULL),
	(57, 1, NULL, NULL, NULL, NULL, NULL, NULL, 'MARCOS JOSE DORE RIZZARDI', NULL, 'mjrizzardi@alumini-icsk-fjepc.com.br', NULL, NULL, NULL, NULL, NULL, NULL, 2, '2017-07-25 08:51:30', 0, 0, 0, NULL, NULL, NULL),
	(58, 1, NULL, NULL, NULL, NULL, NULL, NULL, 'MICHEL DA SILVA GOMES', NULL, 'msgomes@alumini-icsk-fjepc.com.br', NULL, NULL, NULL, NULL, NULL, NULL, 2, '2017-07-25 08:52:28', 0, 0, 0, NULL, NULL, NULL),
	(59, 1, NULL, NULL, NULL, NULL, NULL, NULL, 'JUSCIELMA CUNHA DA CONCEIçãO', NULL, 'jcconceicao@alumini-icsk-fjepc.com.br', NULL, NULL, NULL, NULL, NULL, NULL, 2, '2017-08-02 15:27:41', 0, 0, 0, NULL, NULL, NULL),
	(60, 1, NULL, NULL, NULL, NULL, NULL, NULL, 'TALITA KAROLINE ALVES DA SILVA', NULL, 'tkasilva@alumini-icsk-fjepc.com.br', NULL, NULL, NULL, NULL, NULL, NULL, 2, '2017-08-14 08:31:06', 0, 0, 0, NULL, NULL, NULL),
	(61, 1, NULL, NULL, NULL, NULL, NULL, NULL, 'ADRIANO SANTOS CHAGAS', NULL, 'aschagas@alumini-icsk-fjepc.com.br', NULL, NULL, NULL, NULL, NULL, NULL, 2, '2017-08-14 11:28:58', 0, 0, 0, NULL, NULL, NULL),
	(62, 1, NULL, NULL, NULL, NULL, NULL, NULL, 'CARLOS EDUARDO DA SILVA', NULL, 'ecarlos359@yahoo.com.br', NULL, NULL, NULL, NULL, NULL, NULL, 2, '2017-08-17 08:44:16', 0, 0, 0, NULL, NULL, NULL),
	(63, 1, NULL, NULL, NULL, NULL, NULL, NULL, 'RONALDO DE ARAUJO SILVA', NULL, 'rdaraujo@alumini-icsk-fjepc.com.br', NULL, NULL, NULL, NULL, NULL, NULL, 2, '2017-08-17 08:50:32', 0, 0, 0, NULL, NULL, NULL),
	(64, 1, NULL, NULL, NULL, NULL, NULL, NULL, 'IGNACIO OCHOA', NULL, 'ignacio.ochoa@skchile.cl', NULL, NULL, NULL, NULL, NULL, NULL, 2, '2017-08-24 11:29:53', 0, 0, 0, NULL, NULL, NULL),
	(409, 1, NULL, NULL, NULL, NULL, NULL, NULL, 'HECTOR DANIEL VEGA', NULL, 'hector_daniel.vega@skchile.cl', NULL, NULL, NULL, NULL, NULL, NULL, 2, '2017-08-25 10:55:57', 0, 0, 0, NULL, NULL, NULL),
	(410, 1, NULL, NULL, NULL, NULL, NULL, NULL, 'JOSE PRADO', NULL, 'jose.prado@skchile.cl', NULL, NULL, NULL, NULL, NULL, NULL, 2, '2017-09-12 08:48:45', 0, 0, 0, NULL, NULL, NULL),
	(411, 1, NULL, NULL, NULL, NULL, NULL, NULL, 'GILBERTO DE JESUS BARRETO', NULL, 'gjbarreto@alumini-icsk-fjepc.com.br', NULL, NULL, NULL, NULL, NULL, NULL, 2, '2017-09-18 09:22:06', 0, 0, 0, NULL, NULL, NULL),
	(412, 1, NULL, NULL, NULL, NULL, NULL, NULL, 'MURILO MENDES', NULL, 'murilomendes38@yahoo.com.br', NULL, NULL, NULL, NULL, NULL, NULL, 2, '2017-09-18 11:41:27', 0, 0, 0, NULL, NULL, NULL),
	(413, 1, NULL, NULL, NULL, NULL, NULL, NULL, 'RITIELLY BORGES', NULL, 'rbmacaubas@alumini-icsk-fjepc.com.br', NULL, NULL, NULL, NULL, NULL, NULL, 2, '2017-09-18 16:33:43', 0, 0, 0, NULL, NULL, NULL),
	(414, 1, NULL, NULL, NULL, NULL, NULL, NULL, 'LAYHISTON BRENDO CAVALCANTE FONSECA', NULL, 'lbfonseca@alumini-icsk-fjepc.com.br', NULL, NULL, NULL, NULL, NULL, NULL, 2, '2017-09-19 09:04:21', 0, 0, 0, NULL, NULL, NULL),
	(415, 1, NULL, NULL, NULL, NULL, NULL, NULL, 'BLAS ANIBAL MARIN ALQUINTA', NULL, 'blas.marin@skic.com', NULL, NULL, NULL, NULL, NULL, NULL, 2, '2017-09-19 11:43:12', 0, 0, 0, NULL, NULL, NULL),
	(416, 1, NULL, NULL, NULL, NULL, NULL, NULL, 'HEBER GONCALVES DE MENEZES', NULL, 'hebergoncalves@live.com', NULL, NULL, NULL, NULL, NULL, NULL, 2, '2017-09-21 13:10:26', 0, 0, 0, NULL, NULL, NULL),
	(417, 1, NULL, NULL, NULL, NULL, NULL, NULL, 'LUCAS NASCIMENTO', NULL, 'lanascimento@alumini-icsk-fjepc.com.br', NULL, NULL, NULL, NULL, NULL, NULL, 2, '2017-09-27 08:40:29', 0, 0, 0, NULL, NULL, NULL),
	(419, 1, NULL, NULL, NULL, NULL, NULL, NULL, 'LETICIA AMARANTE RODRIGUES', NULL, 'leticia.rodrigues@skic.com', NULL, NULL, NULL, NULL, NULL, NULL, 2, '2017-09-29 08:35:49', 0, 0, 0, NULL, NULL, NULL),
	(472, 1, NULL, NULL, NULL, NULL, NULL, NULL, 'ANDREA DA COSTA SOARES', NULL, 'andrea.soares@skic.com', NULL, NULL, NULL, NULL, NULL, NULL, 2, '2017-10-05 14:59:51', 0, 0, 0, NULL, NULL, NULL),
	(693, 1, NULL, NULL, NULL, NULL, NULL, NULL, 'SANDRO FARIAS DOS SANTOS', NULL, 'sfsantos@alumini-icsk-fjepc.com.br', NULL, NULL, NULL, NULL, NULL, NULL, 2, '2017-10-06 16:29:37', 0, 0, 0, NULL, NULL, NULL),
	(2579, 1, NULL, NULL, NULL, NULL, NULL, NULL, 'VITOR FERREIRA DE LIMA', NULL, 'vflima@alumini-icsk-fjepc.com.br', NULL, NULL, NULL, NULL, NULL, NULL, 2, '2017-10-20 09:11:40', 0, 0, 0, NULL, NULL, NULL),
	(2580, 1, NULL, NULL, NULL, NULL, NULL, NULL, 'JAVAN CARLOS LINS NEVES', NULL, 'jclneves@alumini-icsk-fjepc.com.br', NULL, NULL, NULL, NULL, NULL, NULL, 2, '2017-10-31 12:08:21', 0, 0, 0, NULL, NULL, NULL),
	(2581, 1, 1, NULL, NULL, NULL, NULL, NULL, 'LUCAS VEIGA DE SOUZA', NULL, 'lucas.souza@skic.com', NULL, NULL, NULL, NULL, NULL, NULL, 2, '2017-10-31 12:11:03', 0, 0, 0, NULL, NULL, NULL),
	(2582, 1, NULL, NULL, NULL, NULL, NULL, NULL, 'REINALDO MARTINS GUIMARAES FILHO', NULL, 'rmguimaraes@alumini-icsk-fjepc.com.br', NULL, NULL, NULL, NULL, NULL, NULL, 2, '2017-10-31 12:17:51', 0, 0, 0, NULL, NULL, NULL),
	(2583, 1, NULL, NULL, NULL, NULL, NULL, NULL, 'JOSE ROBERTO GOMES DE LIMA', NULL, 'jrglima@alumini-icsk-fjepc.com.br', NULL, NULL, NULL, NULL, NULL, NULL, 2, '2017-10-31 14:24:25', 0, 0, 0, NULL, NULL, NULL),
	(2584, 1, NULL, NULL, NULL, NULL, NULL, NULL, 'GILDENES LIMA CARVALHO DA SILVA', NULL, 'gildenes.silva@sbeisk.com.br', NULL, NULL, NULL, NULL, NULL, NULL, 2, '2017-10-31 14:28:23', 0, 0, 0, NULL, NULL, NULL),
	(2711, 1, NULL, NULL, NULL, NULL, NULL, NULL, 'WILLANS DA COSTA ALVES', NULL, 'wcalves@alumini-icsk-fjepc.com.br', NULL, NULL, NULL, NULL, NULL, NULL, 2, '2017-11-22 09:46:29', 0, 0, 0, NULL, NULL, NULL),
	(2712, 1, NULL, NULL, NULL, NULL, NULL, NULL, 'ERNESTO BERGUECIO POZO', NULL, 'ernesto.berguecio@alumini-icsk-fjepc.com.br', NULL, NULL, NULL, NULL, NULL, NULL, 2, '2017-12-01 10:55:12', 0, 0, 0, NULL, NULL, NULL),
	(2713, 1, NULL, NULL, NULL, NULL, NULL, NULL, 'GERALDO DE CASTRO FILHO', NULL, 'gdcastro@alumini-icsk-fjepc.com.br', NULL, NULL, NULL, NULL, NULL, NULL, 2, '2018-01-09 12:58:46', 0, 0, 0, NULL, NULL, NULL),
	(2714, 1, NULL, NULL, NULL, NULL, NULL, NULL, 'ABÍLIO RODRIGUES RAMOS', NULL, 'aramos@alimini-icsk-fjepc.com.br', NULL, NULL, NULL, NULL, NULL, NULL, 2, '2018-01-11 14:16:03', 0, 0, 0, NULL, NULL, NULL),
	(2715, 1, NULL, NULL, NULL, NULL, NULL, NULL, 'ELTON ARAUJO DE MENEZES', NULL, 'eamenezes@alumini-icsk-fjepc.com.br', NULL, NULL, NULL, NULL, NULL, NULL, 2, '2018-01-23 11:39:16', 0, 0, 0, NULL, NULL, NULL),
	(2716, 1, NULL, NULL, NULL, NULL, NULL, NULL, 'JOÃO PAULO SILVA MARCIEL', NULL, 'joao.maciel@skic.com', NULL, NULL, NULL, NULL, NULL, NULL, 2, '2018-02-01 09:45:28', 0, 0, 0, NULL, NULL, NULL),
	(2717, 1, NULL, NULL, NULL, NULL, NULL, NULL, 'PAULO ROBERTO MIRANDA DE SOUSA', NULL, 'prmiranda@alumini-icsk-fjepc.com.br', NULL, NULL, NULL, NULL, NULL, NULL, 2, '2018-02-02 10:13:32', 0, 0, 0, NULL, NULL, NULL),
	(2718, 1, NULL, NULL, NULL, NULL, NULL, NULL, 'WASHINGTON KNOP HENRIQUES ', NULL, 'wkhenriques@alumini-icsk-fjepc.com.br', NULL, NULL, NULL, NULL, NULL, NULL, 2, '2018-02-02 10:34:56', 0, 0, 0, NULL, NULL, NULL),
	(2719, 1, NULL, NULL, NULL, NULL, NULL, NULL, 'ALESON RAUL PEREIRA DE MORAIS ', NULL, 'aleson.morais@alumini-icsk-fjepc.com.br', NULL, NULL, NULL, NULL, NULL, NULL, 2, '2018-02-06 08:58:38', 0, 0, 0, NULL, NULL, NULL),
	(2721, 1, NULL, NULL, NULL, NULL, NULL, NULL, 'MAUREL EVANDRO LAPINSKI', NULL, 'mlapinski@alumini-icsk-fjepc.com.br', NULL, NULL, NULL, NULL, NULL, NULL, 2, '2018-02-07 15:13:58', 0, 0, 0, NULL, NULL, NULL),
	(2722, 1, NULL, NULL, NULL, NULL, NULL, NULL, 'ITALLO CAMBRONE', NULL, 'italloc@alumini-icsk-fjepc.com.br', NULL, NULL, NULL, NULL, NULL, NULL, 2, '2018-02-19 08:10:59', 0, 0, 0, NULL, NULL, NULL),
	(2723, 1, NULL, NULL, NULL, NULL, NULL, NULL, 'PHELIPE BATELANI DE LIMA MUNIZ', NULL, 'pbmuniz@alumini-icsk-fjepc.com.br', NULL, NULL, NULL, NULL, NULL, NULL, 2, '2018-02-22 15:09:50', 0, 0, 0, NULL, NULL, NULL),
	(2724, 1, NULL, NULL, NULL, NULL, NULL, NULL, 'LUIZ MARCELO RAMOS', NULL, 'lmramos@alumini-icsk-fjepc.com.br', NULL, NULL, NULL, NULL, NULL, NULL, 2, '2018-02-27 11:25:43', 0, 0, 0, NULL, NULL, NULL),
	(2725, 1, NULL, NULL, NULL, NULL, NULL, NULL, 'MURILO BIAVA CORDOVA', NULL, 'mbcordova@alumini-icsk-fjepc.com.br', NULL, NULL, NULL, NULL, NULL, NULL, 2, '2018-03-01 09:57:42', 0, 0, 0, NULL, NULL, NULL),
	(2726, 1, NULL, NULL, NULL, NULL, NULL, NULL, 'NATHIEL RODRIGUES SILVA', NULL, 'nathielrodriguessilva@gmail.com', NULL, NULL, NULL, NULL, NULL, NULL, 2, '2018-03-14 09:11:41', 0, 0, 0, NULL, NULL, NULL),
	(2727, 1, NULL, NULL, NULL, NULL, NULL, NULL, 'DHEKSON OLIVEIRA LOBAO', NULL, 'dolobao@alumini-icsk-fjepc.com.br', NULL, NULL, NULL, NULL, NULL, NULL, 2, '2018-03-14 09:58:49', 0, 0, 0, NULL, NULL, NULL),
	(2728, 1, NULL, NULL, NULL, NULL, NULL, NULL, 'ADRIANO RIBEIRO DE SOUZA', NULL, 'arsouza@alumini-icsk-fjepc.com.br', NULL, NULL, NULL, NULL, NULL, NULL, 2, '2018-03-23 08:16:28', 0, 0, 0, NULL, NULL, NULL),
	(2729, 1, NULL, NULL, NULL, NULL, NULL, NULL, 'RENATA RANZANI MIRANDA', NULL, 'renata.ranzani@alumini-icsk-fjepc.com.br', NULL, NULL, NULL, NULL, NULL, NULL, 2, '2018-03-28 09:50:02', 0, 0, 0, NULL, NULL, NULL),
	(2730, 1, NULL, NULL, NULL, NULL, NULL, NULL, 'EMERSON MATOS LOIOLA', NULL, 'emloiola@alumini-icsk-fjepc.com.br', NULL, NULL, NULL, NULL, NULL, NULL, 2, '2018-04-05 09:42:58', 0, 0, 0, NULL, NULL, NULL),
	(2731, 1, NULL, NULL, NULL, NULL, NULL, NULL, 'HAMILTON YUJI SHIMA', NULL, 'hamilton.shima@skic.com', NULL, NULL, NULL, NULL, NULL, NULL, 1, '2018-04-24 09:48:10', 0, 0, 0, NULL, NULL, NULL),
	(2732, 1, NULL, NULL, NULL, NULL, NULL, NULL, 'CLODOALDO JESUINO DE MELO', NULL, 'cjdemelo@alumini-icsk-fjepc.com.br', NULL, NULL, NULL, NULL, NULL, NULL, 2, '2018-04-24 15:18:00', 0, 0, 0, NULL, NULL, NULL),
	(2733, 1, NULL, NULL, NULL, NULL, NULL, NULL, 'WELLINGTON DE SOUZA ALMEIDA', NULL, 'wsalmeida.me@alumini-icsk-fjepc.com.br', NULL, NULL, NULL, NULL, NULL, NULL, 2, '2018-05-18 08:26:46', 0, 0, 0, NULL, NULL, NULL),
	(2734, 1, NULL, NULL, NULL, NULL, NULL, NULL, 'LEANDRO OLIVEIRA SOARES', NULL, 'lsoares@alumini-icsk-fjepc.com.br', NULL, NULL, NULL, NULL, NULL, NULL, 2, '2018-05-28 15:05:28', 0, 0, 0, NULL, NULL, NULL),
	(2735, 1, NULL, NULL, NULL, NULL, NULL, NULL, 'RONDNEY BEZERRA COSTA', NULL, 'rondney.costa@skic.com', NULL, NULL, NULL, NULL, NULL, NULL, 2, '2018-05-28 15:06:55', 0, 0, 0, NULL, NULL, NULL),
	(2736, 1, NULL, NULL, NULL, NULL, NULL, NULL, 'JON LENO DOS SANTOS', NULL, 'jon@alumini-icsk-fjepc.com.br', NULL, NULL, NULL, NULL, NULL, NULL, 2, '2018-06-07 18:18:30', 0, 0, 0, NULL, NULL, NULL),
	(2737, 1, NULL, NULL, NULL, NULL, NULL, NULL, 'CARLOS ALBERTO BARREIROS MOREIRA JUNIOR', NULL, 'camoreira@alumini-icsk-fjepc.com.br', NULL, NULL, NULL, NULL, NULL, NULL, 2, '2018-06-11 18:30:10', 0, 0, 0, NULL, NULL, NULL),
	(2738, 1, NULL, NULL, NULL, NULL, NULL, NULL, 'NILTON PEçANHA DE SOUZA', NULL, 'npecanha@alumini-icsk-fjepc.com.br', NULL, NULL, NULL, NULL, NULL, NULL, 2, '2018-06-14 13:34:38', 0, 0, 0, NULL, NULL, NULL),
	(2739, 1, NULL, NULL, NULL, NULL, NULL, NULL, 'ANDERSON PINHO DA CONCEIçãO', NULL, 'apconceicao@alumini-icsk-fjepc.com.br', NULL, NULL, NULL, NULL, NULL, NULL, 2, '2018-06-18 09:05:07', 0, 0, 0, NULL, NULL, NULL),
	(2740, 1, NULL, NULL, NULL, NULL, NULL, NULL, 'GLAUBERG FERREIRA SANTOS', NULL, 'glauberg.santos@sbeisk.com.br', NULL, NULL, NULL, NULL, NULL, NULL, 2, '2018-06-19 14:42:39', 0, 0, 0, NULL, NULL, NULL),
	(2741, 1, NULL, NULL, NULL, NULL, NULL, NULL, 'VICTOR GARCES', NULL, 'victor.garces@alumini-icsk-fjepc.com.br', NULL, NULL, NULL, NULL, NULL, NULL, 2, '2018-06-29 14:01:08', 0, 0, 0, NULL, NULL, NULL),
	(2742, 1, NULL, NULL, NULL, NULL, NULL, NULL, 'NILSON CARLOS MACHADO', NULL, 'ncmachado@alumini-icsk-fjepc.com.br', NULL, NULL, NULL, NULL, NULL, NULL, 2, '2018-07-02 10:05:44', 0, 0, 0, NULL, NULL, NULL),
	(2743, 1, NULL, NULL, NULL, NULL, NULL, NULL, 'ZHOU NAN XIN', NULL, 'znxin@alumini-icsk-fjepc.com.br', NULL, NULL, NULL, NULL, NULL, NULL, 2, '2018-07-05 09:44:03', 0, 0, 0, NULL, NULL, NULL),
	(2744, 1, NULL, NULL, NULL, NULL, NULL, NULL, 'VICTOR HSIAO', NULL, 'victor.hsiao@skic.com', NULL, NULL, NULL, NULL, NULL, NULL, 2, '2018-07-05 11:16:24', 0, 0, 0, NULL, NULL, NULL),
	(2745, 1, NULL, NULL, NULL, NULL, NULL, NULL, 'VANESSA VALERIO DE OLIVEIRA', NULL, 'vdoliveira@alumini-icsk-fjepc.com.br', NULL, NULL, NULL, NULL, NULL, NULL, 2, '2018-07-11 10:38:10', 0, 0, 0, NULL, NULL, NULL),
	(2746, 1, NULL, NULL, NULL, NULL, NULL, NULL, 'VINICIUS PINHATI BARBOSA', NULL, 'vinicius.barbosa@skic.com', NULL, NULL, NULL, NULL, NULL, NULL, 2, '2018-07-17 13:51:08', 0, 0, 0, NULL, NULL, NULL),
	(2747, 1, NULL, NULL, NULL, NULL, NULL, NULL, 'RAFAEL VIEIRA GOMES', NULL, 'rvgomes@alumini-icsk-fjepc.com.br', NULL, NULL, NULL, NULL, NULL, NULL, 2, '2018-07-18 08:12:53', 0, 0, 0, NULL, NULL, NULL),
	(2748, 1, NULL, NULL, NULL, NULL, NULL, NULL, 'RUI CALAZANS SOBRINHO', NULL, 'rui.calazans@alumini-icsk-fjepc.com', NULL, NULL, NULL, NULL, NULL, NULL, 2, '2018-07-26 11:16:11', 0, 0, 0, NULL, NULL, NULL),
	(2749, 1, NULL, NULL, NULL, NULL, NULL, NULL, 'FRANCISCO NAILTON FEITOSA MAGALHAES', NULL, 'nailtonf729@gmail.com', NULL, NULL, NULL, NULL, NULL, NULL, 2, '2018-08-16 13:35:57', 0, 0, 0, NULL, NULL, NULL),
	(2750, 1, NULL, NULL, NULL, NULL, NULL, NULL, 'ANDRÉ DE OLIVEIRA SANTOS ', NULL, 'andredeosantos@hotmail.com', NULL, NULL, NULL, NULL, NULL, NULL, 2, '2018-08-27 15:26:07', 0, 0, 0, NULL, NULL, NULL),
	(2751, 1, NULL, NULL, NULL, NULL, NULL, NULL, 'JOSE ROBERTO DIPE', NULL, 'jrdipe@alumini-icsk-fjepc.com.br', NULL, NULL, NULL, NULL, NULL, NULL, 2, '2018-08-29 16:56:54', 0, 0, 0, NULL, NULL, NULL),
	(2752, 1, NULL, NULL, NULL, NULL, NULL, NULL, 'MAX VINICIUS NOVELLINO GOMES', NULL, 'mnovellino@alumini-icsk-fjepc.com.br', NULL, NULL, NULL, NULL, NULL, NULL, 2, '2018-09-03 16:02:47', 0, 0, 0, NULL, NULL, NULL),
	(2753, 1, NULL, NULL, NULL, NULL, NULL, NULL, 'ROBSON FERNANDO DOS SANTOS', NULL, 'rfsantos@alumini-icsk-fjepc.com.br', NULL, NULL, NULL, NULL, NULL, NULL, 2, '2018-09-04 09:09:00', 0, 0, 0, NULL, NULL, NULL),
	(2754, 1, NULL, NULL, NULL, NULL, NULL, NULL, 'CLAUDIO JESUINO DA SILVA  ', NULL, 'cjesuino@alumini-icsk-fjepc.com.br', NULL, NULL, NULL, NULL, NULL, NULL, 2, '2018-09-17 16:43:03', 0, 0, 0, NULL, NULL, NULL),
	(2755, 1, NULL, NULL, NULL, NULL, NULL, NULL, 'APARECIDO DONIZETE FLORES ', NULL, 'adflores@alumini-icsk-fjepc.com.br', NULL, NULL, NULL, NULL, NULL, NULL, 2, '2018-09-17 16:44:54', 0, 0, 0, NULL, NULL, NULL),
	(2756, 1, NULL, NULL, NULL, NULL, NULL, NULL, 'RAFAEL WILLIAM BELINI', NULL, 'rbelini@alumini-icsk-fjepc.com.br', NULL, NULL, NULL, NULL, NULL, NULL, 2, '2018-09-21 10:15:13', 0, 0, 0, NULL, NULL, NULL),
	(2757, 1, NULL, NULL, NULL, NULL, NULL, NULL, 'ANDRE ANTONIO DA COSTA', NULL, 'andre.costa@sbeisk.com.br', NULL, NULL, NULL, NULL, NULL, NULL, 2, '2018-09-26 09:49:07', 0, 0, 0, NULL, NULL, NULL),
	(2759, 1, NULL, NULL, NULL, NULL, NULL, NULL, 'JOSE CARLOS BATISTA DOS SANTOS', NULL, 'jcbatista@alumini-icsk-fjepc.com.br', NULL, NULL, NULL, NULL, NULL, NULL, 2, '2018-10-05 15:45:57', 0, 0, 0, NULL, NULL, NULL),
	(2760, 1, NULL, NULL, NULL, NULL, NULL, NULL, 'VITOR DE OLIVEIRA MOTA', NULL, 'vitorom28@gmail.com', NULL, NULL, NULL, NULL, NULL, NULL, 2, '2018-10-17 08:29:13', 0, 0, 0, NULL, NULL, NULL),
	(2761, 1, NULL, NULL, NULL, NULL, NULL, NULL, 'KASSIO RODRIGUES MAIA', NULL, 'krmaia@alumini-icsk-fjepc.com.br', NULL, NULL, NULL, NULL, NULL, NULL, 2, '2018-10-19 09:46:31', 0, 0, 0, NULL, NULL, NULL),
	(2763, 1, NULL, NULL, NULL, NULL, NULL, NULL, 'MATHEUS DE ANDRADE CLAUDINO', NULL, 'andrade_malt@hotmail.com', NULL, NULL, NULL, NULL, NULL, NULL, 2, '2018-11-28 09:44:26', 0, 0, 0, NULL, NULL, NULL),
	(2764, 1, NULL, NULL, NULL, NULL, NULL, NULL, 'CARLOS RENATO ANTUNES LOPES', NULL, 'carlos.lopes@sbeisk.com.br', NULL, NULL, NULL, NULL, NULL, NULL, 2, '2018-11-29 09:04:02', 0, 0, 0, NULL, NULL, NULL),
	(2765, 1, NULL, NULL, NULL, NULL, NULL, NULL, 'LEONARDO LUIZ DA SILVA FRANÇA', NULL, 'leonardo.franca@alumini-icsk-fjepc.com.br', NULL, NULL, NULL, NULL, NULL, NULL, 2, '2018-11-30 10:16:50', 0, 0, 0, NULL, NULL, NULL),
	(2766, 1, NULL, NULL, NULL, NULL, NULL, NULL, 'MARCIO LUIZ SOARES SANTOS BAPTISTA', NULL, 'marcio.batista@sbeisk.com.br', NULL, NULL, NULL, NULL, NULL, NULL, 2, '2018-12-04 09:07:14', 0, 0, 0, NULL, NULL, NULL),
	(2767, 1, NULL, NULL, NULL, NULL, NULL, NULL, 'MAIARA SANTOS DA SILVA', NULL, 'msdsilva@alumini-icsk-fjepc.com.br', NULL, NULL, NULL, NULL, NULL, NULL, 2, '2018-12-06 14:20:19', 0, 0, 0, NULL, NULL, NULL),
	(2768, 1, NULL, NULL, NULL, NULL, NULL, NULL, 'SAMUEL SOARES DE AQUINO', NULL, 'saquino@alumini-icsk-fjepc.com.br', NULL, NULL, NULL, NULL, NULL, NULL, 2, '2018-12-06 16:35:56', 0, 0, 0, NULL, NULL, NULL),
	(2769, 1, NULL, NULL, NULL, NULL, NULL, NULL, 'RENAN DA SILVA FERMINO', NULL, 'renan.fermino@skic.com', NULL, NULL, NULL, NULL, NULL, NULL, 1, '2018-12-11 12:24:14', 0, 0, 0, NULL, NULL, NULL),
	(2770, 1, NULL, NULL, NULL, NULL, NULL, NULL, 'RENAN DA SILVA FERMINO', NULL, 'renan.fermino@sbeisk.com.br', NULL, NULL, NULL, NULL, NULL, NULL, 0, '2018-12-11 12:24:16', 0, 0, 0, NULL, NULL, NULL),
	(2771, 1, NULL, NULL, NULL, NULL, NULL, NULL, 'EDUARDO ROGÉRIO MONTEIRO COSTA', NULL, 'eduardo.costa@alumini-icsk-fjepc.com.br', NULL, NULL, NULL, NULL, NULL, NULL, 2, '2018-12-20 09:01:01', 0, 0, 0, NULL, NULL, NULL),
	(2772, 1, NULL, NULL, NULL, NULL, NULL, NULL, 'EVANILDO WENCESLAU PEREIRA', NULL, 'evanildo.pereira@alumini-icsk-fjepc.com.br', NULL, NULL, NULL, NULL, NULL, NULL, 2, '2018-12-20 09:04:26', 0, 0, 0, NULL, NULL, NULL),
	(2773, 1, NULL, NULL, NULL, NULL, NULL, NULL, 'JEFFERSON DA SILVA FERREIRA', NULL, 'jefferson.ferreira@sbeisk.com.br', NULL, NULL, NULL, NULL, NULL, NULL, 2, '2019-01-08 07:47:01', 0, 0, 0, NULL, NULL, NULL),
	(2774, 1, NULL, NULL, NULL, NULL, NULL, NULL, 'ROLDÃO GODOI ROSA', NULL, 'roldao.godoi@skic.com', NULL, NULL, NULL, NULL, NULL, NULL, 2, '2019-01-08 07:50:13', 0, 0, 0, NULL, NULL, NULL),
	(2775, 1, NULL, NULL, NULL, NULL, NULL, NULL, 'JAMES BARROS DE ARRUDA', NULL, 'james.arruda@sbeisk.com.br ', NULL, NULL, NULL, NULL, NULL, NULL, 2, '2019-01-08 07:51:31', 0, 0, 0, NULL, NULL, NULL),
	(2776, 1, NULL, NULL, NULL, NULL, NULL, NULL, 'SERGIO PEREIRA DE SOUZA', NULL, 'spsouza@alumini-icsk-fjepc.com.br', NULL, NULL, NULL, NULL, NULL, NULL, 2, '2019-01-14 13:24:14', 0, 0, 0, NULL, NULL, NULL),
	(2777, 1, NULL, NULL, NULL, NULL, NULL, NULL, 'MONIQUE PINHEIRO', NULL, 'mpinheiro@alumini-icsk-fjepc.com.br', NULL, NULL, NULL, NULL, NULL, NULL, 2, '2019-02-04 12:23:07', 0, 0, 0, NULL, NULL, NULL),
	(2778, 1, NULL, NULL, NULL, NULL, NULL, NULL, 'THALLES DE MENDONçA OLIVEIRA', NULL, 'tdmoliveira@alumini-icsk-fjepc.com.br', NULL, NULL, NULL, NULL, NULL, NULL, 2, '2019-02-04 12:30:19', 0, 0, 0, NULL, NULL, NULL),
	(2779, 1, NULL, NULL, NULL, NULL, NULL, NULL, 'EDNILSON ALVES DOS SANTOS', NULL, 'eadsantos@alumini-icsk-fjepc.com.br', NULL, NULL, NULL, NULL, NULL, NULL, 2, '2019-03-13 11:31:21', 0, 0, 0, NULL, NULL, NULL),
	(2780, 1, NULL, NULL, NULL, NULL, NULL, NULL, 'JAYRON GUILHERME SILVA CRUZ', NULL, 'jayron.cruz@sbeisk.com.br', NULL, NULL, NULL, NULL, NULL, NULL, 2, '2019-03-18 13:33:40', 0, 0, 0, NULL, NULL, NULL),
	(2781, 1, NULL, NULL, NULL, NULL, NULL, NULL, 'JOSE ANDRE DO NASCIMENTO', NULL, 'jose.donascimento@skic.com', NULL, NULL, NULL, NULL, NULL, NULL, 1, '2019-04-01 14:05:03', 0, 0, 0, NULL, NULL, NULL),
	(2782, 1, NULL, NULL, NULL, NULL, NULL, NULL, 'CAIO BRENNER NOGUEIRA CALASANS', NULL, 'caio.calasans@skic.com', NULL, NULL, NULL, NULL, NULL, NULL, 2, '2019-04-04 11:35:25', 0, 0, 0, NULL, NULL, NULL),
	(2783, 1, NULL, NULL, NULL, NULL, NULL, NULL, 'ANDRE LUIS DA SILVA CUNHA', NULL, 'andre.cunha@skic.com', NULL, NULL, NULL, NULL, NULL, NULL, 2, '2019-04-10 16:39:24', 0, 0, 0, NULL, NULL, NULL),
	(2784, 1, NULL, NULL, NULL, NULL, NULL, NULL, 'FRANCISCO BARROS DE SOUZA FILHO', NULL, 'fbdsouza@alumini-icsk-fjepc.com.br', NULL, NULL, NULL, NULL, NULL, NULL, 2, '2019-04-22 10:34:24', 0, 0, 0, NULL, NULL, NULL),
	(2785, 1, NULL, NULL, NULL, NULL, NULL, NULL, 'KATIELI SOUZA DO NASCIMENTO', NULL, 'ksnacimento@alumini-icsk-fjepc.com.br', NULL, NULL, NULL, NULL, NULL, NULL, 2, '2019-04-24 10:47:11', 0, 0, 0, NULL, NULL, NULL),
	(2786, 1, NULL, NULL, NULL, NULL, NULL, NULL, 'JANARY SANTANA', NULL, 'janary.santana@skic.com', NULL, NULL, NULL, NULL, NULL, NULL, 2, '2019-04-26 10:55:36', 0, 0, 0, NULL, NULL, NULL),
	(2787, 1, NULL, NULL, NULL, NULL, NULL, NULL, 'IRAILSON DOS SANTOS MEDEIROS', NULL, 'irailson.medeiros@sbeisk.com.br', NULL, NULL, NULL, NULL, NULL, NULL, 2, '2019-04-26 13:45:40', 0, 0, 0, NULL, NULL, NULL),
	(2788, 1, NULL, NULL, NULL, NULL, NULL, NULL, 'BRUNO CHAVES TAVARES', NULL, 'bruno.tavares@alumini-icsk-fjepc.com.br', NULL, NULL, NULL, NULL, NULL, NULL, 2, '2019-04-30 09:06:00', 0, 0, 0, NULL, NULL, NULL),
	(2789, 1, NULL, NULL, NULL, NULL, NULL, NULL, 'LUIZ FERNANDO LOPES', NULL, 'llopes@alumini-icsk-fjepc.com.br', NULL, NULL, NULL, NULL, NULL, NULL, 2, '2019-05-03 09:22:22', 0, 0, 0, NULL, NULL, NULL),
	(2790, 1, NULL, NULL, NULL, NULL, NULL, NULL, 'WELLINGTON MARTINS MACHADO', NULL, 'wellingtonmmachado@hotmail.com', NULL, NULL, NULL, NULL, NULL, NULL, 2, '2019-05-07 09:24:29', 0, 0, 0, NULL, NULL, NULL),
	(2791, 1, NULL, NULL, NULL, NULL, NULL, NULL, 'JOSE RONALDO ALVES MARQUES', NULL, 'jose.marques@sbeisk.com.br', NULL, NULL, NULL, NULL, NULL, NULL, 2, '2019-05-13 08:55:53', 0, 0, 0, NULL, NULL, NULL),
	(2792, 1, NULL, NULL, NULL, NULL, NULL, NULL, 'NIEDJA CONCEIÇÃO FONSECA DE MELO', NULL, 'niedja.melo@skic.com', NULL, NULL, NULL, NULL, NULL, NULL, 2, '2019-05-22 16:42:37', 0, 0, 0, NULL, NULL, NULL),
	(2793, 1, NULL, NULL, NULL, NULL, NULL, NULL, 'RODRIGO CARVALHO DO CARMO', NULL, 'rodrigo.carmo@skic.com', NULL, NULL, NULL, NULL, NULL, NULL, 1, '2019-05-27 10:06:03', 0, 0, 0, NULL, NULL, NULL),
	(2794, 1, NULL, NULL, NULL, NULL, NULL, NULL, 'TARCISIO ALVES BRANDÃO', NULL, 'tarciso.brandao@sbeisk.com.br', NULL, NULL, NULL, NULL, NULL, NULL, 2, '2019-06-29 08:54:39', 0, 0, 0, NULL, NULL, NULL),
	(2795, 1, NULL, NULL, NULL, NULL, NULL, NULL, 'ILDECASSIO FERREIRA FARIAS', NULL, 'ildecassio.farias@sbeisk.com.br', NULL, NULL, NULL, NULL, NULL, NULL, 2, '2019-06-29 08:59:39', 0, 0, 0, NULL, NULL, NULL),
	(2796, 1, NULL, NULL, NULL, NULL, NULL, NULL, 'CARLOS DE SOUSA ANDRADE', NULL, 'carlos.andrade@skic.com', NULL, NULL, NULL, NULL, NULL, NULL, 1, '2019-06-29 09:02:22', 0, 0, 0, NULL, NULL, NULL),
	(2797, 1, NULL, NULL, NULL, NULL, NULL, NULL, 'ANDRE ANTONIO DA COSTA ', NULL, 'andre.costa@sbeisk.com.br', NULL, NULL, NULL, NULL, NULL, NULL, 2, '2019-07-08 14:54:56', 0, 0, 0, NULL, NULL, NULL),
	(2798, 1, NULL, NULL, NULL, NULL, NULL, NULL, 'ANDRE ANTONIO DA COSTA ', NULL, 'andre.costa@sbeisk.com.br', NULL, NULL, NULL, NULL, NULL, NULL, 2, '2019-07-08 14:54:56', 0, 0, 0, NULL, NULL, NULL),
	(2799, 1, NULL, NULL, NULL, NULL, NULL, NULL, 'LUCAS ALVES MOREIRA DOS REIS', NULL, 'lamoreira@alumini-icsk-fjepc.com.br', NULL, NULL, NULL, NULL, NULL, NULL, 2, '2019-07-09 10:11:34', 0, 0, 0, NULL, NULL, NULL),
	(2800, 1, NULL, NULL, NULL, NULL, NULL, NULL, 'LUCAS ALVES MOREIRA DOS REIS', NULL, 'lamoreira@alumini-icsk-fjepc.com.br', NULL, NULL, NULL, NULL, NULL, NULL, 2, '2019-07-09 10:11:34', 0, 0, 0, NULL, NULL, NULL),
	(2801, 1, NULL, NULL, NULL, NULL, NULL, NULL, 'MARCIO LUIZ DHEIN', NULL, 'mldhein@alumini-icsk-fjepc.com.br', NULL, NULL, NULL, NULL, NULL, NULL, 2, '2019-07-09 16:16:04', 0, 0, 0, NULL, NULL, NULL),
	(2802, 1, NULL, NULL, NULL, NULL, NULL, NULL, 'MARCIO LUIZ DHEIN', NULL, 'mldhein@alumini-icsk-fjepc.com.br', NULL, NULL, NULL, NULL, NULL, NULL, 2, '2019-07-09 16:16:04', 0, 0, 0, NULL, NULL, NULL),
	(2803, 1, NULL, NULL, NULL, NULL, NULL, NULL, 'FERNANDO JULIO GAGO JUNIOR', NULL, 'fernando.gago@sbeisk.com.br', NULL, NULL, NULL, NULL, NULL, NULL, 2, '2019-07-16 13:35:45', 0, 0, 0, NULL, NULL, NULL),
	(2804, 1, NULL, NULL, NULL, NULL, NULL, NULL, 'FERNANDO JULIO GAGO JUNIOR', NULL, 'fernando.gago@sbeisk.com.br', NULL, NULL, NULL, NULL, NULL, NULL, 2, '2019-07-16 13:35:45', 0, 0, 0, NULL, NULL, NULL),
	(2805, 1, NULL, NULL, NULL, NULL, NULL, NULL, 'ALESSANDRO LEAO TAVARES', NULL, 'alessandro.tavares@sbeisk.com.br', NULL, NULL, NULL, NULL, NULL, NULL, 2, '2019-07-23 09:18:04', 0, 0, 0, NULL, NULL, NULL),
	(2806, 1, NULL, NULL, NULL, NULL, NULL, NULL, 'ALESSANDRO LEAO TAVARES', NULL, 'alessandro.tavares@sbeisk.com.br', NULL, NULL, NULL, NULL, NULL, NULL, 2, '2019-07-23 09:18:05', 0, 0, 0, NULL, NULL, NULL),
	(2807, 1, NULL, NULL, NULL, NULL, NULL, NULL, 'DIEGO FRANCISCO MIRANDA DE SOUSA', NULL, 'diego.sousa@sbeisk.com.br', NULL, NULL, NULL, NULL, NULL, NULL, 2, '2019-08-08 14:09:05', 0, 0, 0, NULL, NULL, NULL),
	(2808, 1, NULL, NULL, NULL, NULL, NULL, NULL, 'DIEGO FRANCISCO MIRANDA DE SOUZA', NULL, 'diego.sousa@sbeisk.com.br', NULL, NULL, NULL, NULL, NULL, NULL, 2, '2019-08-08 14:09:05', 0, 0, 0, NULL, NULL, NULL),
	(2811, 1, NULL, NULL, NULL, NULL, NULL, NULL, 'LEONARDO GARCIA DE ARRUDA', NULL, 'leonardo.arruda@sbeisk.com.br', NULL, NULL, NULL, NULL, NULL, NULL, 2, '2019-08-15 10:33:51', 0, 0, 0, NULL, NULL, NULL),
	(2812, 1, NULL, NULL, NULL, NULL, NULL, NULL, 'LEONARDO GARCIA DE ARRUDA', NULL, 'leonardo.arruda@sbeisk.com.br', NULL, NULL, NULL, NULL, NULL, NULL, 0, '2019-08-15 10:33:51', 0, 0, 0, NULL, NULL, NULL),
	(2813, 1, NULL, NULL, NULL, NULL, NULL, NULL, 'MARIO SANTOS SILVA', NULL, 'mario.santos@skic.com', NULL, NULL, NULL, NULL, NULL, NULL, 2, '2019-08-21 14:12:04', 0, 0, 0, NULL, NULL, NULL),
	(2814, 1, NULL, NULL, NULL, NULL, NULL, NULL, 'MARIO SANTOS SILVA', NULL, 'mario.santos@sbeisk.com.br', NULL, NULL, NULL, NULL, NULL, NULL, 0, '2019-08-21 14:12:04', 0, 0, 0, NULL, NULL, NULL),
	(2815, 1, NULL, NULL, NULL, NULL, NULL, NULL, 'THIAGO CHIMENTI', NULL, 'thiago.chimenti@skic.com', NULL, NULL, NULL, NULL, NULL, NULL, 2, '2019-08-21 14:34:58', 0, 0, 0, NULL, NULL, NULL),
	(2816, 1, NULL, NULL, NULL, NULL, NULL, NULL, 'THIAGO CHIMENTI', NULL, 'thiago.chimenti@sbeisk.com.br', NULL, NULL, NULL, NULL, NULL, NULL, 0, '2019-08-21 14:34:58', 0, 0, 0, NULL, NULL, NULL),
	(2819, 1, NULL, NULL, NULL, NULL, NULL, NULL, 'DANILLO OLIVEIRA NASCIMENTO', NULL, 'danillo.silva@sbeisk.com.br', NULL, NULL, NULL, NULL, NULL, NULL, 2, '2019-08-26 15:03:32', 0, 0, 0, NULL, NULL, NULL),
	(2820, 1, NULL, NULL, NULL, NULL, NULL, NULL, 'DANILLO OLIVEIRA NASCIMENTO', NULL, 'danillo.silva@sbeisk.com.br', NULL, NULL, NULL, NULL, NULL, NULL, 0, '2019-08-26 15:03:32', 0, 0, 0, NULL, NULL, NULL),
	(2821, 1, NULL, NULL, NULL, NULL, NULL, NULL, 'TIAGO MARQUES BEZERRA', NULL, 'tiago.bezerra@skic.com', NULL, NULL, NULL, NULL, NULL, NULL, 2, '2019-09-03 08:37:02', 0, 0, 0, NULL, NULL, NULL),
	(2822, 1, NULL, NULL, NULL, NULL, NULL, NULL, 'TIAGO MARQUES BEZERRA', NULL, 'tiago.bezerra@sbeisk.com.br', NULL, NULL, NULL, NULL, NULL, NULL, 0, '2019-09-03 08:37:02', 0, 0, 0, NULL, NULL, NULL),
	(2823, 1, NULL, NULL, NULL, NULL, NULL, NULL, 'JOSÉ MARIA DE CARVALHO', NULL, 'jose.carvalho@skic.com', NULL, NULL, NULL, NULL, NULL, NULL, 1, '2019-10-16 15:00:50', 0, 0, 0, NULL, NULL, NULL),
	(2824, 1, NULL, NULL, NULL, NULL, NULL, NULL, 'JOSÉ MARIA DE CARVALHO', NULL, 'jose.carvalho@sbeisk.com.br', NULL, NULL, NULL, NULL, NULL, NULL, 0, '2019-10-16 15:00:50', 0, 0, 0, NULL, NULL, NULL),
	(2825, 1, NULL, NULL, NULL, NULL, NULL, NULL, 'LEANDRO DA SILVA REZENDE', NULL, 'leandro.rezende@sbeisk.com.br', NULL, NULL, NULL, NULL, NULL, NULL, 2, '2019-10-21 14:47:18', 0, 0, 0, NULL, NULL, NULL),
	(2826, 1, NULL, NULL, NULL, NULL, NULL, NULL, 'LEANDRO REZENDE', NULL, 'leandro.rezende@sbeisk.com.br', NULL, NULL, NULL, NULL, NULL, NULL, 2, '2019-10-21 14:47:18', 0, 0, 0, NULL, NULL, NULL),
	(2827, 1, NULL, NULL, NULL, NULL, NULL, NULL, 'LUIZ SERGIO FRIGGI RODRIGUES', NULL, 'luiz.rodrigues@skic.com', NULL, NULL, NULL, NULL, NULL, NULL, 2, '2019-10-28 14:09:13', 0, 0, 0, NULL, NULL, NULL),
	(2828, 1, NULL, NULL, NULL, NULL, NULL, NULL, 'LUIZ SERGIO FRIGGI RODRIGUES', NULL, 'luiz.rodrigues@sbeisk.com.br', NULL, NULL, NULL, NULL, NULL, NULL, 0, '2019-10-28 14:09:13', 0, 0, 0, NULL, NULL, NULL),
	(2829, 1, NULL, NULL, NULL, NULL, NULL, NULL, 'MARVIM ARAUJO DA SILVA', NULL, 'marvim.silva@alumini-icsk-fjepc.com.br', NULL, NULL, NULL, NULL, NULL, NULL, 2, '2019-11-04 16:19:48', 0, 0, 0, NULL, NULL, NULL),
	(2830, 1, NULL, NULL, NULL, NULL, NULL, NULL, 'MARVIM ARAUJO DA SILVA', NULL, 'marvim.silva@alumini-icsk-fjepc.com.br', NULL, NULL, NULL, NULL, NULL, NULL, 2, '2019-11-04 16:19:48', 0, 0, 0, NULL, NULL, NULL),
	(2831, 1, NULL, NULL, NULL, NULL, NULL, NULL, 'STANLEY SHEN DOS SANTOS', NULL, 'stanley.santos@skic.com', NULL, NULL, NULL, NULL, NULL, NULL, 2, '2019-11-13 16:27:54', 0, 0, 0, NULL, NULL, NULL),
	(2832, 1, NULL, NULL, NULL, NULL, NULL, NULL, 'STANLEY SHEN DOS SANTOS', NULL, 'stanley.santos@sbeisk.com.br', NULL, NULL, NULL, NULL, NULL, NULL, 0, '2019-11-13 16:27:58', 0, 0, 0, NULL, NULL, NULL),
	(2833, 1, NULL, NULL, NULL, NULL, NULL, NULL, 'ITALO CAMARDELLI SANTOS', NULL, 'italo.camardelli@skic.com', NULL, NULL, NULL, NULL, NULL, NULL, 1, '2019-11-19 14:52:57', 0, 0, 0, NULL, NULL, NULL),
	(2834, 1, NULL, NULL, NULL, NULL, NULL, NULL, 'ITALO CAMARDELLI SANTOS', NULL, 'italo.santos@isbeisk.com.br', NULL, NULL, NULL, NULL, NULL, NULL, 0, '2019-11-19 14:52:57', 0, 0, 0, NULL, NULL, NULL),
	(2835, 1, NULL, NULL, NULL, NULL, NULL, NULL, 'SAMUEL ALEXANDRE GOMES MOREIRA GONZAGA', NULL, 'samuel.gonzaga@sbeisk.com.br', NULL, NULL, NULL, NULL, NULL, NULL, 2, '2019-11-20 08:59:01', 0, 0, 0, NULL, NULL, NULL),
	(2836, 1, NULL, NULL, NULL, NULL, NULL, NULL, 'SAMUEL ALEXANDRE GOMES MOREIRA GONZAGA', NULL, 'samuel.gonzaga@skic.com', NULL, NULL, NULL, NULL, NULL, NULL, 2, '2019-11-20 08:59:01', 0, 0, 0, NULL, NULL, NULL),
	(2837, 1, NULL, NULL, NULL, NULL, NULL, NULL, 'DOUGLAS PALADIM MUNHOZ', NULL, 'douglas.munhoz@sbeisk.com.br', NULL, NULL, NULL, NULL, NULL, NULL, 2, '2019-11-20 09:35:48', 0, 0, 0, NULL, NULL, NULL),
	(2838, 1, NULL, NULL, NULL, NULL, NULL, NULL, 'DOUGLAS PALADIM MUNHOZ', NULL, 'douglas.munhoz@sbeisk.com.br', NULL, NULL, NULL, NULL, NULL, NULL, 0, '2019-11-20 09:35:48', 0, 0, 0, NULL, NULL, NULL),
	(2839, 1, NULL, NULL, NULL, NULL, NULL, NULL, 'JORGE ALESSANDRO FORMIGONI', NULL, 'jorge.formigoni@skic.com', NULL, NULL, NULL, NULL, NULL, NULL, 2, '2019-11-21 09:21:58', 0, 0, 0, NULL, NULL, NULL),
	(2840, 1, NULL, NULL, NULL, NULL, NULL, NULL, 'JORGE ALESSANDRO FORMIGONI', NULL, 'jorge.formigoni@sbeisk.com.br', NULL, NULL, NULL, NULL, NULL, NULL, 0, '2019-11-21 09:21:58', 0, 0, 0, NULL, NULL, NULL),
	(2841, 1, NULL, NULL, NULL, NULL, NULL, NULL, 'JOSE LEANDRO DA SILVA', NULL, 'jose.leandro@sbeisk.com.br', NULL, NULL, NULL, NULL, NULL, NULL, 2, '2019-11-26 08:30:32', 0, 0, 0, NULL, NULL, NULL),
	(2842, 1, NULL, NULL, NULL, NULL, NULL, NULL, 'JOSE LEANDRO DA SILVA', NULL, 'jose.leandro@sbeisk.com.br', NULL, NULL, NULL, NULL, NULL, NULL, 0, '2019-11-26 08:30:32', 0, 0, 0, NULL, NULL, NULL),
	(2843, 1, NULL, NULL, NULL, NULL, NULL, NULL, 'ANTONIO EDSON SILVA DUARTE', NULL, 'antonio.duarte@skic.com', NULL, NULL, NULL, NULL, NULL, NULL, 2, '2019-11-28 13:37:18', 0, 0, 0, NULL, NULL, NULL),
	(2844, 1, NULL, NULL, NULL, NULL, NULL, NULL, 'ANTONIO EDSON SILVA DUARTE', NULL, 'antonio.duarte@sbeisk.com.br', NULL, NULL, NULL, NULL, NULL, NULL, 0, '2019-11-28 13:37:18', 0, 0, 0, NULL, NULL, NULL),
	(2845, 1, NULL, NULL, NULL, NULL, NULL, NULL, 'JOSE LEONICIO', NULL, 'jose.leonicio@skchile.cl', NULL, NULL, NULL, NULL, NULL, NULL, 2, '2019-12-06 15:42:08', 0, 0, 0, NULL, NULL, NULL),
	(2846, 1, NULL, NULL, NULL, NULL, NULL, NULL, 'JOSE LEONICIO', NULL, 'jose.leonicio@skchile.cl', NULL, NULL, NULL, NULL, NULL, NULL, 0, '2019-12-06 15:42:09', 0, 0, 0, NULL, NULL, NULL),
	(2847, 1, NULL, NULL, NULL, NULL, NULL, NULL, 'CLAUDIA REGINA RASINI', NULL, 'claudia.rasini@skic.com', NULL, NULL, NULL, NULL, NULL, NULL, 2, '2019-12-09 09:32:32', 0, 0, 0, NULL, NULL, NULL),
	(2848, 1, NULL, NULL, NULL, NULL, NULL, NULL, 'CLAUDIA REGINA RASINI', NULL, 'claudia.rasini@sbeisk.com.br', NULL, NULL, NULL, NULL, NULL, NULL, 0, '2019-12-09 09:32:33', 0, 0, 0, NULL, NULL, NULL),
	(2849, 1, NULL, NULL, NULL, NULL, NULL, NULL, 'DIOGENES GOMES PEREIRA', NULL, 'diogenes.gomes@skic.com', NULL, NULL, NULL, NULL, NULL, NULL, 2, '2019-12-10 14:10:01', 0, 0, 0, NULL, NULL, NULL),
	(2850, 1, NULL, NULL, NULL, NULL, NULL, NULL, 'DIOGENES GOMES PEREIRA', NULL, 'diogenes.gomes@skic.com', NULL, NULL, NULL, NULL, NULL, NULL, 0, '2019-12-10 14:10:01', 0, 0, 0, NULL, NULL, NULL),
	(2851, 1, NULL, NULL, NULL, NULL, NULL, NULL, 'GUSTAVO PERES DO NASCIMENTO', NULL, 'gustavo.nascimento@skic.com', NULL, NULL, NULL, NULL, NULL, NULL, 2, '2020-01-08 10:53:49', 0, 0, 0, NULL, NULL, NULL),
	(2852, 1, NULL, NULL, NULL, NULL, NULL, NULL, 'RODRIGO BENDITO RODRIGUES DE JESUS', NULL, 'rodrigo.rodrigues@sbeisk.com.br', NULL, NULL, NULL, NULL, NULL, NULL, 2, '2020-01-20 14:16:47', 0, 0, 0, NULL, NULL, NULL),
	(2853, 1, NULL, NULL, NULL, NULL, NULL, NULL, 'JOSEMIR FAUSTINO DA SILVA', NULL, 'josemir.silva@skic.com', NULL, NULL, NULL, NULL, NULL, NULL, 2, '2020-02-05 09:36:18', 0, 0, 0, NULL, NULL, NULL),
	(2854, 1, NULL, NULL, NULL, NULL, NULL, NULL, 'JOSE BARAUNA DE OLIVEIRA NETO', NULL, 'jose.barauna@sbeisk.com.br', NULL, NULL, NULL, NULL, NULL, NULL, 2, '2020-03-12 08:25:55', 0, 0, 0, NULL, NULL, NULL),
	(2855, 1, NULL, NULL, NULL, NULL, NULL, NULL, 'ROBSON JOAO DA SILVA', NULL, 'robson.silva@skic.com', NULL, NULL, NULL, NULL, NULL, NULL, 2, '2020-03-12 08:32:44', 0, 0, 0, NULL, NULL, NULL),
	(2856, 1, NULL, NULL, NULL, NULL, NULL, NULL, 'VALDEMI AVELINO BENTO', NULL, 'valdemi.bento@skic.com', NULL, NULL, NULL, NULL, NULL, NULL, 2, '2020-03-17 13:33:08', 0, 0, 0, NULL, NULL, NULL),
	(2857, 1, NULL, NULL, NULL, NULL, NULL, NULL, 'ANA PAULA MAGALHÃES SILVA', NULL, 'ana.silva@skic.com', NULL, NULL, NULL, NULL, NULL, NULL, 2, '2020-04-24 14:39:07', 0, 0, 0, NULL, NULL, NULL),
	(2858, 1, NULL, NULL, NULL, NULL, NULL, NULL, 'RENATO ADAILSON DA SILVA', NULL, 'renato.silva@skic.com', NULL, NULL, NULL, NULL, NULL, NULL, 2, '2020-05-11 13:39:34', 0, 0, 0, NULL, NULL, NULL),
	(2859, 1, NULL, NULL, NULL, NULL, NULL, NULL, 'WILSON LUIZ FERNANDEZ PRADO', NULL, 'wilson.prado@skic.com', NULL, NULL, NULL, NULL, NULL, NULL, 2, '2020-05-13 12:28:32', 0, 0, 0, NULL, NULL, NULL),
	(2860, 1, NULL, NULL, NULL, NULL, NULL, NULL, 'FABIO PEREIRA LACERDA', NULL, 'fabio.lacerda@skic.com', NULL, NULL, NULL, NULL, NULL, NULL, 2, '2020-05-13 14:48:09', 0, 0, 0, NULL, NULL, NULL),
	(2861, 1, NULL, NULL, NULL, NULL, NULL, NULL, 'ANDRÉ TEDDY GIFFORD', NULL, 'andre.gifford@sbeisk.com.br', NULL, NULL, NULL, NULL, NULL, NULL, 2, '2020-05-28 17:50:29', 0, 0, 0, NULL, NULL, NULL),
	(2862, 1, NULL, NULL, NULL, NULL, NULL, NULL, 'DOUGLAS ANIZIO PINHEIRO', NULL, 'douglas.pinheiro@sbeisk.com.br', NULL, NULL, NULL, NULL, NULL, NULL, 2, '2020-05-28 17:51:35', 0, 0, 0, NULL, NULL, NULL),
	(2863, 1, NULL, NULL, NULL, NULL, NULL, NULL, 'KELVIN NUNES PAULO', NULL, 'kelvin.nunes@sbeisk.com.br', NULL, NULL, NULL, NULL, NULL, NULL, 2, '2020-06-01 10:36:08', 0, 0, 0, NULL, NULL, NULL),
	(2864, 1, NULL, NULL, NULL, NULL, NULL, NULL, 'ERIVAN DE VASCONCELOS GONÇALVES', NULL, 'erivan.goncalves@skic.com', NULL, NULL, NULL, NULL, NULL, NULL, 2, '2020-06-01 11:18:38', 0, 0, 0, NULL, NULL, NULL),
	(2865, 1, NULL, NULL, NULL, NULL, NULL, NULL, 'ANTONIO EDSON DA SILVA GOMES', NULL, 'nooffcs@gmail.com', NULL, NULL, NULL, NULL, NULL, NULL, 2, '2020-06-17 17:38:17', 0, 0, 0, NULL, NULL, NULL),
	(2866, 1, NULL, NULL, NULL, NULL, NULL, NULL, 'DAVID MONÇÃO CUNHA', NULL, 'david.cunha@skic.com', NULL, NULL, NULL, NULL, NULL, NULL, 2, '2020-06-18 12:01:59', 0, 0, 0, NULL, NULL, NULL),
	(2867, 1, NULL, NULL, NULL, NULL, NULL, NULL, 'JELL LIMA DE ANDRADE', NULL, 'jell.andrade@skic.com', NULL, NULL, NULL, NULL, NULL, NULL, 2, '2020-08-04 14:03:48', 0, 0, 0, NULL, NULL, NULL),
	(2868, 1, NULL, NULL, NULL, NULL, NULL, NULL, 'SAMUEL ALEXANDRE GOMES MOREIRA GONZAGA', NULL, 'samuel.gonzaga@sbeisk.com.br', NULL, NULL, NULL, NULL, NULL, NULL, 0, '2020-08-06 17:41:50', 0, 0, 0, NULL, NULL, NULL),
	(2869, 1, NULL, NULL, NULL, NULL, NULL, NULL, 'ANNY GLLETHE COSTA DA SILVA', NULL, 'anny.silva@skic.com', NULL, NULL, NULL, NULL, NULL, NULL, 2, '2020-08-06 17:45:51', 0, 0, 0, NULL, NULL, NULL),
	(2870, 1, NULL, NULL, NULL, NULL, NULL, NULL, 'ALEX AZEREDO SOUSA', NULL, 'alex.sousa@skic.com', NULL, NULL, NULL, NULL, NULL, NULL, 2, '2020-08-18 16:51:32', 0, 0, 0, NULL, NULL, NULL),
	(2871, 1, NULL, NULL, NULL, NULL, NULL, NULL, 'BRUNO CHAVES TAVARES', NULL, 'bruno.tavares@skic.com', NULL, NULL, NULL, NULL, NULL, NULL, 2, '2020-08-25 09:43:02', 0, 0, 0, NULL, NULL, NULL),
	(2873, 1, NULL, NULL, NULL, NULL, NULL, NULL, 'RIGELDO RODRIGUES BARROS', NULL, 'rigeldo.barros@skic.com', NULL, NULL, NULL, NULL, NULL, NULL, 2, '2020-09-23 13:36:20', 0, 0, 0, NULL, NULL, NULL),
	(2874, 1, NULL, NULL, NULL, NULL, NULL, NULL, 'BRUNNO CESAR SILVESTRINI', NULL, 'brunno.silvestrini@skic.com', NULL, NULL, NULL, NULL, NULL, NULL, 2, '2020-11-04 20:32:02', 0, 0, 0, NULL, NULL, NULL),
	(2875, 1, NULL, NULL, NULL, NULL, NULL, NULL, 'JERYSSA NEGRINI SENE', NULL, 'jeryssa.sene@skic.com', NULL, NULL, NULL, NULL, NULL, NULL, 2, '2020-11-04 20:33:47', 0, 0, 0, NULL, NULL, NULL),
	(2876, 1, NULL, NULL, NULL, NULL, NULL, NULL, 'ARLAN MARQUES DA SILVA', NULL, 'arlan.silva@skic.com', NULL, NULL, NULL, NULL, NULL, NULL, 2, '2020-11-27 14:28:22', 0, 0, 0, NULL, NULL, NULL),
	(2877, 1, NULL, NULL, NULL, NULL, NULL, NULL, 'RAFAELA BATISTA AFONSO', NULL, 'rafaela.afonso@skic.com', NULL, NULL, NULL, NULL, NULL, NULL, 2, '2021-01-07 13:59:15', 0, 0, 0, NULL, NULL, NULL),
	(2878, 1, NULL, NULL, NULL, NULL, NULL, NULL, 'PEDRO HENRIQUE RIOS DE REZENDE', NULL, 'pedro.rezende@skic.com', NULL, NULL, NULL, NULL, NULL, NULL, 2, '2021-01-07 16:45:55', 0, 0, 0, NULL, NULL, NULL),
	(2879, 1, NULL, NULL, NULL, NULL, NULL, NULL, 'LAYSSE ALVES FERREIRA', NULL, 'laysse.ferreira@skic.com', NULL, NULL, NULL, NULL, NULL, NULL, 2, '2021-01-07 16:47:08', 0, 0, 0, NULL, NULL, NULL),
	(2880, 1, NULL, NULL, NULL, NULL, NULL, NULL, 'FRANKE LIMA DA SILVA', NULL, 'franke.silva@skic.com', NULL, NULL, NULL, NULL, NULL, NULL, 2, '2021-01-07 16:50:38', 0, 0, 0, NULL, NULL, NULL),
	(2881, 1, NULL, NULL, NULL, NULL, NULL, NULL, 'WELITON SANTOS CRUZ', NULL, 'weliton.cruz@skic.com', NULL, NULL, NULL, NULL, NULL, NULL, 2, '2021-01-07 16:51:24', 0, 0, 0, NULL, NULL, NULL),
	(2882, 1, NULL, NULL, NULL, NULL, NULL, NULL, 'KAIQUE DIAS CAETANO', NULL, 'kaique.caetano@skic.com', NULL, NULL, NULL, NULL, NULL, NULL, 1, '2021-01-07 16:52:18', 0, 0, 0, NULL, NULL, NULL),
	(2883, 1, NULL, NULL, NULL, NULL, NULL, NULL, 'DIEGO DIAS DE LUCENA', NULL, 'diego.lucena@skic.com', NULL, NULL, NULL, NULL, NULL, NULL, 2, '2021-01-07 16:54:02', 0, 0, 0, NULL, NULL, NULL),
	(2884, 1, NULL, NULL, NULL, NULL, NULL, NULL, 'RANGEL GLEIGUISSON SILVA DE MELO', NULL, 'rangel.melo@skic.com', NULL, NULL, NULL, NULL, NULL, NULL, 2, '2021-01-07 16:55:26', 0, 0, 0, NULL, NULL, NULL),
	(2885, 1, NULL, NULL, NULL, NULL, NULL, NULL, 'ALEX DA LUZ BRASIL', NULL, 'alex.brasil@skic.com', NULL, NULL, NULL, NULL, NULL, NULL, 2, '2021-01-07 16:57:38', 0, 0, 0, NULL, NULL, NULL),
	(2886, 1, NULL, NULL, NULL, NULL, NULL, NULL, 'FRANCISCO ALENCAR DOS SANTOS', NULL, 'francisco.alencar@skic.com', NULL, NULL, NULL, NULL, NULL, NULL, 2, '2021-01-08 09:47:12', 0, 0, 0, NULL, NULL, NULL),
	(2887, 1, NULL, NULL, NULL, NULL, NULL, NULL, 'EDUARDO NASCIMENTO', NULL, 'eduardo.nascimento@skic.com', NULL, NULL, NULL, NULL, NULL, NULL, 1, '2021-01-08 09:57:53', 0, 0, 0, NULL, NULL, NULL),
	(2888, 1, NULL, NULL, NULL, NULL, NULL, NULL, 'DEIVID NUNES', NULL, 'deivid.nunes@skic.com', NULL, NULL, NULL, NULL, NULL, NULL, 2, '2021-01-08 09:59:08', 0, 0, 0, NULL, NULL, NULL),
	(2889, 1, NULL, NULL, NULL, NULL, NULL, NULL, 'JEFERSON FERNANDES', NULL, 'jeferson.fernandes@skic.com', NULL, NULL, NULL, NULL, NULL, NULL, 2, '2021-01-08 10:04:40', 0, 0, 0, NULL, NULL, NULL),
	(2890, 1, NULL, NULL, NULL, NULL, NULL, NULL, 'ADILENO SILVA', NULL, 'adileno.silva@skic.com', NULL, NULL, NULL, NULL, NULL, NULL, 2, '2021-01-08 10:06:31', 0, 0, 0, NULL, NULL, NULL),
	(2891, 1, NULL, NULL, NULL, NULL, NULL, NULL, 'RAIMUNDO GUIMARAES', NULL, 'raimundo.guimaraes@skic.com', NULL, NULL, NULL, NULL, NULL, NULL, 2, '2021-01-08 10:07:48', 0, 0, 0, NULL, NULL, NULL),
	(2892, 1, NULL, NULL, NULL, NULL, NULL, NULL, 'DANIEL SILVA SANTOS', NULL, 'daniel.santos@skic.com', NULL, NULL, NULL, NULL, NULL, NULL, 2, '2021-01-08 14:56:13', 0, 0, 0, NULL, NULL, NULL),
	(2893, 1, NULL, NULL, NULL, NULL, NULL, NULL, 'CELSO CRISTIANO DOS SANTOS', NULL, 'celso.santos@skic.com', NULL, NULL, NULL, NULL, NULL, NULL, 2, '2021-01-08 14:57:10', 0, 0, 0, NULL, NULL, NULL),
	(2894, 1, NULL, NULL, NULL, NULL, NULL, NULL, 'ROBSON DA CRUZ DA SILVA', NULL, 'robson.cruz@skic.com', NULL, NULL, NULL, NULL, NULL, NULL, 2, '2021-01-08 14:58:44', 0, 0, 0, NULL, NULL, NULL),
	(2895, 1, NULL, NULL, NULL, NULL, NULL, NULL, 'ERIDAN LUIZ DA SILVA', NULL, 'eridan.silva@skic.com', NULL, NULL, NULL, NULL, NULL, NULL, 2, '2021-01-08 14:59:40', 0, 0, 0, NULL, NULL, NULL),
	(2896, 1, NULL, NULL, NULL, NULL, NULL, NULL, 'ROMÁRIO MORAIS MENESES', NULL, 'romario.meneses@skic.com', NULL, NULL, NULL, NULL, NULL, NULL, 2, '2021-01-08 15:00:59', 0, 0, 0, NULL, NULL, NULL),
	(2897, 1, NULL, NULL, NULL, NULL, NULL, NULL, 'ANTONIO CURTY', NULL, 'antonio.curty@skic.com', NULL, NULL, NULL, NULL, NULL, NULL, 2, '2021-01-08 15:01:56', 0, 0, 0, NULL, NULL, NULL),
	(2898, 1, NULL, NULL, NULL, NULL, NULL, NULL, 'THIAGO CORADO DA SILVA', NULL, 'thiago.silva@skic.com', NULL, NULL, NULL, NULL, NULL, NULL, 2, '2021-01-08 15:57:39', 0, 0, 0, NULL, NULL, NULL),
	(2899, 1, NULL, NULL, NULL, NULL, NULL, NULL, 'FLÁVIO MARINS', NULL, 'flavio.marins@skic.com', NULL, NULL, NULL, NULL, NULL, NULL, 2, '2021-01-08 16:22:23', 0, 0, 0, NULL, NULL, NULL),
	(2900, 1, NULL, NULL, NULL, NULL, NULL, NULL, 'LOURIVAL BRITO', NULL, 'lourival.brito@skic.com', NULL, NULL, NULL, NULL, NULL, NULL, 2, '2021-01-08 16:23:09', 0, 0, 0, NULL, NULL, NULL),
	(2901, 1, NULL, NULL, NULL, NULL, NULL, NULL, 'JACIARA SOUZA', NULL, 'jaciara.souza@skic.com', NULL, NULL, NULL, NULL, NULL, NULL, 2, '2021-01-08 16:24:00', 0, 0, 0, NULL, NULL, NULL),
	(2902, 1, NULL, NULL, NULL, NULL, NULL, NULL, 'JAIRA HOLANDA', NULL, 'jaira.holanda@skic.com', NULL, NULL, NULL, NULL, NULL, NULL, 2, '2021-01-08 16:24:41', 0, 0, 0, NULL, NULL, NULL),
	(2903, 1, NULL, NULL, NULL, NULL, NULL, NULL, 'FERNANDO VASCONCELOS', NULL, 'fernando.vasconcelos@skic.com', NULL, NULL, NULL, NULL, NULL, NULL, 2, '2021-01-20 14:17:00', 0, 0, 0, NULL, NULL, NULL),
	(2904, 1, NULL, NULL, NULL, NULL, NULL, NULL, 'IVO MICCHI PEREIRA', NULL, 'ivo.micchi@skic.com', NULL, NULL, NULL, NULL, NULL, NULL, 2, '2021-02-03 10:15:03', 0, 0, 0, NULL, NULL, NULL),
	(2905, 1, NULL, NULL, NULL, NULL, NULL, NULL, 'ZHENG XIN', NULL, 'zheng.xin@fjepc.com.br', NULL, NULL, NULL, NULL, NULL, NULL, 2, '2021-02-04 11:10:09', 0, 0, 0, NULL, NULL, NULL),
	(2906, 1, NULL, NULL, NULL, NULL, NULL, NULL, 'PABLO  CONTARDO', NULL, 'jorgepablo.contardo@skic.com', NULL, NULL, NULL, NULL, NULL, NULL, 2, '2021-02-25 11:14:49', 0, 0, 0, NULL, NULL, NULL),
	(2907, 1, NULL, NULL, NULL, NULL, NULL, NULL, 'MARCO AROS', NULL, 'marco.aros@skic.com', NULL, NULL, NULL, NULL, NULL, NULL, 2, '2021-02-27 09:10:05', 0, 0, 0, NULL, NULL, NULL),
	(2908, 1, NULL, NULL, NULL, NULL, NULL, NULL, 'MARCELO URÍA PARRA', NULL, 'marcelo.uria@skic.com', NULL, NULL, NULL, NULL, NULL, NULL, 2, '2021-02-27 09:11:01', 0, 0, 0, NULL, NULL, NULL),
	(2909, 1, NULL, NULL, NULL, NULL, NULL, NULL, 'ANTONIO GUTIERREZ RAMIREZ', NULL, 'antonio.gutierrez@skic.com', NULL, NULL, NULL, NULL, NULL, NULL, 2, '2021-02-27 09:11:56', 0, 0, 0, NULL, NULL, NULL),
	(2910, 1, NULL, NULL, NULL, NULL, NULL, NULL, 'NERLITH SANTILLAN', NULL, 'Nerlith.Santillan@skic.com', NULL, NULL, NULL, NULL, NULL, NULL, 2, '2021-03-05 09:09:49', 0, 0, 0, NULL, NULL, NULL),
	(2911, 1, NULL, NULL, NULL, NULL, NULL, NULL, 'CÉSAR RODRIGUES DE OLIVEIRA', NULL, 'cesar.rodrigues@skic.com', NULL, NULL, NULL, NULL, NULL, NULL, 2, '2021-03-16 10:08:17', 0, 0, 0, NULL, NULL, NULL),
	(2912, 1, NULL, NULL, NULL, NULL, NULL, NULL, 'TATIANA VIANA MATOS', NULL, 'tatiana.matos@skic.com', NULL, NULL, NULL, NULL, NULL, NULL, 2, '2021-03-17 15:36:38', 0, 0, 0, NULL, NULL, NULL),
	(2913, 1, NULL, NULL, NULL, NULL, NULL, NULL, 'DAPHINY NOEMY MONTEIRO', NULL, 'daphiny.monteiro@skic.com', NULL, NULL, NULL, NULL, NULL, NULL, 2, '2021-04-05 10:31:37', 0, 0, 0, NULL, NULL, NULL),
	(2914, 1, NULL, NULL, NULL, NULL, NULL, NULL, 'PAULO HENRIQUE FRANCISCO REIS', NULL, 'paulo.reis@skic.com', NULL, NULL, NULL, NULL, NULL, NULL, 2, '2021-04-07 17:59:04', 0, 0, 0, NULL, NULL, NULL),
	(2915, 1, NULL, NULL, NULL, NULL, NULL, NULL, 'JEZAIAS SILVA FIRMINO', NULL, 'jezaias.silva@skic.com', NULL, NULL, NULL, NULL, NULL, NULL, 2, '2021-04-08 18:35:03', 0, 0, 0, NULL, NULL, NULL),
	(2916, 1, NULL, NULL, NULL, NULL, NULL, NULL, 'LUAN BARCELOS BORGES', NULL, 'luan.borges@skic.com', NULL, NULL, NULL, NULL, NULL, NULL, 2, '2021-04-20 12:53:28', 0, 0, 0, NULL, NULL, NULL),
	(2917, 1, NULL, NULL, NULL, NULL, NULL, NULL, 'EDSON BATISTA DA SILVA ROCHA', NULL, 'edson.batista@skic.com', NULL, NULL, NULL, NULL, NULL, NULL, 2, '2021-04-20 12:54:16', 0, 0, 0, NULL, NULL, NULL),
	(2918, 1, NULL, NULL, NULL, NULL, NULL, NULL, 'MIKE PRETER ALVES', NULL, 'mike.preter@skic.com', NULL, NULL, NULL, NULL, NULL, NULL, 2, '2021-04-20 12:55:08', 0, 0, 0, NULL, NULL, NULL),
	(2919, 1, NULL, NULL, NULL, NULL, NULL, NULL, 'WARLEY MARTINS COSTA', NULL, 'warley.martins@skic.com', NULL, NULL, NULL, NULL, NULL, NULL, 2, '2021-04-25 11:21:44', 0, 0, 0, NULL, NULL, NULL),
	(2920, 1, NULL, NULL, NULL, NULL, NULL, NULL, 'MARCOS ANDRÉ DE OLIVEIRA', NULL, 'marcos.oliveira@skic.com', NULL, NULL, NULL, NULL, NULL, NULL, 1, '2021-04-27 10:05:27', 0, 0, 0, NULL, NULL, NULL),
	(2921, 1, NULL, NULL, NULL, NULL, NULL, NULL, 'REINALDO CESAR BUENO', NULL, 'reinaldo.cesar@skic.com', NULL, NULL, NULL, NULL, NULL, NULL, 2, '2021-04-27 10:14:45', 0, 0, 0, NULL, NULL, NULL),
	(2922, 1, NULL, NULL, NULL, NULL, NULL, NULL, 'JOÃO MARCOS FERREIRA BORGES', NULL, 'joao.ferreira@skic.com', NULL, NULL, NULL, NULL, NULL, NULL, 2, '2021-05-12 10:16:42', 0, 0, 0, NULL, NULL, NULL),
	(2923, 1, NULL, NULL, NULL, NULL, NULL, NULL, 'EVANDRO DOS SANTOS OLIVEIRA', NULL, 'evandro.dossantos@skic.com', NULL, NULL, NULL, NULL, NULL, NULL, 2, '2021-05-13 09:52:23', 0, 0, 0, NULL, NULL, NULL),
	(2924, 1, NULL, NULL, NULL, NULL, NULL, NULL, 'ADRIANO GARCIA GOUVEIA', NULL, 'adriano.garcia@skic.com', NULL, NULL, NULL, NULL, NULL, NULL, 2, '2021-05-13 09:53:39', 0, 0, 0, NULL, NULL, NULL),
	(2925, 1, NULL, NULL, NULL, NULL, NULL, NULL, 'WELLITON FABIO DA SILVA MAGALHAES', NULL, 'welliton.dasilva@skic.com', NULL, NULL, NULL, NULL, NULL, NULL, 2, '2021-05-13 09:54:22', 0, 0, 0, NULL, NULL, NULL),
	(2926, 1, NULL, NULL, NULL, NULL, NULL, NULL, 'WILLIAN RODRIGUES DA SILVEIRA CHAVES', NULL, 'willian.rodrigues@skic.com', NULL, NULL, NULL, NULL, NULL, NULL, 2, '2021-05-19 08:08:36', 0, 0, 0, NULL, NULL, NULL),
	(2927, 1, NULL, NULL, NULL, NULL, NULL, NULL, 'TENISE LOPES', NULL, 'tenise.lopes@skic.com', NULL, NULL, NULL, NULL, NULL, NULL, 2, '2021-05-26 20:25:58', 0, 0, 0, NULL, NULL, NULL),
	(2928, 1, NULL, NULL, NULL, NULL, NULL, NULL, 'ITARGINO VIEIRA', NULL, 'itargino.vieira@skic.com', NULL, NULL, NULL, NULL, NULL, NULL, 2, '2021-05-26 20:26:42', 0, 0, 0, NULL, NULL, NULL),
	(2929, 1, NULL, NULL, NULL, NULL, NULL, NULL, 'VALERIA CONCEICAO', NULL, 'valeria.conceicao@skic.com', NULL, NULL, NULL, NULL, NULL, NULL, 2, '2021-05-26 20:27:32', 0, 0, 0, NULL, NULL, NULL),
	(2930, 1, NULL, NULL, NULL, NULL, NULL, NULL, 'ANNE CAROLINE LUSTOSA CORREIA', NULL, 'anne.correa@skic.com', NULL, NULL, NULL, NULL, NULL, NULL, 2, '2021-05-26 20:28:15', 0, 0, 0, NULL, NULL, NULL),
	(2931, 1, NULL, NULL, NULL, NULL, NULL, NULL, 'FLAVIO MENEZES', NULL, 'flavio.menezes@skic.com', NULL, NULL, NULL, NULL, NULL, NULL, 2, '2021-05-26 20:29:56', 0, 0, 0, NULL, NULL, NULL),
	(2932, 1, NULL, NULL, NULL, NULL, NULL, NULL, 'JOANA GENIPAPEIRO', NULL, 'joana.genipapeiro@skic.com', NULL, NULL, NULL, NULL, NULL, NULL, 2, '2021-05-26 20:30:38', 0, 0, 0, NULL, NULL, NULL),
	(2933, 1, NULL, NULL, NULL, NULL, NULL, NULL, 'ITARGINO VIEIRA', NULL, 'itargino.vieira@skic.com', NULL, NULL, NULL, NULL, NULL, NULL, 2, '2021-05-26 20:32:54', 0, 0, 0, NULL, NULL, NULL),
	(2934, 1, NULL, NULL, NULL, NULL, NULL, NULL, 'CLAUDIO JESUINO DA SILVA', NULL, 'claudio.jesuino@skic.com', NULL, NULL, NULL, NULL, NULL, NULL, 2, '2021-06-02 08:27:11', 0, 0, 0, NULL, NULL, NULL),
	(2935, 1, NULL, NULL, NULL, NULL, NULL, NULL, 'RAIANNE COELHO ARAUJO', NULL, 'raianne.coelho@skic.com', NULL, NULL, NULL, NULL, NULL, NULL, 2, '2021-06-07 09:49:35', 0, 0, 0, NULL, NULL, NULL),
	(2936, 1, NULL, NULL, NULL, NULL, NULL, NULL, 'FELIPE DA SILVA BONFIM', NULL, 'felipe.bonfim@skic.com', NULL, NULL, NULL, NULL, NULL, NULL, 2, '2021-06-10 13:02:39', 0, 0, 0, NULL, NULL, NULL),
	(2937, 1, NULL, NULL, NULL, NULL, NULL, NULL, 'GEOVANE ROSENO DA SILVA', NULL, 'geovane.silva@skic.com', NULL, NULL, NULL, NULL, NULL, NULL, 2, '2021-06-10 14:21:59', 0, 0, 0, NULL, NULL, NULL),
	(2938, 1, NULL, NULL, NULL, NULL, NULL, NULL, 'PEDRO FERREIRA DA ROSA', NULL, 'pedro.ferreira@skic.com', NULL, NULL, NULL, NULL, NULL, NULL, 2, '2021-06-10 14:22:53', 0, 0, 0, NULL, NULL, NULL),
	(2939, 1, NULL, NULL, NULL, NULL, NULL, NULL, 'HILDELENE SOARES DA SILVA', NULL, 'hildelene.silva@skic.com', NULL, NULL, NULL, NULL, NULL, NULL, 2, '2021-06-10 14:23:32', 0, 0, 0, NULL, NULL, NULL),
	(2940, 1, NULL, NULL, NULL, NULL, NULL, NULL, 'EDUARDO SILVA DOS ANJOS', NULL, 'eduardo.silva@skic.com', NULL, NULL, NULL, NULL, NULL, NULL, 2, '2021-06-10 14:24:11', 0, 0, 0, NULL, NULL, NULL),
	(2941, 1, NULL, NULL, NULL, NULL, NULL, NULL, 'MAX WANDER DOS SANTOS PINTO', NULL, 'max.pinto@skic.com', NULL, NULL, NULL, NULL, NULL, NULL, 2, '2021-06-10 14:24:50', 0, 0, 0, NULL, NULL, NULL),
	(2942, 1, NULL, NULL, NULL, NULL, NULL, NULL, 'FRANCISCO AYRES DE JESUS SANTOS', NULL, 'francisco.santos@skic.com', NULL, NULL, NULL, NULL, NULL, NULL, 2, '2021-06-10 14:25:39', 0, 0, 0, NULL, NULL, NULL),
	(2943, 1, NULL, NULL, NULL, NULL, NULL, NULL, 'GEORGE ROZENO DA SILVA', NULL, 'george.rozeno@skic.com', NULL, NULL, NULL, NULL, NULL, NULL, 2, '2021-06-10 14:26:22', 0, 0, 0, NULL, NULL, NULL),
	(2944, 1, NULL, NULL, NULL, NULL, NULL, NULL, 'MARCOS PAULO RODRIGUES SILVA', NULL, 'marcos.rodrigues@skic.com', NULL, NULL, NULL, NULL, NULL, NULL, 2, '2021-06-10 14:27:05', 0, 0, 0, NULL, NULL, NULL),
	(2945, 1, NULL, NULL, NULL, NULL, NULL, NULL, 'ELIAS SILVA DO NASCIMENTO', NULL, 'elias.silva@skic.com', NULL, NULL, NULL, NULL, NULL, NULL, 2, '2021-06-10 14:27:45', 0, 0, 0, NULL, NULL, NULL),
	(2946, 1, NULL, NULL, NULL, NULL, NULL, NULL, 'GERALDO SALIM ARAUJO', NULL, 'geraldo.salim@skic.com', NULL, NULL, NULL, NULL, NULL, NULL, 2, '2021-06-10 15:30:32', 0, 0, 0, NULL, NULL, NULL),
	(2947, 1, NULL, NULL, NULL, NULL, NULL, NULL, 'ADRIANA MOREIRA LEAL', NULL, 'adriana.leal@skic.com', NULL, NULL, NULL, NULL, NULL, NULL, 1, '2021-06-10 16:34:37', 0, 0, 0, NULL, NULL, NULL),
	(2948, 1, NULL, NULL, NULL, NULL, NULL, NULL, 'JOSÉ EDUARDO DA SILVA', NULL, 'jose.dasilva@skic.com', NULL, NULL, NULL, NULL, NULL, NULL, 1, '2021-06-10 16:35:39', 0, 0, 0, NULL, NULL, NULL),
	(2949, 1, NULL, NULL, NULL, NULL, NULL, NULL, 'SILVIO FELISMINO DA CRUZ', NULL, 'silvio.felismino@skic.com', NULL, NULL, NULL, NULL, NULL, NULL, 2, '2021-06-14 09:52:46', 0, 0, 0, NULL, NULL, NULL),
	(2950, 1, NULL, NULL, NULL, NULL, NULL, NULL, 'REGIS MENDES ALVES', NULL, 'regis.mendes@skic.com', NULL, NULL, NULL, NULL, NULL, NULL, 2, '2021-06-14 12:36:46', 0, 0, 0, NULL, NULL, NULL),
	(2951, 1, NULL, NULL, NULL, NULL, NULL, NULL, 'CLEA COSTA SILVA', NULL, 'clea.costa@skic.com', NULL, NULL, NULL, NULL, NULL, NULL, 2, '2021-06-17 10:04:44', 0, 0, 0, NULL, NULL, NULL),
	(2952, 155, NULL, NULL, NULL, NULL, NULL, NULL, 'JHONATAN REIS DE SOUZA', NULL, 'jhonathan.reis@skic.com', NULL, NULL, NULL, NULL, NULL, NULL, 2, '2021-06-18 11:34:34', 0, 0, 0, NULL, NULL, NULL),
	(2953, 155, NULL, NULL, NULL, NULL, NULL, NULL, 'REGINALDO APARECIDO DA SILVA', NULL, 'reginaldo.aparecido@skic.com', NULL, NULL, NULL, NULL, NULL, NULL, 2, '2021-06-20 13:49:54', 0, 0, 0, NULL, NULL, NULL),
	(2954, 1, NULL, NULL, NULL, NULL, NULL, NULL, 'RONAN LIMA SOUSA', NULL, 'ronan.lima@skic.com', NULL, NULL, NULL, NULL, NULL, NULL, 2, '2021-06-24 08:49:43', 0, 0, 0, NULL, NULL, NULL),
	(2955, 1, NULL, NULL, NULL, NULL, NULL, NULL, 'DJAILSON DE SOUZA SANTOS ', NULL, 'djailson.souza@skic.com', NULL, NULL, NULL, NULL, NULL, NULL, 2, '2021-06-25 14:50:59', 0, 0, 0, NULL, NULL, NULL),
	(2956, 1, NULL, NULL, NULL, NULL, NULL, NULL, 'JUAN CARLOS LOPES SANTO', NULL, 'juancarlos.lopes@skic.com', NULL, NULL, NULL, NULL, NULL, NULL, 2, '2021-06-25 14:51:49', 0, 0, 0, NULL, NULL, NULL),
	(2957, 1, NULL, NULL, NULL, NULL, NULL, NULL, 'LEONARDO BARBOSA DE AZEREDO', NULL, 'leonardo.barbosa@skic.com', NULL, NULL, NULL, NULL, NULL, NULL, 2, '2021-06-25 14:52:40', 0, 0, 0, NULL, NULL, NULL),
	(2958, 1, NULL, NULL, NULL, NULL, NULL, NULL, 'MADSON LOBO DE ARAUJO', NULL, 'madson.lobo@skic.com', NULL, NULL, NULL, NULL, NULL, NULL, 2, '2021-06-25 14:53:20', 0, 0, 0, NULL, NULL, NULL),
	(2959, 1, NULL, NULL, NULL, NULL, NULL, NULL, 'RANIEL GONCALVES PEREIRA', NULL, 'raniel.goncalves@skic.com', NULL, NULL, NULL, NULL, NULL, NULL, 2, '2021-06-25 14:54:02', 0, 0, 0, NULL, NULL, NULL),
	(2960, 1, NULL, NULL, NULL, NULL, NULL, NULL, 'VITOR ALEX BORGES DA SILVA', NULL, 'vitor.borges@skic.com', NULL, NULL, NULL, NULL, NULL, NULL, 2, '2021-06-25 14:54:51', 0, 0, 0, NULL, NULL, NULL),
	(2961, 1, NULL, NULL, NULL, NULL, NULL, NULL, 'CARLOS BEZERRA BISPO', NULL, 'carlos.bezerra@skic.com', NULL, NULL, NULL, NULL, NULL, NULL, 2, '2021-06-25 14:56:52', 0, 0, 0, NULL, NULL, NULL),
	(2962, 1, NULL, NULL, NULL, NULL, NULL, NULL, 'JONATHAS GOIS DE SOUZA', NULL, 'jonathas.gois@skic.com', NULL, NULL, NULL, NULL, NULL, NULL, 2, '2021-07-07 10:04:25', 0, 0, 0, NULL, NULL, NULL),
	(2963, 1, NULL, NULL, NULL, NULL, NULL, NULL, 'DANIEL OLIVEIRA DE ANDRADE', NULL, 'daniel.oliveira@skic.com', NULL, NULL, NULL, NULL, NULL, NULL, 2, '2021-07-07 10:07:14', 0, 0, 0, NULL, NULL, NULL),
	(2964, 1, NULL, NULL, NULL, NULL, NULL, NULL, 'JOSE CASSIMIRO DOS SANTOS', NULL, 'jose.cassimiro@skic.com', NULL, NULL, NULL, NULL, NULL, NULL, 2, '2021-07-07 17:12:34', 0, 0, 0, NULL, NULL, NULL),
	(2965, 1, NULL, NULL, NULL, NULL, NULL, NULL, 'DANIEL MESSIAS DE SOUZA', NULL, 'daniel.messias@skic.com', NULL, NULL, NULL, NULL, NULL, NULL, 2, '2021-07-20 08:37:52', 0, 0, 0, NULL, NULL, NULL),
	(2966, 1, NULL, NULL, NULL, NULL, NULL, NULL, 'DAYANI VIANA DE ARAUJO', NULL, ' dayani.viana@skic.com', NULL, NULL, NULL, NULL, NULL, NULL, 2, '2021-08-05 12:37:05', 0, 0, 0, NULL, NULL, NULL),
	(2967, 1, NULL, NULL, NULL, NULL, NULL, NULL, 'DANYELLA ALEXANDRA FRANCISCA CRUZ LIMA', NULL, 'danyella.lima@skic.com', NULL, NULL, NULL, NULL, NULL, NULL, 2, '2021-08-09 09:25:21', 0, 0, 0, NULL, NULL, NULL),
	(2968, 1, NULL, NULL, NULL, NULL, NULL, NULL, 'MARCOS FREITAS DOS SANTOS', NULL, 'marcos.freitas@skic.com', NULL, NULL, NULL, NULL, NULL, NULL, 2, '2021-08-24 16:15:16', 0, 0, 0, NULL, NULL, NULL),
	(2969, 1, NULL, NULL, NULL, NULL, NULL, NULL, 'UALLACE SALARINI AZOTTO', NULL, 'uallace.sallarini@skic.com', NULL, NULL, NULL, NULL, NULL, NULL, 2, '2021-09-02 12:02:28', 0, 0, 0, NULL, NULL, NULL),
	(2971, 1, NULL, NULL, NULL, NULL, NULL, NULL, 'GEISIANE DE OLIVEIRA SANTOS', NULL, 'geisiane.deoliveira@skic.com', NULL, NULL, NULL, NULL, NULL, NULL, 2, '2021-09-15 11:09:46', 0, 0, 0, NULL, NULL, NULL),
	(2972, 1, NULL, NULL, NULL, NULL, NULL, NULL, 'RILDO DOMINGOS DE SOUZA', NULL, 'rildo.domingos@skic.com', NULL, NULL, NULL, NULL, NULL, NULL, 1, '2021-09-16 10:49:04', 0, 0, 0, NULL, NULL, NULL),
	(2973, 1, NULL, NULL, NULL, NULL, NULL, NULL, 'AGNELO FERNANDES MAIA', NULL, 'agnelo.fernandes@skic.com', NULL, NULL, NULL, NULL, NULL, NULL, 2, '2021-09-23 10:02:37', 0, 0, 0, NULL, NULL, NULL),
	(2974, 1, NULL, NULL, NULL, NULL, NULL, NULL, 'FREDERICO ASSIS TORRES', NULL, 'frederico.assis@skic.com', NULL, NULL, NULL, NULL, NULL, NULL, 2, '2021-10-05 14:09:31', 0, 0, 0, NULL, NULL, NULL),
	(2975, 1, NULL, NULL, NULL, NULL, NULL, NULL, 'IVAN FERREIRA ALVES', NULL, 'ivan.ferreira@skic.com', NULL, NULL, NULL, NULL, NULL, NULL, 2, '2021-10-07 13:22:28', 0, 0, 0, NULL, NULL, NULL),
	(2976, 1, NULL, NULL, NULL, NULL, NULL, NULL, 'ERNESTO DE SOUSA MELO LOPES', NULL, 'ernesto.desouza@skic.com', NULL, NULL, NULL, NULL, NULL, NULL, 2, '2021-10-07 13:24:06', 0, 0, 0, NULL, NULL, NULL),
	(2977, 1, NULL, NULL, NULL, NULL, NULL, NULL, 'CARLOS FERREIRA RODRIGUES', NULL, ' carlos.ferreira@skic.com', NULL, NULL, NULL, NULL, NULL, NULL, 2, '2021-10-20 13:37:05', 0, 0, 0, NULL, NULL, NULL),
	(2978, 1, NULL, NULL, NULL, NULL, NULL, NULL, 'EBERSON GUIMARAES CAPANEMA', NULL, 'eberson.guimaraes@skic.com', NULL, NULL, NULL, NULL, NULL, NULL, 2, '2021-10-20 13:38:59', 0, 0, 0, NULL, NULL, NULL),
	(2979, 1, NULL, NULL, NULL, NULL, NULL, NULL, 'VALTER SILVA SOARES', NULL, 'valter.silva@skic.com', NULL, NULL, NULL, NULL, NULL, NULL, 2, '2021-10-22 14:29:52', 0, 0, 0, NULL, NULL, NULL),
	(2980, 1, NULL, NULL, NULL, NULL, NULL, NULL, 'RODRIGO RODRIGUES DE JESUS', NULL, 'rodrigo.rodrigues@skic.com', NULL, NULL, NULL, NULL, NULL, NULL, 1, '2021-11-08 10:14:36', 0, 0, 0, NULL, NULL, NULL),
	(2981, 1, NULL, NULL, NULL, NULL, NULL, NULL, 'ANDERSON ANTONIO VIEIRA', NULL, 'anderson.vieira@skic.com', NULL, NULL, NULL, NULL, NULL, NULL, 2, '2021-12-13 11:39:25', 0, 0, 0, NULL, NULL, NULL),
	(2982, 1, NULL, NULL, NULL, NULL, NULL, NULL, 'VINICIUS SOUZA DE OLIVEIRA', NULL, 'vinicius.souza@skic.com', NULL, NULL, NULL, NULL, NULL, NULL, 2, '2022-01-10 15:57:04', 0, 0, 0, NULL, NULL, NULL),
	(2983, 1, NULL, NULL, NULL, NULL, NULL, NULL, 'ESLAN DE JESUS ANTUNES', NULL, 'eslan.antunes@skic.com', NULL, NULL, NULL, NULL, NULL, NULL, 2, '2022-01-11 10:28:37', 0, 0, 0, NULL, NULL, NULL),
	(2984, 1, NULL, NULL, NULL, NULL, NULL, NULL, 'ANDREZZA MAYARA DA SILVA MELO', NULL, 'andrezza.melo@skic.com', NULL, NULL, NULL, NULL, NULL, NULL, 1, '2022-02-23 13:49:21', 0, 0, 0, NULL, NULL, NULL),
	(2985, 1, NULL, NULL, NULL, NULL, NULL, NULL, 'ALEXANDRE GAMA CIOFFI', NULL, 'alexandre.gama@skic.com', NULL, NULL, NULL, NULL, NULL, NULL, 2, '2022-02-23 13:51:09', 0, 0, 0, NULL, NULL, NULL),
	(2986, 1, NULL, NULL, NULL, NULL, NULL, NULL, 'MARCO SUEL VICENTE DE LANDES', NULL, 'marco.vicente@skic.com', NULL, NULL, NULL, NULL, NULL, NULL, 2, '2022-02-23 16:25:44', 0, 0, 0, NULL, NULL, NULL),
	(2987, 1, NULL, NULL, NULL, NULL, NULL, NULL, 'DIEGO LIMA GOMES', NULL, 'diego.lima@skic.com', NULL, NULL, NULL, NULL, NULL, NULL, 1, '2022-03-09 16:35:14', 0, 0, 0, NULL, NULL, NULL),
	(2988, 1, NULL, NULL, NULL, NULL, NULL, NULL, 'DEBORA CANDIDO CORREIA', NULL, 'debora.correia@maxifrota.com.br>', NULL, NULL, NULL, NULL, NULL, NULL, 2, '2022-05-23 14:18:47', 0, 0, 0, NULL, NULL, NULL),
	(2989, 1, NULL, NULL, NULL, NULL, NULL, NULL, 'CARLOS MAGNO DOS SANTOS', NULL, 'carlos.dossantos@skic.com', NULL, NULL, NULL, NULL, NULL, NULL, 2, '2022-05-23 14:25:55', 0, 0, 0, NULL, NULL, NULL),
	(2990, 1, NULL, NULL, NULL, NULL, NULL, NULL, 'VITÓRIA KAROLINE CARVALHO DE SOUSA', NULL, 'vitoria.sousa@skic.com', NULL, NULL, NULL, NULL, NULL, NULL, 1, '2022-06-28 15:10:39', 0, 0, 0, NULL, NULL, NULL),
	(2991, 219, NULL, NULL, NULL, NULL, NULL, NULL, 'CRISTINA LARA ZANELLA', NULL, 'cristina.zanella@skic.com', NULL, NULL, NULL, NULL, NULL, NULL, 2, '2022-06-30 14:36:43', 0, 0, 0, NULL, NULL, NULL),
	(2992, 219, NULL, NULL, NULL, NULL, NULL, NULL, 'MARCIA CRISTINA PINTO DOS SANTOS', NULL, 'marcia.santos@skic.com', NULL, NULL, NULL, NULL, NULL, NULL, 1, '2022-07-11 17:02:37', 0, 0, 0, NULL, NULL, NULL),
	(2993, 219, NULL, NULL, NULL, NULL, NULL, NULL, 'CLEDJON JOSE DOS SANTOS', NULL, 'cledjon.dossantos@skic.com', NULL, NULL, NULL, NULL, NULL, NULL, 2, '2022-08-03 12:24:29', 0, 0, 0, NULL, NULL, NULL),
	(2994, 219, NULL, NULL, NULL, NULL, NULL, NULL, 'CLEDJON JOSE DOS SANTOS', NULL, 'cledjon.dossantos@skic.com', NULL, NULL, NULL, NULL, NULL, NULL, 2, '2022-08-03 12:29:49', 0, 0, 0, NULL, NULL, NULL),
	(2996, 219, NULL, NULL, NULL, NULL, NULL, NULL, 'IVAN FERREIRA ALVES', NULL, 'ivan.ferreira@skic.com', NULL, NULL, NULL, NULL, NULL, NULL, 2, '2022-09-08 16:20:08', 0, 0, 0, NULL, NULL, NULL),
	(2997, 219, NULL, NULL, NULL, NULL, NULL, NULL, 'GLEISER SOARES COSTA', NULL, 'gleiser.soares@skic.com', NULL, NULL, NULL, NULL, NULL, NULL, 2, '2022-09-09 11:43:11', 0, 0, 0, NULL, NULL, NULL),
	(2998, 219, NULL, NULL, NULL, NULL, NULL, NULL, 'ROLDAO GODOI DA ROSA', NULL, 'roldao.godoi@skic.com', NULL, NULL, NULL, NULL, NULL, NULL, 2, '2022-09-23 11:17:12', 0, 0, 0, NULL, NULL, NULL),
	(2999, 219, NULL, NULL, NULL, NULL, NULL, NULL, 'DIOGENES BATISTA MARQUES', NULL, 'diogenes.batista@skic.com', NULL, NULL, NULL, NULL, NULL, NULL, 2, '2022-09-28 10:06:55', 0, 0, 0, NULL, NULL, NULL),
	(3000, 219, NULL, NULL, NULL, NULL, NULL, NULL, 'JEAN CARLOS SIMAO MARGARIDA', NULL, 'jean.simao@skic.com', NULL, NULL, NULL, NULL, NULL, NULL, 1, '2022-10-18 09:07:40', 0, 0, 0, NULL, NULL, NULL),
	(3001, 219, NULL, NULL, NULL, NULL, NULL, NULL, 'PAULO AFONSO ANTUNES PEDROSA', NULL, 'paulo.pedrosa@skic.com', NULL, NULL, NULL, NULL, NULL, NULL, 1, '2022-11-07 09:45:53', 0, 0, 0, NULL, NULL, NULL),
	(3002, 219, NULL, NULL, NULL, NULL, NULL, NULL, 'JANARY SANTANA', NULL, 'janary.santana@skic.com', NULL, NULL, NULL, NULL, NULL, NULL, 1, '2022-11-16 11:45:04', 0, 0, 0, NULL, NULL, NULL),
	(3003, 219, NULL, NULL, NULL, NULL, NULL, NULL, 'SILMARA DOMINGOS', NULL, 'silmara.domingos@skic.com', NULL, NULL, NULL, NULL, NULL, NULL, 1, '2022-11-16 11:45:58', 0, 0, 0, NULL, NULL, NULL),
	(3004, 219, NULL, NULL, NULL, NULL, NULL, NULL, 'GLEYSON DE OLIVEIRA', NULL, 'gleyson.oliveira@skic.com', NULL, NULL, NULL, NULL, NULL, NULL, 2, '2022-11-16 11:46:53', 0, 0, 0, NULL, NULL, NULL),
	(3005, 219, NULL, NULL, NULL, NULL, NULL, NULL, 'CRISTIANO FONSECA DO NASCIMENTO', NULL, 'cristiano.fonseca@skic.com', NULL, NULL, NULL, NULL, NULL, NULL, 1, '2022-11-21 17:42:45', 0, 0, 0, NULL, NULL, NULL),
	(3006, 219, NULL, NULL, NULL, NULL, NULL, NULL, 'KRETELLY DA SILVA SOUSA', NULL, 'kretelly.sousa@skic.com', NULL, NULL, NULL, NULL, NULL, NULL, 1, '2022-12-22 07:34:23', 0, 0, 0, NULL, NULL, NULL),
	(3007, 219, NULL, NULL, NULL, NULL, NULL, NULL, 'CARLOS HENRIQUE BRAGA LEITE', NULL, 'carlos.braga@skic.com', NULL, NULL, NULL, NULL, NULL, NULL, 1, '2022-12-22 07:35:27', 0, 0, 0, NULL, NULL, NULL),
	(3008, 219, NULL, NULL, NULL, NULL, NULL, NULL, 'RAFAEL RODRIGUES BRAGA', NULL, 'rafael.rodrigues@skic.com', NULL, NULL, NULL, NULL, NULL, NULL, 2, '2023-01-10 15:55:55', 0, 0, 0, NULL, NULL, NULL),
	(3009, 219, NULL, NULL, NULL, NULL, NULL, NULL, 'CARLOS MAXIMILIANO DE SOUZA', NULL, 'carlos.souza@skic.com', NULL, NULL, NULL, NULL, NULL, NULL, 1, '2023-01-10 16:52:45', 0, 0, 0, NULL, NULL, NULL),
	(3010, 219, NULL, NULL, NULL, NULL, NULL, NULL, 'ADRIANO LINO DE SANTANA', NULL, 'adriano.desantana@skic.com', NULL, NULL, NULL, NULL, NULL, NULL, 1, '2023-01-26 13:39:51', 0, 0, 0, NULL, NULL, NULL),
	(3011, 219, NULL, NULL, NULL, NULL, NULL, NULL, 'MARIO DOS SANTOS SILVA', NULL, 'mario.silva@skic.com', NULL, NULL, NULL, NULL, NULL, NULL, 2, '2023-01-30 10:27:03', 0, 0, 0, NULL, NULL, NULL),
	(3012, 219, NULL, NULL, NULL, NULL, NULL, NULL, 'GILBERTO GOMES CHAVES', NULL, 'gilberto.gomes@skic.com', NULL, NULL, NULL, NULL, NULL, NULL, 1, '2023-03-15 10:36:41', 0, 0, 0, NULL, NULL, NULL),
	(3013, 219, NULL, NULL, NULL, NULL, NULL, NULL, 'DIOGO JOSE RODRIGUES', NULL, 'diogo.rodrigues@skic.com', NULL, NULL, NULL, NULL, NULL, NULL, 2, '2023-03-17 13:47:54', 0, 0, 0, NULL, NULL, NULL),
	(3014, 219, NULL, NULL, NULL, NULL, NULL, NULL, 'ALINE RODRIGUES SOUZA', NULL, 'aline.rodrigues@skic.com', NULL, NULL, NULL, NULL, NULL, NULL, 1, '2023-03-28 09:40:02', 0, 0, 0, NULL, NULL, NULL),
	(3015, 219, NULL, NULL, NULL, NULL, NULL, NULL, 'DANILO BERDOLDI', NULL, 'danilo.berdoldi@skic.com', NULL, NULL, NULL, NULL, NULL, NULL, 1, '2023-03-30 12:00:51', 0, 0, 0, NULL, NULL, NULL),
	(3016, 219, NULL, NULL, NULL, NULL, NULL, NULL, 'ROMARIO FEITOSA DOS SANTOS', NULL, 'romario.feitosa@skic.com', NULL, NULL, NULL, NULL, NULL, NULL, 1, '2023-05-23 14:48:39', 0, 0, 0, NULL, NULL, NULL),
	(3017, 219, NULL, NULL, NULL, NULL, NULL, NULL, 'FABIO HENRIQUE RODRIGUES DA SILVA', NULL, 'fabio.rodrigues@skic.com', NULL, NULL, NULL, NULL, NULL, NULL, 1, '2023-06-05 15:03:46', 0, 0, 0, NULL, NULL, NULL),
	(3018, 219, NULL, NULL, NULL, NULL, NULL, NULL, 'CAMILA GONÇALVES DOS SANTOS', NULL, 'camila.goncalves@skic.com', NULL, NULL, NULL, NULL, NULL, NULL, 2, '2023-06-14 07:43:16', 0, 0, 0, NULL, NULL, NULL),
	(3019, 1, NULL, NULL, NULL, NULL, NULL, NULL, 'DANIEL ROCHA SOBRINHO', NULL, 'daniel.rocha@skic.com', NULL, NULL, NULL, NULL, NULL, NULL, 2, '2023-06-22 10:28:04', 0, 0, 0, NULL, NULL, NULL),
	(3020, 1, NULL, NULL, NULL, NULL, NULL, NULL, 'YARGO SOARES SANTOS', NULL, 'yargo.soares@skic.com', NULL, NULL, NULL, NULL, NULL, NULL, 1, '2023-06-28 16:12:10', 0, 0, 0, NULL, NULL, NULL),
	(3021, 219, NULL, NULL, NULL, NULL, NULL, NULL, 'ARNALDO RIBEIRO DOS SANTOS ', NULL, 'arnaldo.ribeiro@skic.com', NULL, NULL, NULL, NULL, NULL, NULL, 1, '2023-07-10 10:38:54', 0, 0, 0, NULL, NULL, NULL),
	(3022, 219, NULL, NULL, NULL, NULL, NULL, NULL, 'LUIZ MARTINS SILVEIRA JUNIOR', NULL, 'luiz.martins@skic.com', NULL, NULL, NULL, NULL, NULL, NULL, 2, '2023-07-26 16:00:21', 0, 0, 0, NULL, NULL, NULL),
	(3023, 219, NULL, NULL, NULL, NULL, NULL, NULL, 'MARCO GUERRERO', NULL, 'marco.guerrero@skic.com', NULL, NULL, NULL, NULL, NULL, NULL, 1, '2023-08-11 14:34:09', 0, 0, 0, NULL, NULL, NULL),
	(3024, 219, NULL, NULL, NULL, NULL, NULL, NULL, 'ANGELO RECLA JUNIOR', NULL, 'angelo.recla@skic.com', NULL, NULL, NULL, NULL, NULL, NULL, 1, '2023-08-31 09:38:39', 0, 0, 0, NULL, NULL, NULL),
	(3025, 219, NULL, NULL, NULL, NULL, NULL, NULL, 'EZEQUIEL PEREIRA ANTUNES', NULL, 'ezequiel.pereira@skic.com', NULL, NULL, NULL, NULL, NULL, NULL, 1, '2023-09-14 07:29:17', 0, 0, 0, NULL, NULL, NULL),
	(3026, 219, NULL, NULL, NULL, NULL, NULL, NULL, 'FERNÃO LENARDUZZI MACHADO', NULL, 'fernao.lenarduzzi@skic.com', NULL, NULL, NULL, NULL, NULL, NULL, 1, '2023-09-15 10:52:05', 0, 0, 0, NULL, NULL, NULL),
	(3027, 219, NULL, NULL, NULL, NULL, NULL, NULL, 'DANIELLE SALOMÃO JOSÉ', NULL, 'danielle.salomao@externos.skic.com', NULL, NULL, NULL, NULL, NULL, NULL, 1, '2023-09-27 12:04:35', 0, 0, 0, NULL, NULL, NULL),
	(3028, 219, NULL, NULL, NULL, NULL, NULL, NULL, 'GEORGE VIANA BARRETTO', NULL, 'george.viana@skic.com', NULL, NULL, NULL, NULL, NULL, NULL, 1, '2023-09-29 17:09:06', 0, 0, 0, NULL, NULL, NULL),
	(3029, 219, NULL, NULL, NULL, NULL, NULL, NULL, 'ANDERSON LIMA MENDONÇA', NULL, 'anderson.mendonca@skic.com', NULL, NULL, NULL, NULL, NULL, NULL, 1, '2023-10-17 15:28:03', 0, 0, 0, NULL, NULL, NULL),
	(3030, 219, NULL, NULL, NULL, NULL, NULL, NULL, 'THALES RAMALHO ALVES PEREIRA', NULL, 'thales.ramalho@skic.com', NULL, NULL, NULL, NULL, NULL, NULL, 1, '2023-10-26 15:25:51', 0, 0, 0, NULL, NULL, NULL),
	(3031, 1, NULL, NULL, NULL, NULL, NULL, NULL, 'FELIPE TEIXEIRA DANTAS', NULL, 'felipe.dantas@skic.com', NULL, NULL, NULL, NULL, NULL, NULL, 1, '2023-11-18 09:25:05', 0, 0, 0, NULL, NULL, NULL),
	(3032, 219, NULL, NULL, NULL, NULL, NULL, NULL, 'MATHEUS ALVES DE SOUSA', NULL, 'matheus.alves@skic.com', NULL, NULL, NULL, NULL, NULL, NULL, 1, '2023-11-29 16:11:12', 0, 0, 0, NULL, NULL, NULL),
	(3033, 219, NULL, NULL, NULL, NULL, NULL, NULL, 'HENRIQUE GONÇALVES', NULL, 'henrique.goncalves@skic.com', NULL, NULL, NULL, NULL, NULL, NULL, 1, '2023-12-12 08:58:16', 0, 0, 0, NULL, NULL, NULL),
	(3034, 219, NULL, NULL, NULL, NULL, NULL, NULL, 'MARCELO INACIO DIAS', NULL, 'marcelo.dias@skic.com', NULL, NULL, NULL, NULL, NULL, NULL, 1, '2023-12-28 10:01:57', 0, 0, 0, NULL, NULL, NULL),
	(3035, 219, NULL, NULL, NULL, NULL, NULL, NULL, 'ERICO FABIANO SANTOS CHAVES', NULL, 'erico.santos@skic.com', NULL, NULL, NULL, NULL, NULL, NULL, 1, '2024-01-15 09:17:48', 0, 0, 0, NULL, NULL, NULL),
	(3036, 219, NULL, NULL, NULL, NULL, NULL, NULL, 'CHARLES PEREIRA DE OLIVEIRA', NULL, 'charles.oliveira@skic.com', NULL, NULL, NULL, NULL, NULL, NULL, 1, '2024-01-23 10:55:07', 0, 0, 0, NULL, NULL, NULL),
	(3037, 219, NULL, NULL, NULL, NULL, NULL, NULL, 'MARIA CECILIA DIAS DOS SANTOS', NULL, 'maria.dias@skic.com', NULL, NULL, NULL, NULL, NULL, NULL, 1, '2024-01-23 14:56:33', 0, 0, 0, NULL, NULL, NULL),
	(3038, 219, NULL, NULL, NULL, NULL, NULL, NULL, 'ANTONINO TEIXEIRA PINTO', NULL, 'antonino.teixeira@skic.com', NULL, NULL, NULL, NULL, NULL, NULL, 1, '2024-02-06 13:30:39', 0, 0, 0, NULL, NULL, NULL),
	(3039, 219, NULL, NULL, NULL, NULL, NULL, NULL, 'WANER HUBERT', NULL, 'whubert.wh@skic.com', NULL, NULL, NULL, NULL, NULL, NULL, 1, '2024-04-05 09:06:23', 0, 0, 0, NULL, NULL, NULL),
	(3040, 219, NULL, NULL, NULL, NULL, NULL, NULL, 'ANDERSON ARAUJO DOS SANTOS', NULL, 'anderson.araujo@skic.com', NULL, NULL, NULL, NULL, NULL, NULL, 1, '2024-04-08 09:09:59', 0, 0, 0, NULL, NULL, NULL),
	(3041, 219, NULL, NULL, NULL, NULL, NULL, NULL, 'WESLEY OLIVEIRA FELICIANO', NULL, 'wesley.oliveira@skic.com', NULL, NULL, NULL, NULL, NULL, NULL, 1, '2024-04-22 09:53:18', 0, 0, 0, NULL, NULL, NULL),
	(3042, 219, NULL, NULL, NULL, NULL, NULL, NULL, 'PATRICK DAMIAO DE FREITAS PEREIRA', NULL, 'patrick.freitas@skic.com', NULL, NULL, NULL, NULL, NULL, NULL, 1, '2024-05-15 08:00:38', 0, 0, 0, NULL, NULL, NULL),
	(3043, 219, NULL, NULL, NULL, NULL, NULL, NULL, 'JIVALDO LIMA PINTO FILHO', NULL, 'jivaldo.lima@skic.com', NULL, NULL, NULL, NULL, NULL, NULL, 1, '2024-05-27 15:15:58', 0, 0, 0, NULL, NULL, NULL);
/*!40000 ALTER TABLE `persons` ENABLE KEYS */;

-- Copiando estrutura para tabela toll_db.projects
CREATE TABLE IF NOT EXISTS `projects` (
  `id` int(11) NOT NULL AUTO_INCREMENT,
  `client_id` int(11) DEFAULT NULL,
  `trade_id` int(11) unsigned DEFAULT NULL,
  `code` varchar(20) DEFAULT NULL,
  `contract_number` varchar(30) DEFAULT NULL,
  `signature_date` date DEFAULT NULL,
  `coi` varchar(30) DEFAULT NULL,
  `licence` varchar(30) DEFAULT NULL,
  `name` varchar(120) DEFAULT NULL,
  `project_manager` varchar(50) DEFAULT NULL,
  `start_date` date DEFAULT NULL,
  `contract_value` decimal(12,2) DEFAULT NULL,
  `finish_date` date DEFAULT NULL,
  `street` varchar(80) DEFAULT NULL,
  `city` varchar(50) DEFAULT NULL,
  `state` varchar(50) DEFAULT NULL,
  `country` varchar(50) DEFAULT NULL,
  `zip_code` varchar(20) DEFAULT NULL,
  `is_activated` int(11) DEFAULT '1',
  `created_at` timestamp NULL DEFAULT CURRENT_TIMESTAMP,
  `updated_at` timestamp NULL DEFAULT NULL,
  `deleted_at` timestamp NULL DEFAULT NULL,
  PRIMARY KEY (`id`),
  KEY `client_id_fk123x` (`client_id`),
  KEY `trade_id_fk100` (`trade_id`),
  CONSTRAINT `client_id_fk123x` FOREIGN KEY (`client_id`) REFERENCES `clients` (`id`),
  CONSTRAINT `trade_id_fk100` FOREIGN KEY (`trade_id`) REFERENCES `trades` (`id`)
) ENGINE=InnoDB AUTO_INCREMENT=43 DEFAULT CHARSET=utf8;

-- Copiando dados para a tabela toll_db.projects: ~22 rows (aproximadamente)
/*!40000 ALTER TABLE `projects` DISABLE KEYS */;
INSERT INTO `projects` (`id`, `client_id`, `trade_id`, `code`, `contract_number`, `signature_date`, `coi`, `licence`, `name`, `project_manager`, `start_date`, `contract_value`, `finish_date`, `street`, `city`, `state`, `country`, `zip_code`, `is_activated`, `created_at`, `updated_at`, `deleted_at`) VALUES
	(40, 13, 1, '0011', '6456789', '2024-12-02', NULL, NULL, 'AFTAS RUGAS', 'JOHN BUIUD', '2024-12-03', 1000000000.00, '2026-10-15', '99 VIEW STREE', 'MIAMI', 'FLORIDA', 'EUA', '11553213', 1, '2024-12-19 18:08:44', '2024-12-21 12:23:35', NULL),
	(41, 13, 7, '0022', '887788', '2023-12-04', NULL, NULL, 'OMEGA 3 ORAPRONOBIS', 'MIGUEL NETO', '1970-10-16', 1000000000.00, '2025-01-08', '80 ST', 'JUREIA', 'NEW YORK', 'EUA', '135', 1, '2024-12-19 19:19:12', '2024-12-21 12:24:49', NULL),
	(42, 18, 3, 'SGE123', '999999', '2024-12-20', NULL, NULL, 'SIST FROTAS LTES XYZ', 'USBERT', '2025-01-01', 165485.00, '2026-01-01', 'RUA ERMELINDA C PENHA, 19', 'VILA VELHA', 'ES', 'BRASIL', '29105-260', 1, '2024-12-20 12:27:55', '2024-12-21 12:23:56', NULL);
/*!40000 ALTER TABLE `projects` ENABLE KEYS */;

-- Copiando estrutura para tabela toll_db.project_activities
CREATE TABLE IF NOT EXISTS `project_activities` (
  `id` int(10) unsigned NOT NULL AUTO_INCREMENT,
  `field_activity_id` int(10) unsigned NOT NULL,
  `project_id` int(11) NOT NULL,
  `is_activated` int(10) unsigned DEFAULT '1',
  PRIMARY KEY (`id`),
  KEY `cd_contaativ_fccc1` (`field_activity_id`),
  KEY `cd_projeto_fccc1` (`project_id`),
  CONSTRAINT `cd_contaativ_fccc1` FOREIGN KEY (`field_activity_id`) REFERENCES `field_activities` (`id`),
  CONSTRAINT `cd_projeto_fccc1` FOREIGN KEY (`project_id`) REFERENCES `projects` (`id`)
) ENGINE=InnoDB AUTO_INCREMENT=505 DEFAULT CHARSET=latin1 COLLATE=latin1_general_ci;

-- Copiando dados para a tabela toll_db.project_activities: ~0 rows (aproximadamente)
/*!40000 ALTER TABLE `project_activities` DISABLE KEYS */;
/*!40000 ALTER TABLE `project_activities` ENABLE KEYS */;

-- Copiando estrutura para tabela toll_db.project_clients
CREATE TABLE IF NOT EXISTS `project_clients` (
  `id` int(11) unsigned NOT NULL AUTO_INCREMENT,
  `client_id` int(11) NOT NULL,
  `address_id` int(11) unsigned NOT NULL,
  `prefix_code` varchar(20) NOT NULL,
  `is_activated` int(11) DEFAULT '1',
  `dt_datareg` timestamp NULL DEFAULT CURRENT_TIMESTAMP,
  `created_at` timestamp NULL DEFAULT NULL,
  `deleted_at` timestamp NULL DEFAULT NULL,
  `updated_at` timestamp NULL DEFAULT NULL,
  PRIMARY KEY (`id`),
  KEY `cd_clienteproj_fkma` (`client_id`),
  KEY `address_id_fka` (`address_id`),
  CONSTRAINT `address_id_fka` FOREIGN KEY (`address_id`) REFERENCES `addresses` (`id`),
  CONSTRAINT `cd_clienteproj_fkma` FOREIGN KEY (`client_id`) REFERENCES `clients` (`id`)
) ENGINE=InnoDB AUTO_INCREMENT=39 DEFAULT CHARSET=latin1;

-- Copiando dados para a tabela toll_db.project_clients: ~7 rows (aproximadamente)
/*!40000 ALTER TABLE `project_clients` DISABLE KEYS */;
INSERT INTO `project_clients` (`id`, `client_id`, `address_id`, `prefix_code`, `is_activated`, `dt_datareg`, `created_at`, `deleted_at`, `updated_at`) VALUES
	(32, 2, 7, 'PROJ001', 1, '2024-09-24 16:54:28', NULL, NULL, NULL),
	(33, 3, 5, 'PROJ002', 1, '2024-09-24 16:54:43', NULL, NULL, NULL),
	(34, 3, 6, 'PROJ003', 1, '2024-09-24 16:54:53', NULL, NULL, NULL),
	(35, 3, 8, 'PROJ004', 1, '2024-09-24 16:55:05', NULL, NULL, NULL),
	(36, 9, 9, 'PROJ007', 1, '2024-09-24 16:55:22', NULL, NULL, NULL),
	(37, 4, 10, 'PROJ005', 1, '2024-09-24 16:55:35', NULL, NULL, NULL),
	(38, 7, 10, 'PROJ006', 1, '2024-09-24 16:56:06', NULL, NULL, NULL);
/*!40000 ALTER TABLE `project_clients` ENABLE KEYS */;

-- Copiando estrutura para tabela toll_db.project_locations
CREATE TABLE IF NOT EXISTS `project_locations` (
  `id` int(11) unsigned NOT NULL AUTO_INCREMENT,
  `name` varchar(100) DEFAULT NULL,
  `is_activated` int(11) unsigned NOT NULL DEFAULT '1',
  `project_id` int(11) DEFAULT NULL,
  `created_at` timestamp NULL DEFAULT NULL,
  `deleted_at` timestamp NULL DEFAULT NULL,
  `updated_at` timestamp NULL DEFAULT NULL,
  PRIMARY KEY (`id`),
  KEY `cd_projeto_kdkal` (`project_id`),
  CONSTRAINT `cd_projeto_kdkal` FOREIGN KEY (`project_id`) REFERENCES `projects` (`id`)
) ENGINE=InnoDB AUTO_INCREMENT=81 DEFAULT CHARSET=latin1;

-- Copiando dados para a tabela toll_db.project_locations: ~0 rows (aproximadamente)
/*!40000 ALTER TABLE `project_locations` DISABLE KEYS */;
/*!40000 ALTER TABLE `project_locations` ENABLE KEYS */;

-- Copiando estrutura para tabela toll_db.project_supervisors
CREATE TABLE IF NOT EXISTS `project_supervisors` (
  `id` int(11) unsigned NOT NULL AUTO_INCREMENT,
  `supervisor_id` int(11) unsigned NOT NULL,
  `project_id` int(11) NOT NULL,
  `is_activated` int(11) unsigned NOT NULL DEFAULT '1',
  PRIMARY KEY (`id`),
  KEY `cd_supervisor_fkmot` (`supervisor_id`),
  KEY `cd_projeto_spv2` (`project_id`),
  CONSTRAINT `cd_projeto_spv2` FOREIGN KEY (`project_id`) REFERENCES `projects` (`id`),
  CONSTRAINT `cd_supervisor_fkmot` FOREIGN KEY (`supervisor_id`) REFERENCES `supervisors` (`id`)
) ENGINE=InnoDB AUTO_INCREMENT=178 DEFAULT CHARSET=latin1;

-- Copiando dados para a tabela toll_db.project_supervisors: ~0 rows (aproximadamente)
/*!40000 ALTER TABLE `project_supervisors` DISABLE KEYS */;
/*!40000 ALTER TABLE `project_supervisors` ENABLE KEYS */;

-- Copiando estrutura para tabela toll_db.statuses
CREATE TABLE IF NOT EXISTS `statuses` (
  `id` int(10) unsigned NOT NULL AUTO_INCREMENT,
  `id_veic_status` char(1) DEFAULT NULL,
  `name` varchar(80) DEFAULT NULL,
  `is_activated` int(10) unsigned DEFAULT '1',
  PRIMARY KEY (`id`)
) ENGINE=InnoDB AUTO_INCREMENT=7 DEFAULT CHARSET=utf8;

-- Copiando dados para a tabela toll_db.statuses: ~6 rows (aproximadamente)
/*!40000 ALTER TABLE `statuses` DISABLE KEYS */;
INSERT INTO `statuses` (`id`, `id_veic_status`, `name`, `is_activated`) VALUES
	(1, 'M', 'MOBILIZADO', 1),
	(2, 'D', 'DESMOBILIZADO', 1),
	(3, 'P', 'PARALISADO POR TEMPO INDETERMINADO', 0),
	(4, 'V', 'PROGRAMADO PARA VENDA', 0),
	(5, 'T', 'EQUIPAMENTO EM TRANSITO', 0),
	(6, 'A', 'AGUARDANDO MOBILIZAÇÃO', 1);
/*!40000 ALTER TABLE `statuses` ENABLE KEYS */;

-- Copiando estrutura para tabela toll_db.supervisors
CREATE TABLE IF NOT EXISTS `supervisors` (
  `id` int(11) unsigned NOT NULL AUTO_INCREMENT,
  `name` varchar(100) DEFAULT NULL,
  `is_activated` int(11) unsigned NOT NULL DEFAULT '1',
  `cd_projeto` int(11) DEFAULT NULL,
  `created_at` timestamp NULL DEFAULT NULL,
  `deleted_at` timestamp NULL DEFAULT NULL,
  `updated_at` timestamp NULL DEFAULT NULL,
  PRIMARY KEY (`id`),
  KEY `cd_projeto_fkks` (`cd_projeto`),
  CONSTRAINT `cd_projeto_fkks` FOREIGN KEY (`cd_projeto`) REFERENCES `projects` (`id`)
) ENGINE=InnoDB AUTO_INCREMENT=166 DEFAULT CHARSET=latin1;

-- Copiando dados para a tabela toll_db.supervisors: ~163 rows (aproximadamente)
/*!40000 ALTER TABLE `supervisors` DISABLE KEYS */;
INSERT INTO `supervisors` (`id`, `name`, `is_activated`, `cd_projeto`, `created_at`, `deleted_at`, `updated_at`) VALUES
	(1, 'JOSEVALDO COSTA', 0, NULL, NULL, NULL, NULL),
	(2, 'DOMINGOS GOMES BATISTA', 1, NULL, NULL, NULL, NULL),
	(3, 'ALESSANDRO SOARES DE ASSIS', 0, NULL, NULL, NULL, NULL),
	(4, 'ALEXANDRO ROCHA RIBEIRO', 1, NULL, NULL, NULL, NULL),
	(5, 'EVERALDO JOSE DA SILVA', 0, NULL, NULL, NULL, NULL),
	(6, 'REGINALDO ALEXANDRE DA SILVA', 1, NULL, NULL, NULL, NULL),
	(7, 'ROBERTO  PINTO FERREIRA', 0, NULL, NULL, NULL, NULL),
	(8, 'JULIO CESAR CANDIDO GOMES', 1, NULL, NULL, NULL, NULL),
	(9, 'RODOLFO LUIS DE SOUZA MEIRELES', 0, NULL, NULL, NULL, NULL),
	(10, 'JEAN CARLOS DA SILVA RAMOS', 1, NULL, NULL, NULL, NULL),
	(11, 'KELIQUE ROBERTO CARL', 1, NULL, NULL, NULL, NULL),
	(12, 'ALTIVO MOURA CORREA', 1, NULL, NULL, NULL, NULL),
	(13, 'VAGNESTON RODRIGUES ALVES', 1, NULL, NULL, NULL, NULL),
	(14, 'JANILSON RODRIGUES DOS SANTOS', 1, NULL, NULL, NULL, NULL),
	(15, 'MICHEL ANGELO DE SOUZA', 1, NULL, NULL, NULL, NULL),
	(16, 'ROBERTO FRANCISCO DE SOUZA', 1, NULL, NULL, NULL, NULL),
	(17, 'ADENILSON NUNES REIS', 1, NULL, NULL, NULL, NULL),
	(18, 'KAIK DA SILVA ROCHA', 0, NULL, NULL, NULL, NULL),
	(19, 'WELINTON PEREIRA DA SILVA', 0, NULL, NULL, NULL, NULL),
	(20, 'ANTONIO MARCOS BATISTA DOS SANTOS ', 0, NULL, NULL, NULL, NULL),
	(21, 'FRANCISCO CARLOS SAMPAIO', 1, NULL, NULL, NULL, NULL),
	(22, 'JOSE LAZARO NEVES FILHO', 0, NULL, NULL, NULL, NULL),
	(23, 'WASHIGNTON DE JESUS COSTA SILVA', 1, NULL, NULL, NULL, NULL),
	(24, 'ROQUE MEDEIROS DOS ANJOS', 0, NULL, NULL, NULL, NULL),
	(25, 'WELLINGTON DA SILVA COSTA', 0, NULL, NULL, NULL, NULL),
	(26, 'LUIZ FRANCISCO DA SILVA', 1, NULL, NULL, NULL, NULL),
	(27, 'CARLOS CESAR PEREIRA', 0, NULL, NULL, NULL, NULL),
	(28, 'CARLOS HENRIQUE COELHO GARCIA', 0, NULL, NULL, NULL, NULL),
	(29, 'DOUGLAS ANIZIO PINHEIRO', 0, NULL, NULL, NULL, NULL),
	(30, 'DURVALINO JOSE DE LIMA', 0, NULL, NULL, NULL, NULL),
	(31, 'EDILON CARLOS GUIMARAES DE SOUSA', 1, NULL, NULL, NULL, NULL),
	(32, 'ERNANDES DA SOLIDADE', 0, NULL, NULL, NULL, NULL),
	(33, 'EZAQUEU ANTUNES', 1, NULL, NULL, NULL, NULL),
	(34, 'FRANCISCO CONSTANTINO', 1, NULL, NULL, NULL, NULL),
	(35, 'GILDO SANTOS SOARES', 0, NULL, NULL, NULL, NULL),
	(36, 'GIOVANI DOS SANTOS FURTADO', 0, NULL, NULL, NULL, NULL),
	(37, 'ISAIAS DOS SANTOS RODRIGUES', 0, NULL, NULL, NULL, NULL),
	(38, 'JOSE LEANDRO DA SILVA', 0, NULL, NULL, NULL, NULL),
	(39, 'LUIZ GONZAGA DA SILVA FILHO', 0, NULL, NULL, NULL, NULL),
	(40, 'MARCIO LUIZ SOARES SANTOS BAPTISTA', 0, NULL, NULL, NULL, NULL),
	(41, 'OSMAR YUNES JUNIOR', 0, NULL, NULL, NULL, NULL),
	(42, 'VALDECIR SALLA', 1, NULL, NULL, NULL, NULL),
	(43, 'WALLEN EVERTON SANTOS DE FARIA PINTO', 0, NULL, NULL, NULL, NULL),
	(44, 'WANDERSON FERREIRA DA SILVA', 0, NULL, NULL, NULL, NULL),
	(45, 'NÃO DEFINIDO', 1, NULL, NULL, NULL, NULL),
	(46, 'PAULO AKIRA SAKAMOTO', 1, NULL, NULL, NULL, NULL),
	(48, 'ARMANDO SEGALA HAAS', 0, NULL, NULL, NULL, NULL),
	(49, 'ROLDAO GODOI DA ROSA', 1, NULL, NULL, NULL, NULL),
	(50, 'ANDRE TEDDY GIFFORD', 0, NULL, NULL, NULL, NULL),
	(51, 'BRUNO FRANCISCO DE SOUZA NASCIMENTO', 1, NULL, NULL, NULL, NULL),
	(52, 'LUIZ ATAIDE BARROS FONSECA', 0, NULL, NULL, NULL, NULL),
	(53, 'PEDRO HENRIQUE RIOS DE REZENDE', 0, NULL, NULL, NULL, NULL),
	(54, 'JANILSON RODRIGUES DOS SANTOS', 1, NULL, NULL, NULL, NULL),
	(55, 'EWERTON SANDI VALERIO', 1, NULL, NULL, NULL, NULL),
	(56, 'NILTON PECANHA DE SOUZA', 0, NULL, NULL, NULL, NULL),
	(57, 'JEAN ROBERTO DOS SANTOS', 1, NULL, NULL, NULL, NULL),
	(58, 'CLAUDIO APARISSO MARQUES', 1, NULL, NULL, NULL, NULL),
	(59, 'MAURO CELSO AMORIM FLORINDO', 0, NULL, NULL, NULL, NULL),
	(60, 'MARCO ANTONIO BATISTA DE ALMEIDA', 0, NULL, NULL, NULL, NULL),
	(61, 'ANDERSON ANTONIO VIEIRA', 1, NULL, NULL, NULL, NULL),
	(62, 'ANTONIO JORGE CURTY', 1, NULL, NULL, NULL, NULL),
	(63, 'BRUNNO CESAR SILVESTRINI', 1, NULL, NULL, NULL, NULL),
	(64, 'PATRICIO DANIEL MUNOZ SULANTAY', 0, NULL, NULL, NULL, NULL),
	(65, 'FRANCISCO MARIUBA DE OLIVEIRA', 1, NULL, NULL, NULL, NULL),
	(66, 'CRISTIANO MASSARO', 0, NULL, NULL, NULL, NULL),
	(67, 'JONATAS MELO DA SILVA', 1, NULL, NULL, NULL, NULL),
	(68, 'DILOMAR FLOR MASSOTTI', 1, NULL, NULL, NULL, NULL),
	(69, 'JERSINO SILVA BARBOSA', 1, NULL, NULL, NULL, NULL),
	(70, 'LINDOMAR FERNANDES SILVA', 1, NULL, NULL, NULL, NULL),
	(71, 'NELTON FERNANDES FERREIRA LOPES', 1, NULL, NULL, NULL, NULL),
	(72, 'REGINALDO ALEXANDRE DA SILVA', 1, NULL, NULL, NULL, NULL),
	(73, 'RONALDO MIRANDA JUNIOR', 1, NULL, NULL, NULL, NULL),
	(74, 'JOSE RONEY RIBEIRO', 1, NULL, NULL, NULL, NULL),
	(75, 'GERALDO DE CASTRO FILHO', 1, NULL, NULL, NULL, NULL),
	(76, 'JOSÉ ANDRÉ DO NASCIMENTO', 1, NULL, NULL, NULL, NULL),
	(77, 'JAILTON DA SILVA', 1, NULL, NULL, NULL, NULL),
	(78, 'MAURICIO BIANCHINI FAVARO', 1, NULL, NULL, NULL, NULL),
	(79, 'PAULO SERGIO', 1, NULL, NULL, NULL, NULL),
	(80, 'EDUARDO HENRIQUE MARTINS NASCIMENTO', 1, NULL, NULL, NULL, NULL),
	(81, 'EDISON PAULO DE MORAIS TERCI', 1, NULL, NULL, NULL, NULL),
	(82, 'CELSO CRISTIANO DOS SANTOS', 1, NULL, NULL, NULL, NULL),
	(83, 'OTAVIO BASTOS', 1, NULL, NULL, NULL, NULL),
	(84, 'ANTONIO TADEU DE MELO', 1, NULL, NULL, NULL, NULL),
	(85, 'MARIO LUCENA DE SANTANA', 1, NULL, NULL, NULL, NULL),
	(86, 'CARLOS RICARDO PEREIRA', 1, NULL, NULL, NULL, NULL),
	(87, 'SANDRO ANTONIO ARAUJO DE OLIVEIRA BARROS', 1, NULL, NULL, NULL, NULL),
	(88, 'WANDERSON ALVES TEIXEIRA', 1, NULL, NULL, NULL, NULL),
	(89, 'WILLIAN KNUP VIEIRA', 1, NULL, NULL, NULL, NULL),
	(90, 'CARLOS ALEXANDRE DE SOUSA SILVA', 1, NULL, NULL, NULL, NULL),
	(91, 'DANIEL HERCULANO ZUNIGA ONATE', 1, NULL, NULL, NULL, NULL),
	(92, 'EDSON FRANCISCO PRATES', 1, NULL, NULL, NULL, NULL),
	(93, 'EDVALDO JOSE DA SILVA', 1, NULL, NULL, NULL, NULL),
	(94, 'JORGE LUIZ VIDAL', 1, NULL, NULL, NULL, NULL),
	(95, 'GUSTAVO DE OLIVEIRA DE SOUZA SANTOS', 1, NULL, NULL, NULL, NULL),
	(96, 'ROGÉRIO NUNES DOS SANTOS', 1, NULL, NULL, NULL, NULL),
	(98, 'MARCELO DOS SANTOS SANTANA', 1, NULL, NULL, NULL, NULL),
	(99, 'MARCO AURELIO CABRAL DE QUEIROZ', 1, NULL, NULL, NULL, NULL),
	(100, 'EDSON SANTOS DE SOUZA', 1, NULL, NULL, NULL, NULL),
	(101, 'JOSIEL FRAGA LIMA FILHO', 1, NULL, NULL, NULL, NULL),
	(102, 'LEONARDO MACHADO DO CARMO', 1, NULL, NULL, NULL, NULL),
	(103, 'CARLOS EDUARDO MARIANO SIQUEIRA', 1, NULL, NULL, NULL, NULL),
	(104, 'CARLOS DOS SANTOS DE CRISTO', 1, NULL, NULL, NULL, NULL),
	(105, 'MARCIA CRISTINA PINTO DOS SANTOS', 1, NULL, NULL, NULL, NULL),
	(106, 'GILSON LUIZ MACHADO', 1, NULL, NULL, NULL, NULL),
	(107, 'CRISTIANO FONSECA DO NASCIMENTO', 1, NULL, NULL, NULL, NULL),
	(108, 'AILTON MIOTO', 1, NULL, NULL, NULL, NULL),
	(109, 'VALERIA GOTARDI PESSOA', 1, NULL, NULL, NULL, NULL),
	(110, 'PAULO CEZAR CARDOSO DA SILVA JUNIOR', 1, NULL, NULL, NULL, NULL),
	(111, 'VINICIUS DE SOUZA NASCIMENTO', 1, NULL, NULL, NULL, NULL),
	(112, 'RICARDO MANOEL DA SILVA ROCHA', 1, NULL, NULL, NULL, NULL),
	(113, 'CLAUDIO GONCALVES SEIDEL', 1, NULL, NULL, NULL, NULL),
	(114, 'JOSEANE VICENTE', 1, NULL, NULL, NULL, NULL),
	(115, 'NILTON CESAR DE ANDRADE', 1, NULL, NULL, NULL, NULL),
	(116, 'FABIO ROSA', 1, NULL, NULL, NULL, NULL),
	(117, 'DANIEL DOS SANTOS SILVEROL', 1, NULL, NULL, NULL, NULL),
	(118, 'DIOGENES BATISTA MARQUES', 1, NULL, NULL, NULL, NULL),
	(119, 'LUCIANO BARBOSA DE SOUZA', 1, NULL, NULL, NULL, NULL),
	(120, 'MAYSA MOURA COSTA', 1, NULL, NULL, NULL, NULL),
	(121, 'CLAUDIO JOSE RIBEIRO', 1, NULL, NULL, NULL, NULL),
	(122, 'HECTOR RENE AMENTA', 1, NULL, NULL, NULL, NULL),
	(123, 'GUILHERME FLOR CORNELIO', 1, NULL, NULL, NULL, NULL),
	(124, 'MARCILIO ALVES', 1, NULL, NULL, NULL, NULL),
	(125, 'JOAO MESQUITA JUNIOR', 1, NULL, NULL, NULL, NULL),
	(126, 'MARCELO DE OLIVEIRA CAMPOS', 1, NULL, NULL, NULL, NULL),
	(127, 'JAKSON JOSE LIMA', 1, NULL, NULL, NULL, NULL),
	(128, 'JOSE CAETANO DE SOUZA NETO ', 1, NULL, NULL, NULL, NULL),
	(129, 'MISAEL MELO DA SILVA ', 1, NULL, NULL, NULL, NULL),
	(130, 'LEONARDO FERREIRA GOMES ', 1, NULL, NULL, NULL, NULL),
	(131, 'ANTONIO DE SOUSA LOURA FILHO ', 1, NULL, NULL, NULL, NULL),
	(132, 'ROBSON LUIS DOS SANTOS CHANTRE ', 1, NULL, NULL, NULL, NULL),
	(133, 'LUCAS VEIGA DE SOUZA', 1, NULL, NULL, NULL, NULL),
	(134, 'RICARDO LOPES ROGO', 1, NULL, NULL, NULL, NULL),
	(135, 'ROBSON ANTONIO DA SILVA', 1, NULL, NULL, NULL, NULL),
	(136, 'JULIANO DA ROSA', 1, NULL, NULL, NULL, NULL),
	(137, 'DANILO LUIZ GALANTE', 1, NULL, NULL, NULL, NULL),
	(138, 'SERGIO ROBERTO MAIA DE SANTANA', 1, NULL, NULL, NULL, NULL),
	(139, 'CARLOS MAXIMILIANO DE SOUZA', 1, NULL, NULL, NULL, NULL),
	(140, 'ERNANI GONCALVES MUNIZ', 1, NULL, NULL, NULL, NULL),
	(141, 'GILBERTO GOMES CHAVES', 1, NULL, NULL, NULL, NULL),
	(142, 'ANTONIO SOARES DA SILVA', 1, NULL, NULL, NULL, NULL),
	(143, 'ROMILDO DA SILVA GONCALVES', 1, NULL, NULL, NULL, NULL),
	(144, 'RICARDO DE AGUIAR', 1, NULL, NULL, NULL, NULL),
	(145, 'ANGELO LUIZ CALONEGO', 1, NULL, NULL, NULL, NULL),
	(146, 'CAMILA GONCALVES DOS SANTOS', 1, NULL, NULL, NULL, NULL),
	(147, 'MARCIO SOUZA DOS SANTOS', 1, NULL, NULL, NULL, NULL),
	(148, 'RICHARD DE OLIVEIRA CIRIACO', 1, NULL, NULL, NULL, NULL),
	(149, 'ANDERSON RAFAEL JERONIMO', 1, NULL, NULL, NULL, NULL),
	(150, 'GERMANO GUASELI NETO', 1, NULL, NULL, NULL, NULL),
	(151, 'JOSE NILTON GOMES BARBOSA FILHO', 1, NULL, NULL, NULL, NULL),
	(152, 'NÃO SE APLICA', 1, NULL, NULL, NULL, NULL),
	(153, 'CARLOS HENRIQUE BRAGA LEITE', 1, NULL, NULL, NULL, NULL),
	(154, 'NÃO SE APLICA', 0, NULL, NULL, NULL, NULL),
	(155, 'JOSE MARIA DE CARVALHO', 1, NULL, NULL, NULL, NULL),
	(156, 'JOSE EDUARDO DA SILVA', 1, NULL, NULL, NULL, NULL),
	(157, 'ADAO ALVES DOS SANTOS', 1, NULL, NULL, NULL, NULL),
	(158, 'ERNI BERNARDINO RODRIGUES', 1, NULL, NULL, NULL, NULL),
	(159, 'CICERO VARELA DA ROCHA', 1, NULL, NULL, NULL, NULL),
	(160, 'ELISEU OIKAVA', 1, NULL, NULL, NULL, NULL),
	(161, 'ERIC DONIZETI DA SILVA', 1, NULL, NULL, NULL, NULL),
	(162, 'REINALDO CARDOSO', 1, NULL, NULL, NULL, NULL),
	(163, 'TIAGO HENRIQUE DE ANDRADE', 1, NULL, NULL, NULL, NULL),
	(164, 'VALDILANE DE ARAUJO GOMES', 1, NULL, NULL, NULL, NULL),
	(165, 'MARCELO BARBOSA CARVALHO', 1, NULL, NULL, NULL, NULL);
/*!40000 ALTER TABLE `supervisors` ENABLE KEYS */;

-- Copiando estrutura para tabela toll_db.supplyers
CREATE TABLE IF NOT EXISTS `supplyers` (
  `id` int(10) unsigned NOT NULL AUTO_INCREMENT,
  `name` varchar(80) DEFAULT NULL,
  `is_activated` int(10) unsigned DEFAULT '1',
  `user_id_deleted` int(11) DEFAULT NULL,
  `document_number` varchar(18) DEFAULT NULL,
  `fantasy_name` varchar(80) DEFAULT NULL,
  `created_at` timestamp NULL DEFAULT CURRENT_TIMESTAMP,
  `updated_at` timestamp NULL DEFAULT NULL,
  `deleted_at` timestamp NULL DEFAULT NULL,
  PRIMARY KEY (`id`),
  KEY `cd_usuar_exc_fkx4` (`user_id_deleted`),
  CONSTRAINT `cd_usuar_exc_fkx4` FOREIGN KEY (`user_id_deleted`) REFERENCES `tbl_usuar` (`cd_usuar`)
) ENGINE=InnoDB AUTO_INCREMENT=479 DEFAULT CHARSET=utf8;

-- Copiando dados para a tabela toll_db.supplyers: ~395 rows (aproximadamente)
/*!40000 ALTER TABLE `supplyers` DISABLE KEYS */;
INSERT INTO `supplyers` (`id`, `name`, `is_activated`, `user_id_deleted`, `document_number`, `fantasy_name`, `created_at`, `updated_at`, `deleted_at`) VALUES
	(29, 'DACAR SERVIÇOS LTDA', 1, NULL, '34.613.273/0001-23', 'DACAR SERVICOS CAR', '2024-06-11 08:58:47', NULL, NULL),
	(30, 'S.R. LOCH LOCAÇÕES E SERVIÇOS LTDA-ME', 1, NULL, '15.320.165/0001-18', 'S R LOCH LOCACOES E SERVICOS - ME', '2024-06-11 08:58:47', NULL, NULL),
	(31, 'REAL CAR LOCAÇÕES E SERVIÇOS LTDA-ME', 1, NULL, '12.442.821/0001-67', 'REAL CAR LOCADORA DE VEICULOS', '2024-06-11 08:58:47', NULL, NULL),
	(32, 'FC GUINCHOS EIRL-ME', 1, NULL, '27.763.698/0001-53', 'FC GUINCHOS', '2024-06-11 08:58:47', NULL, NULL),
	(34, 'MOVIDA LOCAÇÃO DE VEICULOS S.A', 1, NULL, '07.976.147/0022-95', 'MOVIDA RENT A CAR', '2024-06-11 08:58:47', NULL, NULL),
	(35, 'ALUMINI ENGENHARIA', 1, NULL, '58.580.465/0043-06', 'ALUMINI ENGENHARIA S.A.', '2024-06-11 08:58:47', NULL, NULL),
	(36, 'J.F INÁCIO LOCAÇÕES DE VEÍCULOS - ME', 1, NULL, '17.827.897/0001-24', 'J C A LOCAÇÕES DE VEICULOS ', '2024-06-11 08:58:47', NULL, NULL),
	(37, 'TOPLINE', 1, NULL, '06.330.812/0001-81', 'TOP LINE - LOCADORA DE VEICULOS LTDA', '2024-06-11 08:58:47', NULL, NULL),
	(38, 'CAR RENTAL SYS DO B LOC DE VEICULOS', 0, 219, NULL, NULL, '2024-06-11 08:58:47', NULL, NULL),
	(39, 'LOCA WOLLF LOCAÇÕES DE VEICULOS E EQUIP.', 1, NULL, '16.857.284/0001-77', 'LOCA WOLFF LOCACOES DE VEICULOS E EQUIP', '2024-06-11 08:58:47', NULL, NULL),
	(40, 'MARCUS ANTONIO RIBEIRO DE CASTRO ME', 1, NULL, '01.685.492/0001-69', 'BAR E RESTAURANTE BEIRA RIO', '2024-06-11 08:58:47', NULL, NULL),
	(41, 'ALMEIDA BRAGA LOCAÇÕES E TRANSPORTES LTDA', 1, NULL, '16.622.034/0001-58', 'UNIFORTE LOCAÇÕES', '2024-06-11 08:58:47', NULL, NULL),
	(42, 'MARIA DA CONCEIÇÃO MENDONÇA', 0, 219, NULL, NULL, '2024-06-11 08:58:47', NULL, NULL),
	(44, 'V. POMPILHO SERVIÇOS - ME', 1, NULL, '23.883.740/0001-19', 'AUTO SOCORRO POMPILHO', '2024-06-11 08:58:47', NULL, NULL),
	(45, 'COOPGRANEIS TRANSPORTES', 1, NULL, '24.713.063/0001-53', 'CONSORCIO ALUMINI-ICSK-FJEPC', '2024-06-11 08:58:47', NULL, NULL),
	(47, 'DESTAQUE CONSTRUTORA', 1, NULL, '01.226.482/0001-65', 'CASIMIRO SERVIÇOS', '2024-06-11 08:58:47', NULL, NULL),
	(48, 'GONTIJO LOCAÇÕES DE VEÍCULOS', 1, NULL, '23.217.902/0001-80', 'GONTIJO LOCAÇÕES DE VEICULOS', '2024-06-11 08:58:47', NULL, NULL),
	(49, 'PARANÁ EQUIPAMENTOS', 1, NULL, '23.635.392/0001-60', 'PARANA EQUIPAMENTOS E TRANSPORTES', '2024-06-11 08:58:47', NULL, NULL),
	(50, 'VOLCAN', 1, NULL, '10.334.101/0001-52', 'VOLCAN', '2024-06-11 08:58:47', NULL, NULL),
	(51, 'AL INCORPORAÇÕES E PARTICIPAÇÕES LTDA', 1, NULL, '07.960.913/0001-07', 'SOLLO CONSTRUCOES', '2024-06-11 08:58:47', NULL, NULL),
	(52, 'G DA CUNHA', 0, 219, NULL, NULL, '2024-06-11 08:58:47', NULL, NULL),
	(53, 'MARIANA', 0, 219, NULL, NULL, '2024-06-11 08:58:47', NULL, NULL),
	(54, 'MT GUINDASTES', 1, NULL, '09.647.950/0001-87', 'MT GUINDASTES E GUINCHOS', '2024-06-11 08:58:47', NULL, NULL),
	(55, 'G.OCCI TRANSPORTES', 0, 219, NULL, NULL, '2024-06-11 08:58:47', NULL, NULL),
	(56, 'LINEA LOCAÇÕES E SERVIÇOS LTDA - ME', 1, NULL, '21.023.420/0001-63', 'LINEA LOCACOES E SERVICOS LTDA', '2024-06-11 08:58:47', NULL, NULL),
	(58, 'W BAUER SERVIÇOS E LOCAÇÕES LTDA ME', 1, NULL, '01.525.247/0001-94', 'WBAUER SERVIÇOS E LOC. CONSULT E ASSESSORIA', '2024-06-11 08:58:47', NULL, NULL),
	(60, 'ZM TRANSPORTES LTDA', 1, NULL, '28.173.592/0001-62', 'ZM TRANSPORTES', '2024-06-11 08:58:47', NULL, NULL),
	(61, 'GEOLOGUS', 1, NULL, '30.017.321/0001-60', 'GEOLOGUS ENGENHARIA LTDA', '2024-06-11 08:58:47', NULL, NULL),
	(62, 'GCS LOCAÇÕES', 0, 219, NULL, NULL, '2024-06-11 08:58:47', NULL, NULL),
	(63, 'CALIBRI LOCADORA', 1, NULL, '27.980.564/0001-94', 'CALIBRI', '2024-06-11 08:58:47', NULL, NULL),
	(64, 'ZORTRAN LOCAÇÕES E SERVIÇOS LTDA', 1, NULL, '02.598.140/0001-39', 'ZORTRAN LOCACOES E SERVICOS LTDA', '2024-06-11 08:58:47', NULL, NULL),
	(65, 'GALPER ENGENHARIA LTDA', 1, NULL, '05.754.360/0001-00', 'GP LOCAÇÕES & SERVIÇOS', '2024-06-11 08:58:47', NULL, NULL),
	(66, 'M2GUINDASTE', 1, NULL, '17.659.663/0001-15', 'M2 GUINDASTES', '2024-06-11 08:58:47', NULL, NULL),
	(68, 'CALIBRI LOCADORA LTDA.', 0, 84, NULL, NULL, '2024-06-11 08:58:47', NULL, NULL),
	(69, 'FUNERÁRIA CAMPOS ALTOS - ME', 1, NULL, '65.233.413/0001-61', 'MINAS PAX', '2024-06-11 08:58:47', NULL, NULL),
	(70, 'THARA LOCAÇAO MUNK LTDA - ME', 1, NULL, '04.937.853/0001-05', 'THARA, MONTAGENS LTDA', '2024-06-11 08:58:47', NULL, NULL),
	(71, 'CONSTRUTORA DEBS PROCÓPIO LTDA', 1, NULL, '24.406.583/0001-13', 'DEBS PROCOPIO FUNDAÇÕES TERRAPLANAGEM  GEOTECNIA', '2024-06-11 08:58:47', NULL, NULL),
	(72, 'METALURGICA CELEIRO', 1, NULL, '32.981.557/0001-47', 'CELEIRO METALURGICA E CONSTRUTORA LTDA.', '2024-06-11 08:58:47', NULL, NULL),
	(74, 'RETRONORTE TERRAPLANAGENS', 1, NULL, '19.344.287/0001-03', 'RETRONORTE', '2024-06-11 08:58:47', NULL, NULL),
	(75, 'G ALMEIDA CONSTRUÇÕES GERAIS LTDA.', 1, NULL, '10.776.137/0001-96', 'G ALMEIDA CONSTRUTORA', '2024-06-11 08:58:47', NULL, NULL),
	(76, 'AMAZONAS LOCAÇÕES DE EQUIPAMENTOS', 1, NULL, '10.778.254/0001-99', 'AMAZONAS LOCAÇÕES', '2024-06-11 08:58:47', NULL, NULL),
	(78, 'LOBA LOCAÇÕES LTDA', 1, NULL, '20.437.123/0001-00', 'LOBA LOCAÇÕES', '2024-06-11 08:58:47', NULL, NULL),
	(80, 'CRS LOCAÇÕES DE VEÍCULOS', 1, NULL, '28.373.865/0001-12', 'CRS LOCAÇÕES DE VEÍCULOS', '2024-06-11 08:58:47', NULL, NULL),
	(81, 'CCB TRANSPORTE, LOCAÇÕES E PRESTADORA DE SERVIÇOS', 1, NULL, '06.207.737/0001-66', 'CCB TRANSPORTE & PRESTADORA DE SERVIÇOS', '2024-06-11 08:58:47', NULL, NULL),
	(82, 'ELETRO 3', 1, NULL, '08.153.986/0001-41', 'ELETRO TRES', '2024-06-11 08:58:47', NULL, NULL),
	(83, 'ATHENAS LOCAÇOES SERVIÇOS EPP', 0, 219, NULL, NULL, '2024-06-11 08:58:47', NULL, NULL),
	(85, 'FILIPE BUCKMAYER WOLFF ME', 1, NULL, '14.555.675/0001-01', 'WOLFF LOCAÇÕES DE VEICULOS E EQUIPAMENTOS', '2024-06-11 08:58:47', NULL, NULL),
	(88, 'QUADRI LOCAÇOES', 0, 219, NULL, NULL, '2024-06-11 08:58:47', NULL, NULL),
	(89, 'RH SILVA APOIO ADMINISTRATIVO', 1, NULL, '11.083.473/0001-16', 'RHSILVA APOIO ADMINISTRATIVO LTDA - ME', '2024-06-11 08:58:47', NULL, NULL),
	(91, 'SAFAMA LOCAÇÃO DE MAQUINAS E EQUIPAMENTOS LTDA-EPP', 1, NULL, '13.193.973/0001-36', 'SAFAMA LOCAÇÃO DE MAQUINAS E EQUIPAMENTOS LTDA- EPP ', '2024-06-11 08:58:47', NULL, NULL),
	(92, 'SOLIDEZ TRANSPORTE LTDA', 1, NULL, '08.768.230/0001-07', 'SOLIDEZ TRANSPORTES LTDA ', '2024-06-11 08:58:47', NULL, NULL),
	(93, 'M&M DE JESUS EMPREENDIMENTOS EIRELI - EPP', 1, NULL, '27.652.284/0001-57', 'M & M DE JESUS EMPREENDIMENTOS', '2024-06-11 08:58:47', NULL, NULL),
	(94, 'TOYOTOCA LOCAÇÕES LTDA', 1, NULL, '31.246.042/0001-30', 'TOYOTOCA TRANSPORTES DE PASSAGEIROS E SERVICOS EIRELLE', '2024-06-11 08:58:47', NULL, NULL),
	(95, 'M GOMES FERNANDES EIRELI', 1, NULL, '17.931.613/0001-45', 'CONCRE-LOC CONCRETAGEM E LOCAÇÕES', '2024-06-11 08:58:47', NULL, NULL),
	(96, 'AGROPECUÁRIA CAJUEIRO EIRELLI - EPP', 0, 1, '18.070.080/0001-17', NULL, '2024-06-11 08:58:47', NULL, NULL),
	(97, '2000 LOCAÇÕES LTDA', 0, 219, NULL, NULL, '2024-06-11 08:58:47', NULL, NULL),
	(98, 'ESPERANÇA LOCAÇÕES LTDA', 0, 219, NULL, NULL, '2024-06-11 08:58:47', NULL, NULL),
	(99, 'COMERCIAL SANTA RITA E COSTA LTDA-ME', 1, NULL, '42.968.586/0001-22', 'COMERCIAL SANTA RITA E COSTA LTDA', '2024-06-11 08:58:47', NULL, NULL),
	(100, 'AGNOLIM TERRAPLANAGEM - ME LTDA', 0, 219, NULL, NULL, '2024-06-11 08:58:47', NULL, NULL),
	(101, 'SOLUTION LOCADORA', 1, NULL, '28.007.901/0001-24', 'SOLUTION LOCADORA', '2024-06-11 08:58:47', NULL, NULL),
	(102, 'LUANDA LOCAÇÕES LTDA', 0, 219, NULL, NULL, '2024-06-11 08:58:47', NULL, NULL),
	(103, 'TOYOFROTA LOCAÇÕES LTDA', 1, NULL, '15.219.948/0001-00', 'TOYOFROTA', '2024-06-11 08:58:47', NULL, NULL),
	(104, 'FORTEGAS LOCAÇÕES LTDA', 1, NULL, '13.448.795/0001-47', 'FORTEGÁS', '2024-06-11 08:58:47', NULL, NULL),
	(105, 'TOYOPRATA LOCAÇÕES LTDA - ME', 1, NULL, '20.280.380/0001-72', 'TOYOPRATA LOCACAO LTDA', '2024-06-11 08:58:47', NULL, NULL),
	(106, 'ALMEIDA E SANTANA LOCAÇÕES LTDA', 1, NULL, '83.835.744/0001-53', 'REGIONAL EMPREENDIMENTOS', '2024-06-11 08:58:47', NULL, NULL),
	(107, 'LUMAK LOCAÇÕES LTDA', 1, NULL, '16.571.513/0001-92', 'LUMAK', '2024-06-11 08:58:47', NULL, NULL),
	(114, 'CJ INDUSTRIA COMERCIO E PRESTADOR DE SERVIÇOS LTDA- ME', 1, NULL, '05.561.474/0001-26', 'CJ CONSTRUTORA', '2024-06-11 08:58:47', NULL, NULL),
	(115, 'LENZ EQUIPAMENTOS', 1, NULL, '19.276.881/0001-04', 'LENZ EQUIPAMENTOS', '2024-06-11 08:58:47', NULL, NULL),
	(116, 'N A CARVALHO LOCAÇOES - ME', 1, NULL, '20.655.119/0001-00', 'BRANCO77LOCACOES', '2024-06-11 08:58:47', NULL, NULL),
	(117, 'CORTESIA SERVIÇO DE CONCRETAGEM', 1, NULL, '49.803.158/0001-99', 'CORTESIA SERVIÇOS DE CONCRETAGEM LTDA', '2024-06-11 08:58:47', NULL, NULL),
	(118, 'ADRIANO ROBERTO RODRIGUES-ME', 1, NULL, '21.861.758/0001-94', 'ARR LOCAÇÕES', '2024-06-11 08:58:47', NULL, NULL),
	(119, 'ROGÉRIO RODRIGUES GALVÃO 06918408658', 1, NULL, '28.032.024/0001-41', 'GALVÃO SERVIÇOS DE LOCAÇÃO', '2024-06-11 08:58:47', NULL, NULL),
	(120, 'ENGETECH ENG. E CONSTRUÇÕES LTDA', 1, NULL, '16.733.835/0001-90', 'ENGETECH ENGENHARIA E CONSTRUCOES', '2024-06-11 08:58:47', NULL, NULL),
	(121, 'DORTPREV MEDICINA OCUPACIONAL LTDA', 1, NULL, '22.223.221/0001-61', 'DORTPREV MEDICINA OCUPACIONAL LTDA', '2024-06-11 08:58:47', NULL, NULL),
	(122, 'FROTA 1000 LOCAÇÕES E SERVIÇOS', 1, NULL, '08.915.479/0001-06', 'FROTA 1.000 LOCADORA  DE VEÍCULOS', '2024-06-11 08:58:47', NULL, NULL),
	(123, 'PADRÃO LOCAÇÕES E SERVIÇOS EIRELI-ME', 1, NULL, '12.019.571/0001-57', 'PADRÃO LOCAÇÕES E SERVIÇOS ME', '2024-06-11 08:58:47', NULL, NULL),
	(124, 'SETE SERVIÇOS TECNICOS DE ENGENHARIA LTDA', 1, NULL, '37.264.066/0001-07', 'SETE SERVICOS TECNICOS DE ENGENHARIA LTDA', '2024-06-11 08:58:47', NULL, NULL),
	(125, 'ATUAL SERVICE', 1, NULL, '12.069.960/0001-97', 'ATUAL SERVICE', '2024-06-11 08:58:47', NULL, NULL),
	(126, 'ALMEIDA PESSANHA LOCAÇÕES E TRANSPORTES LTDA ', 1, NULL, '16.622.034/0001-58', 'UNIFORTE LOCAÇÕES', '2024-06-11 08:58:47', NULL, NULL),
	(128, 'C.A.Z CONSTRUÇÕES LTDA', 1, NULL, '10.429.399/0001-84', 'C.A.Z. CONSTRUÇÕES LTDA - ME', '2024-06-11 08:58:47', NULL, NULL),
	(129, 'GOMES FUNDAÇÕES LTDA', 0, 219, NULL, NULL, '2024-06-11 08:58:47', NULL, NULL),
	(130, 'SALMO 23 LOCAÇÕES LTDA', 1, NULL, '07.530.893/0001-26', 'SERVICOS E REPRESENTACOES SALMO 23', '2024-06-11 08:58:47', NULL, NULL),
	(131, 'FONTANA TERRAPLANAGEM E SERVIÇOS LTDA', 1, NULL, '11.613.606/0001-19', 'FONTANA TERRAPLANAGEM E SERVIÇOS LTDA', '2024-06-11 08:58:47', NULL, NULL),
	(132, 'GOMES E MOURA LOCAÇÕES LTDA', 1, NULL, '13.792.260/0001-99', 'GM LOCAÇÕES', '2024-06-11 08:58:47', NULL, NULL),
	(134, 'TECNOLOC LOCAÇÕES DE MÁQUINAS E EQUIPAMENTOS S/A', 1, NULL, '04.772.464/0001-77', 'TECNOLOC LOCACOES DE MAQUINAS E EQUIPAMENTOS S.A.', '2024-06-11 08:58:47', NULL, NULL),
	(135, 'AR LUG COMPRESSORES E EQUIPAMENTOS EURELI-EPP', 1, NULL, '54.308.838/0001-76', 'AR LUG COMPRESSORES E EQUIPAMENTOS LTDA - EPP', '2024-06-11 08:58:47', NULL, NULL),
	(136, 'GLOBAL LOCAÇÕES DE MÁQUINAS E EQUIPAMENTOS', 1, NULL, '11.031.410/0001-16', 'GLOBAL LOCAÇÕES DE MÁQUINAS E EQUIPAMENTOS', '2024-06-11 08:58:47', NULL, NULL),
	(137, 'JVH SERVIÇOS E TRANSPORTES', 1, NULL, '08.598.786/0001-00', 'MIRO HIPPLER & CIA LTDA', '2024-06-11 08:58:47', NULL, NULL),
	(139, 'MW GUINDASTES LTDA EPP', 1, NULL, '02.401.697/0001-38', 'MW MONTAGENS EM SERVIÇOS DE GUINDASTES', '2024-06-11 08:58:47', NULL, NULL),
	(140, 'PESADOS TRANSPORTES', 0, 84, NULL, NULL, '2024-06-11 08:58:47', NULL, NULL),
	(141, 'D&M LOCAÇÕES', 1, NULL, '28.226.767/0001-52', 'D & M LOCAÇÕES E SERVIÇOS', '2024-06-11 08:58:47', NULL, NULL),
	(142, 'POLIDO CONCRETO', 0, 219, NULL, NULL, '2024-06-11 08:58:47', NULL, NULL),
	(143, 'CRISTINA RESENDE DE SOUZA ME', 0, 219, NULL, NULL, '2024-06-11 08:58:47', NULL, NULL),
	(144, 'DBMAXX', 1, NULL, '09.373.953/0001-70', 'DBMAXX LOCACAO DE MAQUINAS E EQUIPAMENTOS LTDA', '2024-06-11 08:58:47', NULL, NULL),
	(145, 'ATS- LOCAçõES DE EQUIPAMENTOS LTDA - ME', 1, NULL, '06.916.625/0001-84', 'ATS - LOCAÇÕES', '2024-06-11 08:58:47', NULL, NULL),
	(146, 'TOYOSERV LOCADORA DE VEÍCULOS', 1, NULL, '10.687.646/0001-42', 'TOYOSERV', '2024-06-11 08:58:47', NULL, NULL),
	(147, 'MATILDE BIAZUS CAZAROTTO', 1, NULL, '20.718.811/0001-30', 'MATILDE BIAZUS CAZAROTTO', '2024-06-11 08:58:47', NULL, NULL),
	(148, 'I.C MAQUINAS', 0, 219, NULL, NULL, '2024-06-11 08:58:47', NULL, NULL),
	(149, 'DOM CONSTRUTORA E LOCAÇÃO DE EQUIPAMENTOS LTDA', 1, NULL, '16.670.829/0001-31', 'DOM CONSTRUTORA', '2024-06-11 08:58:47', NULL, NULL),
	(150, 'CLT - CENTRAL DE LOCAÇÕES E TRANSPORTES LTDA', 1, NULL, '90.333.667/0001-07', 'CLT CENTRAL DE LOCAÇÕES', '2024-06-11 08:58:47', NULL, NULL),
	(151, 'MD LOCAÇÕES LTDA', 1, NULL, '70.081.229/0001-83', 'MD LOCACOES DE VEICULOS E EQUIPAMENTOS LTDA', '2024-06-11 08:58:47', NULL, NULL),
	(152, 'TOSHIBA', 1, NULL, '78.230.182/0001-84', 'TOSHIBA', '2024-06-11 08:58:47', NULL, NULL),
	(153, 'SHARON TRANSPORTES', 0, 219, NULL, NULL, '2024-06-11 08:58:47', NULL, NULL),
	(155, 'GENERAL LOCAÇÕES', 1, NULL, '17.303.064/0001-64', 'GENERAL LOCAÇÕES', '2024-06-11 08:58:47', NULL, NULL),
	(157, 'CAZAROTTO LOCAÇÕES LTDA', 0, 219, NULL, NULL, '2024-06-11 08:58:47', NULL, NULL),
	(158, 'CARVALHO GOMES E GOMES LTDA.-ME', 1, NULL, '09.076.307/0001-40', 'LIDER SERVICOS E LOCACAO', '2024-06-11 08:58:47', NULL, NULL),
	(159, 'LP LOCAÇÕES', 0, 219, NULL, NULL, '2024-06-11 08:58:47', NULL, NULL),
	(160, 'TRANSPORTADORA COLSIL LTDA - EPP', 1, NULL, '20.036.045/0001-23', 'TRANSPORTADORA COLSIL', '2024-06-11 08:58:47', NULL, NULL),
	(161, 'MARTINI', 1, NULL, '05.063.709/0001-50', 'MARTINI RENTAL MIX', '2024-06-11 08:58:47', NULL, NULL),
	(162, 'JDS SERVIÇOS DE MANUTENÇÃO ELETROMECANICA LTDA ME', 1, NULL, '24.700.580/0001-98', 'JDS SERVIÇOS DE MANUTENÇÃO ELETROMECÂNICA LTDA - ME', '2024-06-11 08:58:47', NULL, NULL),
	(163, 'FREITAS LOCAÇOES', 1, NULL, '21.371.012/0001-00', 'FREITAS TRANSPORTES', '2024-06-11 08:58:47', NULL, NULL),
	(164, 'OTOMAR CIVA JUNIOR - ME', 1, NULL, '10.759.742/0001-59', 'OTOMAR CIVA JUNIOR - ME', '2024-06-11 08:58:47', NULL, NULL),
	(165, 'CG LOCAÇÃO DE GUINDASTE LTDA', 1, NULL, '08.226.396/0001-00', 'CG LOCACAO DE GUINDASTES LTDA', '2024-06-11 08:58:47', NULL, NULL),
	(166, 'F.R.P. SERVICOS LTDA - ME', 1, NULL, '28.123.688/0001-16', 'F.R.P. SERVIÇOS', '2024-06-11 08:58:47', NULL, NULL),
	(167, 'MA3 CONSTRUCOES E TERRAPLENAGEM LTDA - ME', 1, NULL, '23.291.563/0001-81', 'MA3 CONSTRUÇÕES', '2024-06-11 08:58:47', NULL, NULL),
	(169, 'R&D LOCAÇÕES E SERVIÇOS', 1, NULL, '22.918.225/0001-64', 'R&D LOCAÇÕES E SERVIÇOS', '2024-06-11 08:58:47', NULL, NULL),
	(171, 'F B LOCAÇÕES', 0, 219, NULL, NULL, '2024-06-11 08:58:47', NULL, NULL),
	(172, 'V F - GAVIAO LOCAÇOES - ME', 1, NULL, '01.797.798/0001-07', 'VF GAVIÃO LOCAÇÕES', '2024-06-11 08:58:47', NULL, NULL),
	(173, 'AVIS BUDGET BRASIL S.A', 0, 219, NULL, NULL, '2024-06-11 08:58:47', NULL, NULL),
	(174, 'LOCALIZA RENT A CAR AS', 0, 219, NULL, NULL, '2024-06-11 08:58:47', NULL, NULL),
	(175, 'CONSORCIO ALUMINI - ICSK - FJEPC', 1, NULL, '24.713.063/0001-53', 'CONSORCIO ALUMINI-ICSK-FJEPC', '2024-06-11 08:58:47', NULL, NULL),
	(177, 'MINAS MEIO AMBIENTE', 1, NULL, '11.397.334/0001-67', 'MINAS MEIO AMBIENTE', '2024-06-11 08:58:47', NULL, NULL),
	(180, 'P.H.C LOCAÇÕES', 1, NULL, '27.510.705/0001-05', 'PHC LOCACOES', '2024-06-11 08:58:47', NULL, NULL),
	(181, 'ACHEI LOCADORA DE VEÍCULOS LTDA - ME', 1, NULL, '13.950.567/0001-70', 'ACHEI LOCADORA', '2024-06-11 08:58:47', NULL, NULL),
	(183, 'ALFER CONSTRUTORA', 1, NULL, '03.009.104/0001-55', 'CONSTRUTORA ALFER', '2024-06-11 08:58:47', NULL, NULL),
	(184, 'S. A. DE OLIVEIRA TRANSPORTES RODOVIARIO', 1, NULL, '03.901.985/0001-14', 'S.A. DE OLIVEIRA TRANSPORTES RODOVIARIO EPP', '2024-06-11 08:58:47', NULL, NULL),
	(185, 'POSTAL TERRA PLANAGEM', 1, NULL, '19.807.317/0001-62', 'POSTAL TERRAPLANAGEM ', '2024-06-11 08:58:47', NULL, NULL),
	(186, 'J.A. DIESEL', 1, NULL, '26.602.668/0001-00', 'J A DIESEL LOCACOES PECAS E SERVICOS ', '2024-06-11 08:58:47', NULL, NULL),
	(187, 'RD TRANSPORTADORA LTDA - EPP', 1, NULL, '19.106.952/0001-12', 'HIDRAUNORTE ', '2024-06-11 08:58:47', NULL, NULL),
	(188, 'GALI LOCAÇÕES', 1, NULL, '11.830.523/0001-81', 'GALLI LOCAÇÕES LTDA', '2024-06-11 08:58:47', NULL, NULL),
	(189, 'JR RENTAL', 1, NULL, '06.058.958/0001-10', 'LONGUE CENTER ALUQUEL DE MAQUINAS E EQUIPAMENTOS LTDA', '2024-06-11 08:58:47', NULL, NULL),
	(190, 'DIZAZI LOCAÇÕES', 1, NULL, '07.671.173/0001-80', 'DIZAZI SERVIÇOS E LOCAÇÕES DE EQUIPAMENTOS LTDA', '2024-06-11 08:58:47', NULL, NULL),
	(191, 'MF LOCAÇÕES - marislene fernandes da silva marques - me', 1, NULL, '13.893.224/0001-11', 'MARISLENE FERNANDES DA SILVA MARQUES-ME', '2024-06-11 08:58:47', NULL, NULL),
	(193, 'LUV - X LOCADORA E TURISMO LTDA', 1, NULL, '14.194.671/0001-45', 'LUV-X LOCADORA E TURISMO LTDA', '2024-06-11 08:58:47', NULL, NULL),
	(195, 'D & C COMERCIO E SERVIÇOS LTDA-EPP', 1, NULL, '10.567.947/0001-32', 'D E C COMERCIO E SERVIÇOS LTDA', '2024-06-11 08:58:47', NULL, NULL),
	(196, 'ICSK', 0, 84, NULL, NULL, '2024-06-11 08:58:47', NULL, NULL),
	(197, 'PROCEL CONSTRUTORA LTDA', 1, NULL, '03.849.999/0001-36', 'PROCEL CONSTRUTORA LTDA', '2024-06-11 08:58:47', NULL, NULL),
	(198, 'GIRASSOL L. E TRANSP. EIREL ME', 1, NULL, '21.597.157/0001-16', 'GIRASSOL LOCAÇÕES E TRANSPORTES', '2024-06-11 08:58:47', NULL, NULL),
	(199, 'GERENCIAR LOGÍSTICA - NEDERLAINE DE CASTRO NEDER', 1, NULL, '28.663.214/0001-67', 'NEDERLAINE DE CASTRO NEDER - 82521468649', '2024-06-11 08:58:47', NULL, NULL),
	(201, 'SOLO SUL TRANSMISSAO BRASIL', 1, NULL, '74.600.842/0001-10', 'SOLOSUL - ROMPESSOLO', '2024-06-11 08:58:47', NULL, NULL),
	(203, 'AUTO SOCORRO DO PINHO LTDA', 1, NULL, '01.502.476/0001-93', 'AUTO SOCORRO DO PINHO LTDA ME', '2024-06-11 08:58:47', NULL, NULL),
	(204, 'R J W TRANSPORTE MESQUITA EIRELI', 1, NULL, '29.566.256/0001-42', 'R J W TRANSPORTE MESQUITA ', '2024-06-11 08:58:47', NULL, NULL),
	(205, 'AGS LOGISTICA LTDA', 1, NULL, '18.210.737/0001-02', 'AGS LOCAÇÕES E EQUIPAMENTOS', '2024-06-11 08:58:47', NULL, NULL),
	(207, 'FN SONDAGENS FUNDAÇÕES', 1, NULL, '15.821.368/0001-98', 'FN SONDAGENS, FUNDACOES E OBRAS ESPECIAIS', '2024-06-11 08:58:47', NULL, NULL),
	(208, 'J F DE BRITO EIRELI', 1, NULL, '06.993.633/0001-24', 'J F DE BRITO EIRELI', '2024-06-11 08:58:47', NULL, NULL),
	(209, 'LUAL RIO TURISMO LTDA', 1, NULL, '18.871.854/0001-09', 'LUAL RIO TURISMO', '2024-06-11 08:58:47', NULL, NULL),
	(210, 'JG LOCAÇOES LTDA', 1, NULL, '12.140.156/0001-57', 'JG LOCAÇÕES LTDA', '2024-06-11 08:58:47', NULL, NULL),
	(211, 'BELL BRASIL ENGENHARIA E LOCAÇÕES LTDA', 1, NULL, '13.518.309/0002-09', 'BELL - BRASIL ENGENHARIA E LOCACOES LTDA. ', '2024-06-11 08:58:47', NULL, NULL),
	(212, 'LOCCATO LOCAÇÕES LTDA', 1, NULL, '12.394.564/0001-35', 'LOCCATO-LOCACAO DE MAQUINAS E EQUIPAMENTOS EIRELI', '2024-06-11 08:58:47', NULL, NULL),
	(213, 'LOCMAQ LOCAÇÃO DE EQUIPAMENTOS INDUSTRIAIS LTDA ME', 0, 219, NULL, NULL, '2024-06-11 08:58:47', NULL, NULL),
	(214, 'ENGEM DE IGUAÇU COMERCIO E LOCAÇÕES LTDA', 1, NULL, '06.184.928/0001-50', NULL, '2024-06-11 08:58:47', NULL, NULL),
	(216, 'PUMA TRANSPORTE LTDA', 1, NULL, '15.241.287/0001-19', 'PUMA TRANSPORTES', '2024-06-11 08:58:47', NULL, NULL),
	(217, 'BR 22 AUTO LOCADORA', 1, NULL, '06.177.379/0001-96', 'BR 22 AUTO LOCADORA', '2024-06-11 08:58:47', NULL, NULL),
	(218, 'CAMILLE LOCACOES EIRELI', 1, NULL, '25.124.596/0001-62', 'CAMILLE LOCAÇÕES EIRELI', '2024-06-11 08:58:47', NULL, NULL),
	(220, 'G & M TRANSPORTE E LOCAÇÕES EIRELI ME', 1, NULL, '23.697.226/0001-99', 'G & M TRANSPORTE E LOCAÇÕES EIRELI ME', '2024-06-11 08:58:47', NULL, NULL),
	(222, 'CONSTRUTORA GUIMARAES LAGE LTDA', 1, NULL, '02.153.002/0001-46', 'CGL', '2024-06-11 08:58:47', NULL, NULL),
	(223, 'VALERIA MIX', 0, 219, NULL, NULL, '2024-06-11 08:58:47', NULL, NULL),
	(226, 'PONTO FORTE', 1, NULL, '11.009.325/0001-51', 'PONTO FORTE LOCAÇÃO DE MÁQUINA E EQUIPAMENTOS LTDA', '2024-06-11 08:58:47', NULL, NULL),
	(227, 'MEGA SOLUÇÕES', 1, NULL, '04.992.728/0001-06', 'MEGA SOLUCOES CORPORATIVAS', '2024-06-11 08:58:47', NULL, NULL),
	(230, 'R.R CONSTRUÇÕES E LOCAÇÃO DE MAQUINAS E EQUIPAMENTOS EIRELI', 1, NULL, '03.241.894/0001-08', 'R. R LOCACAO', '2024-06-11 08:58:47', NULL, NULL),
	(231, 'MARINGÁ FUNDAÇÕES LTDA', 1, NULL, '13.358.115/0001-02', 'MARINGA FUNDAÇÕES LTDA', '2024-06-11 08:58:47', NULL, NULL),
	(232, 'PESADOTRANS', 1, NULL, '23.179.893/0001-80', 'PESANDO TRANS LTDA', '2024-06-11 08:58:47', NULL, NULL),
	(233, 'SOLUGUEL EQUIPAMENTOS PARA CONSTRUÇÃO LTDA', 1, NULL, '17.936.984/0001-10', 'SOLUGUEL EQUIPAMENTOS PARA CONSTRUÇÃO LTDA', '2024-06-11 08:58:47', NULL, NULL),
	(234, 'LOCAENGE COM E LOCAÇÃO DE MÃO E EQUIPAMENTOS LTDA', 1, NULL, '15.294.690/0001-06', 'LOCAENGE', '2024-06-11 08:58:47', NULL, NULL),
	(236, 'GG LOCAÇÃO DE GUINDASTES LTDA (GRUPO CORTESIA)', 0, 219, NULL, NULL, '2024-06-11 08:58:47', NULL, NULL),
	(239, 'VIVIDENCE LINHAS DE TRANSMISSÃO LTDA', 1, NULL, '76.995.984/0001-50', 'VIVIDENSE LINHAS DE TRANSMISSÃO LTDA.', '2024-06-11 08:58:47', NULL, NULL),
	(240, 'ICSK PARTICIPAÇOES E EMPREENDIMENTOS LTDA', 1, NULL, '24.301.458/0002-20', 'ICSK BRASIL CONSTRUCAO LTDA', '2024-06-11 08:58:47', NULL, NULL),
	(241, 'MT COMÉRCIO E SERVIÇOS', 1, NULL, '25.307.997/0001-58', 'ROSENILDO FERREIRA DA SILVA EPP', '2024-06-11 08:58:47', NULL, NULL),
	(242, 'A LOCAL - COM E LOCAÇÃO DE EQUIPAMENTO DE CONSTRUÇÃO CIVIL LTDA - ME', 0, 219, NULL, NULL, '2024-06-11 08:58:47', NULL, NULL),
	(243, 'J. ARAXA MAT DE CONSTRUÇÃO LTDA', 1, NULL, '20.578.456/0001-40', 'J. ARAXA MATERIAIS DE CONSTRUÇÃO', '2024-06-11 08:58:47', NULL, NULL),
	(244, 'BORRACHARIA UNAÍ', 0, 219, NULL, NULL, '2024-06-11 08:58:47', NULL, NULL),
	(245, 'VELG PREMOLDADOS LTDA ME', 0, 219, NULL, NULL, '2024-06-11 08:58:47', NULL, NULL),
	(246, 'FLANCAR DE IGUAÇU VEÍCULOS E. LOCAÇÕES LTDA', 1, NULL, '08.619.332/0001-60', 'FLANCAR DE IGUACU VEICULOS E LOCACOES EIRELI', '2024-06-11 08:58:47', NULL, NULL),
	(248, 'BMK TRANSP. E LOCAÇÃO DE EQUIPAMENTOS LTDA.', 1, NULL, '18.048.113/0001-22', 'BMK LOG', '2024-06-11 08:58:47', NULL, NULL),
	(249, 'SOTREL EQUIPAMENTOS', 1, NULL, '28.908.804/0001-02', 'SOTREL EQUIPAMENTOS S.A.', '2024-06-11 08:58:47', NULL, NULL),
	(250, 'PRONTO PLAN RENTAL LTDA', 1, NULL, '02.088.583/0001-80', 'PRONTO PLAN RENTAL ', '2024-06-11 08:58:47', NULL, NULL),
	(251, 'CKAPRICHO', 1, NULL, '31.723.324/0001-81', 'CKAPRICHO', '2024-06-11 08:58:47', NULL, NULL),
	(252, 'CONSTRUFORTE COMERCIO DE MAT. CONSTRUÇÃO LTDA', 0, NULL, NULL, NULL, '2024-06-11 08:58:47', NULL, NULL),
	(253, 'LOCADORA ABS EIRELI', 1, NULL, '27.701.644/0001-63', 'LOCADORA ABS', '2024-06-11 08:58:47', NULL, NULL),
	(254, 'J & J LOCAÇÕES', 0, 219, NULL, NULL, '2024-06-11 08:58:47', NULL, NULL),
	(255, 'ML MERITIENSE LOCAÇÃO E TERRAPLANAGEM LTDA', 1, NULL, '06.262.140/0001-14', 'GRAMADOS OURO VERDE', '2024-06-11 08:58:47', NULL, NULL),
	(256, 'AGF - LOCAÇAO DE EQUIPAMENTOS, SERVIÇOS E PEÇAS LTDA - EPP', 0, 219, NULL, NULL, '2024-06-11 08:58:47', NULL, NULL),
	(257, 'FC LOCAÇÕES', 1, NULL, '30.187.003/0001-47', 'FC LOCACOES LTDA', '2024-06-11 08:58:47', NULL, NULL),
	(258, 'AVANT LOCAÇÃO - ME', 1, NULL, '74.723.990/0001-22', 'AVANT LOCACAO E TRANSPORTE', '2024-06-11 08:58:47', NULL, NULL),
	(259, 'NONO TRANSPORTES E SERVICOS LTDA', 1, NULL, '24.934.291/0001-53', 'NONO TRANSPORTE', '2024-06-11 08:58:47', NULL, NULL),
	(260, 'J F LOPES', 1, NULL, '12.246.588/0001-47', 'GUINDASTE LOPES', '2024-06-11 08:58:47', NULL, NULL),
	(261, 'LELO LOCAÇÕES', 1, NULL, '29.864.653/0001-09', 'OSENITA OLIVEIRA ARAUJO DA CRUZ', '2024-06-11 08:58:47', NULL, NULL),
	(262, 'SORAIA MARTA ALVES CUNHA', 1, NULL, '31.047.802/0001-80', 'AUTO PEÇAS E FERRAGENS N.S APARECIDA', '2024-06-11 08:58:47', NULL, NULL),
	(263, 'TRANSPORTADORA SANTA RITA', 1, NULL, '11.228.011/0001-40', 'TRANSPORTADORA SANTA RITA DE CASSIA', '2024-06-11 08:58:47', NULL, NULL),
	(265, 'ESCAVAÇÕES TEIXEIRA', 1, NULL, '18.542.193/0001-78', 'ESCAVAÇÕES TEIXEIRA', '2024-06-11 08:58:47', NULL, NULL),
	(267, 'PLANAR EQUIPAMENTOS  E LOGISTICA LTDA', 1, NULL, '07.277.010/0001-18', 'PLANAR EQUIPAMENTOS E LOGISTICA LTDA', '2024-06-11 08:58:47', NULL, NULL),
	(268, 'GUINDASTES OLIVEIRA', 1, NULL, '09.150.259/0001-93', 'GUINDASTES E MUNCK OLIVEIRA', '2024-06-11 08:58:47', NULL, NULL),
	(269, 'MULTIMIX COM. DE CONCRETO DE TERESÓPOLIS', 1, NULL, '22.084.765/0001-90', 'MULTIMIX COMERCIO DE CONCRETO DE TERESÓPOLIS EIRELI', '2024-06-11 08:58:47', NULL, NULL),
	(270, 'PESSANHA LOCACOES E TRANSPORTES LTDA', 1, NULL, '27.024.227/0001-23', 'ENGEFORTE LOCAÇÕES', '2024-06-11 08:58:47', NULL, NULL),
	(271, 'LOKAL LOCAÇÕES DE EQUIPAMENTOS INDUSTRIAIS LTDA', 1, NULL, '11.951.913/0001-00', 'LOKAL LOCAÇÃO DE EQUIPAMENTOS INDUSTRIAIS LTDA', '2024-06-11 08:58:47', NULL, NULL),
	(273, 'SOLARES EQUIPAMENTOS E SERVIÇOS LTDA', 1, NULL, '01.633.840/0014-79', 'SOLARIS EQUIPAMENTOS E SERVICOS LTDA', '2024-06-11 08:58:47', NULL, NULL),
	(275, 'JR FHORTALEZA LOCAçõES', 1, NULL, '19.641.791/0001-67', 'JR FHORTALEZA LOCAÇÕES EIRELI', '2024-06-11 08:58:47', NULL, NULL),
	(276, 'SADI DA SILVA LIMA - AVANT', 1, NULL, '01.470.498/0001-19', 'SADI TRANSPORTES EIRELI', '2024-06-11 08:58:47', NULL, NULL),
	(277, 'MILENA LOCACOES LTDA', 1, NULL, '14.460.228/0001-79', 'LOK-MI', '2024-06-11 08:58:47', NULL, NULL),
	(278, 'MARCO ENGENHARIA', 1, NULL, '02.404.222/0001-03', 'EMPREITEIRA MAC', '2024-06-11 08:58:47', NULL, NULL),
	(279, 'ADRIANO ARR', 1, NULL, '21.861.758/0001-94', 'ARR LOCAÇÕES', '2024-06-11 08:58:47', NULL, NULL),
	(280, 'JULIO VALDO MIRO HIPPLER & CIA LTDA', 1, NULL, '08.598.786/0001-00', 'MIRO HIPPLER & CIA LTDA', '2024-06-11 08:58:47', NULL, NULL),
	(281, 'J S BRANDÃO FILHO EMPREENDIMENTOS EIRELI', 1, NULL, '10.513.636/0001-90', 'BRADAO FILHO LOCACOES E SERVIÇOS', '2024-06-11 08:58:47', NULL, NULL),
	(282, 'MOBILE AUTOMOTIVA EIRELI ME', 1, NULL, '22.424.987/0001-04', 'MOBILE AUTOMOTIVA EIRELI', '2024-06-11 08:58:47', NULL, NULL),
	(283, 'ARC-AREIAL RIO CASCA LTDA-ME', 1, NULL, '16.887.516/0001-30', 'ARC AREIAL RIO CASCA LTDA ME', '2024-06-11 08:58:47', NULL, NULL),
	(284, 'JOSE CARLOS DE SOUZA DE SOBRADINHO', 1, NULL, '32.684.771/0001-31', 'SERRALHARIA E VIDRACARIA SOUZA', '2024-06-11 08:58:47', NULL, NULL),
	(285, 'JH LOCAÇÕES LTDA', 1, NULL, '30.448.959/0001-55', 'JH LOCAÇÕES LTDA', '2024-06-11 08:58:47', NULL, NULL),
	(286, 'EMERGENCY MEDICAL SERVICE CLINIC LABOR LTDA', 1, NULL, '05.281.041/0001-17', 'EMERGENCY MEDICAL SERVICE CLINIC LABOR LTDA', '2024-06-11 08:58:47', NULL, NULL),
	(287, 'GERIZIM TRANSPORTES LTDA', 1, NULL, '58.505.694/0001-07', 'GERIZIM TRANSPORTE LTDA', '2024-06-11 08:58:47', NULL, NULL),
	(288, 'NATANAEL SANTANA CHAVES EIRELI', 1, NULL, '08.696.115/0001-74', 'NATANAEL SANTANA CHAVES EIRELI', '2024-06-11 08:58:47', NULL, NULL),
	(289, 'LA EMPREENDIMENTOS E CONSTRUÇÕES LTDA', 1, NULL, '11.164.923/0001-03', 'LA EMPREENDIMENTOS E CONSTRUCOES LTDA', '2024-06-11 08:58:47', NULL, NULL),
	(290, 'LANCHES ARIANE LTDA', 1, NULL, '59.535.096/0001-35', 'LANCHES ARIANE LTDA', '2024-06-11 08:58:47', NULL, NULL),
	(291, 'SC TERRAPLANAGEM LTDA', 1, NULL, '09.624.811/0001-38', 'S & C CONSTRUÇÕES E TERRAPLANAGEM', '2024-06-11 08:58:47', NULL, NULL),
	(292, 'EXTRAMINAS - EXTRAÇÃO MINEIRA DE AREIA LTDA - ME', 1, NULL, '31.334.388/0002-71', 'EXTRAMINAS EXTRACAO MINEIRA DE AREIA LTDA', '2024-06-11 08:58:47', NULL, NULL),
	(293, 'ZENOR FERREIRA DA ROCHA', 1, NULL, '33.326.657/0001-00', 'ZF ROCHA ALUGUEL DE MAQUINAS E EQUIPAMENTOS', '2024-06-11 08:58:47', NULL, NULL),
	(294, 'EMPRESA BRASILEIRA DE ENGENHARIA E COMERCIO S.A. EBEC.', 1, NULL, '17.162.280/0001-37', 'EMPRESA BRASILEIRA DE ENGENHARIA E COMERCIO SA EBEC', '2024-06-11 08:58:47', NULL, NULL),
	(295, 'UNIDAS LOCADORA DE VEÍCULOS LTDA.', 1, NULL, '01.079.210/0001-80', 'UNIDAS', '2024-06-11 08:58:47', NULL, NULL),
	(296, 'COMPEC', 1, NULL, '07.486.118/0001-10', 'COMPEC', '2024-06-11 08:58:47', NULL, NULL),
	(297, 'W.P.X LOCAÇÕES LTDA', 1, NULL, '22.212.519/0001-76', 'W.P.X. LOCACOES LTDA', '2024-06-11 08:58:47', NULL, NULL),
	(298, 'REDEMAQUINAS COM E SERV DE MAQUINASE EQUIP LTDA', 1, NULL, '06.094.934/0009-73', 'REDEMAQUINAS COMERCIO E SERVIÇOS DE MAQUINAS E EQUIPAMENTOS LTDA', '2024-06-11 08:58:47', NULL, NULL),
	(299, 'LOCALIZA RENT A CAR S.A.', 1, NULL, '16.670.085/0001-55', 'LOCALIZA RENT A CAR', '2024-06-11 08:58:47', NULL, NULL),
	(300, 'JFF EMPREENDIMENTOS EIRELI - ME', 1, NULL, '09.195.778/0001-78', 'LOCA ALL', '2024-06-11 08:58:47', NULL, NULL),
	(301, 'J MACEDO CONSTRUTORA E SERVIÇOS DE GEOTECNIA LTDA', 1, NULL, '02.467.477/0001-07', 'J MACEDO GEOTECNICA', '2024-06-11 08:58:47', NULL, NULL),
	(302, 'GOMES FERNANDES TRANSPORTES LTDA', 1, NULL, '30.154.598/0001-34', 'GOMES FERNANDES TRANSPORTES LTDA', '2024-06-11 08:58:47', NULL, NULL),
	(303, 'A DE ASSIS FILHO LOCAçãO TRANSPORTE', 1, NULL, '12.588.474/0001-85', 'LOCAMIX', '2024-06-11 08:58:47', NULL, NULL),
	(304, 'JAIME DE OLIVEIRA NUNES LTDA', 1, NULL, '08.964.498/0001-14', 'ELETROMAQ', '2024-06-11 08:58:47', NULL, NULL),
	(305, 'ESTEVÃO MARCOLAN CASAGRANDE', 1, NULL, '33.978.964/0001-68', 'M F LOCAÇÕES', '2024-06-11 08:58:47', NULL, NULL),
	(306, 'TBT ENGENHARIA LTDA', 1, NULL, '07.447.225/0001-30', 'TBT ENGENHARIA LTDA - EPP', '2024-06-11 08:58:47', NULL, NULL),
	(307, 'LOGFLEET SISTEMAS E GESTÃO DE FROTAS EIRELLI', 1, NULL, '27.437.613/0001-47', 'PERSONAL SERVICOS', '2024-06-11 08:58:47', NULL, NULL),
	(308, 'FLORA RAIZES PAISAGISMO COMERCIO E IMPORTAÇÃO LTDA-ME', 1, NULL, '65.470.601/0001-03', 'FLORA RAIZES PAISAGISMO COMERCIO E IMPORTACAO LTDA', '2024-06-11 08:58:47', NULL, NULL),
	(309, 'CONCREJE LOCAÇÕES LTDA', 1, NULL, '02.902.564/0001-45', NULL, '2024-06-11 08:58:47', NULL, NULL),
	(310, 'DI BASE MIX SERVIÇO DE CONCRETO LTDA', 1, NULL, '21.947.638/0001-04', 'DI BASE MIX ', '2024-06-11 08:58:47', NULL, NULL),
	(311, 'ENGEP ESCAVAÇÕES, DESMONTE DE ROCHA E TERRAPLANAGEM - EIRELI', 1, NULL, '05.440.785/0003-07', 'ENGP ESCAVACOES, DESMONTE DE ROCHA E TERRAPLENAGEM EIRELI ­ ME', '2024-06-11 08:58:47', NULL, NULL),
	(312, 'RR COMÉRCIO E PRESTAÇÃO DE SERVIÇOS LTDA', 1, NULL, '09.553.939/0001-58', 'RR COMERCIO E PRESTACAO DE SERVIÇO LTDA', '2024-06-11 08:58:47', NULL, NULL),
	(313, 'GUADALINI EQUIPAMENTOS TOPOGRÁFICOS EIRELI', 1, NULL, '15.739.099/0001-15', 'GUANDALINI EQUIPAMENTOS TOPOGRAFICOS EIRELI', '2024-06-11 08:58:47', NULL, NULL),
	(314, 'AP&L ENGENHARIA LIMITADA - EPP', 1, NULL, '07.505.325/0001-75', 'AP&L ENGENHARIA LIMITADA ', '2024-06-11 08:58:47', NULL, NULL),
	(315, 'JULIANA APARECIDA LARA CARVALHO', 1, NULL, '20.490.472/0001-87', 'RR TRANSPORTES', '2024-06-11 08:58:47', NULL, NULL),
	(316, 'ENGENHARIA DE FUNDAÇÕES SOROCABANA', 1, NULL, '25.400.578/0001-66', 'ENGENHARIA DE FUNDACOES SOROCABANA', '2024-06-11 08:58:47', NULL, NULL),
	(317, 'COL NORTE COLETA DE RESIDUOS LTDA', 1, NULL, '09.190.350/0001-32', 'NORTE RECICLA', '2024-06-11 08:58:47', NULL, NULL),
	(318, 'A2Z - GERENCIAMENTO E SERVIÇOS LTDA', 1, NULL, '11.042.045/0001-45', 'A2Z- GERENCIAMENTO E SERVICOS LTDA', '2024-06-11 08:58:47', NULL, NULL),
	(319, 'CONSORCIO DE DESENVOLVIMENTO SUSTENTAVEL DO VELHO CHICO', 1, NULL, '30.069.044/0001-39', 'CONSORCIO DE DESENVOLVIMENTO SUSTENTVEL DO VELHO CHICO - CDS DO VELHO CHICO', '2024-06-11 08:58:47', NULL, NULL),
	(320, 'FN CRESPO NETO SERVIÇOS DE ENGENHARIA LTDA', 1, NULL, '15.821.368/0001-98', 'FN SONDAGENS, FUNDACOES E OBRAS ESPECIAIS', '2024-06-11 08:58:47', NULL, NULL),
	(321, 'POPAY LOCAÇÕES E TRANSPORTES', 1, NULL, '17.196.330/0001-05', 'POPAY', '2024-06-11 08:58:47', NULL, NULL),
	(322, 'JULIANA RODRIGUES FERREIRA', 1, NULL, '26.022.560/0001-30', 'MENIM LOCACAO E CONTRUCAO', '2024-06-11 08:58:47', NULL, NULL),
	(323, 'VILLA INTERNACIONAL SOLUCOES EM CONCRETO SA', 1, NULL, '10.978.858/0001-89', 'VILLA INTERNACIONAL SOLUCOES EM CONCRETO SA', '2024-06-11 08:58:47', NULL, NULL),
	(324, 'JEFTER RIBEIRO PEREIRA MECANIZAÇÃO AGRICOLA', 1, NULL, '10.968.506/0001-42', 'JEFTER RIBEIRO PEREIRA MECANIZACAO AGRICOLA', '2024-06-11 08:58:47', NULL, NULL),
	(325, 'J & W TRANSPORTES, LOCAÇÃO E SERVIÇOS LTDA', 1, NULL, '16.631.485/0001-51', 'BELLAS TOUR', '2024-06-11 08:58:47', NULL, NULL),
	(326, 'TRANSLEMOS', 1, NULL, '07.281.106/0001-50', 'TRANSLEMOS', '2024-06-11 08:58:47', NULL, NULL),
	(327, 'TRIUNFO LOCACOES E SERVICO', 1, NULL, '30.264.773/0001-46', 'TRIUNFO LOCACOES E SERVICOS', '2024-06-11 08:58:47', NULL, NULL),
	(328, 'VIPOL TRANSPORTES', 1, NULL, '10.807.776/0001-71', 'VIPOL TRANSPORTES', '2024-06-11 08:58:47', NULL, NULL),
	(329, 'HIJOS LOCAÇÕES', 1, NULL, '28.528.662/0001-58', 'HIJOS EMPORIO', '2024-06-11 08:58:47', NULL, NULL),
	(330, 'GEOMETA ENGENHARIA DE FUN E IND E', 1, NULL, '25.452.608/0001-88', 'GEOMETA ENGENHARIA DE FUNDACOES E SONDAGENS LTDA', '2024-06-11 08:58:47', NULL, NULL),
	(331, 'LOCADORA PAI & FILHOS', 1, NULL, '23.254.811/0001-14', 'LOCADORA PAIS & FILHOS', '2024-06-11 08:58:47', NULL, NULL),
	(332, 'ABENGOA CONSTRUÇÃO BRASIL LTDA', 1, NULL, '04.651.067/0001-47', 'ABENGOA CONSTRUÇÃO BRASIL LTDA', '2024-06-11 08:58:47', NULL, NULL),
	(333, 'R DA SILVA ARAUJO LOCACOES', 1, NULL, '27.977.631/0001-11', 'I R LOCAÇÕES', '2024-06-11 08:58:47', NULL, NULL),
	(334, 'LOCAFAZ MOTORES E MAQUINAS LTDA', 1, NULL, '06.929.547/0001-52', 'LOCAFAZ AMAZONAS', '2024-06-11 08:58:47', NULL, NULL),
	(335, 'W. CORREA DE ALMEDIA', 1, NULL, '19.989.376/0001-07', 'WCORREA LOCACAO MUNK', '2024-06-11 08:58:47', NULL, NULL),
	(336, 'MIT MONTAGENS INDUSTRIAIS TRAJANO LTDA', 1, NULL, '12.587.263/0001-28', 'MIT', '2024-06-11 08:58:47', NULL, NULL),
	(337, 'MENIM LOCAÇÃO E CONSTRUÇÃO', 1, NULL, '26.022.560/0001-30', 'MENIM LOCACAO E CONTRUCAO', '2024-06-11 08:58:47', NULL, NULL),
	(338, 'TRANSVASFER GUINDASTES E EQUIPAMENTOS LTDA', 1, NULL, '07.553.859/0001-77', 'TRANSVASFER ARMAZENAGEM E TRANSPORTES', '2024-06-11 08:58:47', NULL, NULL),
	(339, 'GUINDASTE CENTRO OESTE LTDA', 1, NULL, '23.770.944/0001-43', 'GUINDASTES CENTRO OESTE LTDA', '2024-06-11 08:58:47', NULL, NULL),
	(341, 'PARÁ CIMENTOS COMERCIO & SERVIÇOS - EIRELI', 1, NULL, '24.565.777/0001-61', 'PARA CIMENTO ', '2024-06-11 08:58:47', NULL, NULL),
	(342, 'ALEXANDRE ENGENIO UNGARATTI - ME', 1, NULL, '13.117.949/0001-18', 'M. F. DE MELO', '2024-06-11 08:58:47', NULL, NULL),
	(343, 'GASPAR AMBULÂNCIAS', 1, NULL, '27.217.886/0001-86', 'GASPAR AMBULANCIAS', '2024-06-11 08:58:47', NULL, NULL),
	(344, 'MAMUTH TRANSPORTE DE MAQUINAS LTDA.', 1, NULL, '47.389.879/0001-79', 'MAMUTH TRANSPORTE DE MAQUINAS LTDA', '2024-06-11 08:58:47', NULL, NULL),
	(345, 'EUCI ELZA DA SILVA ROCHA-ME', 1, NULL, '15.008.479/0001-80', 'EUCI ELZA DA SILVA ROCHA', '2024-06-11 08:58:47', NULL, NULL),
	(346, 'A DA COSTA VERGETTE TRANSPORTE E LOCAÇÃO', 1, NULL, '17.859.936/0001-75', 'A DA COSTA VERGETTE TRANSPORTE E LOCACAO', '2024-06-11 08:58:47', NULL, NULL),
	(347, 'BAHIA SUL TRANSPORTE E LOGISTICA LTDA', 1, NULL, '29.750.986/0001-07', 'BAHIA SUL TRANSPORTES', '2024-06-11 08:58:47', NULL, NULL),
	(348, 'LOKSAN ENTRETENIMENTO E SERVIÇOS LTDA', 1, NULL, '00.613.917/0001-61', 'LOKSAN', '2024-06-11 08:58:47', NULL, NULL),
	(349, 'VIAMED ASSISTÊNCIA MÉDICA LTDA', 1, NULL, '26.732.104/0001-84', 'VIAMED EMERGENCIAS MEDICAS', '2024-06-11 08:58:47', NULL, NULL),
	(350, 'SARAIVA EQUIPAMENTOS', 1, NULL, '41.024.712/0001-28', 'SARAIVA EQUIPAMENTOS LTDA', '2024-06-11 08:58:47', NULL, NULL),
	(351, 'AVB SERVIÇOS E COMERCIO LTDA E PP', 1, NULL, '21.097.505/0001-96', NULL, '2024-06-11 08:58:47', NULL, NULL),
	(352, 'GOIAS SERVIÇOS DE CONCRETAGEM LTDA', 1, NULL, '05.134.885/0006-40', 'GOIAS SERVIÇOS DE CONCRETAGEM LTDA', '2024-06-11 08:58:47', NULL, NULL),
	(353, 'LEANDRO DOS SANTOS', 1, NULL, '00.476.574/2558-05', NULL, '2024-06-11 08:58:47', NULL, NULL),
	(354, 'FREDERICO DE MOURA', 1, NULL, '00.507.297/4405-85', NULL, '2024-06-11 08:58:47', NULL, NULL),
	(355, 'AGROPECUARIA CRUZEIRO DO SUL EIRELI', 1, NULL, '37.010.373/0001-53', 'AGROPECUARIA CRUZEIRO DO SUL', '2024-06-11 08:58:47', NULL, NULL),
	(356, 'CLAUDENIZIA MARTINS DE SOUZA', 1, NULL, '30.720.682/0001-78', 'CHURRASCARIA E LANCHONETE CLARICE', '2024-06-11 08:58:47', NULL, NULL),
	(357, 'GM TRANSPORTADORA', 1, NULL, '14.252.521/0001-40', 'GM TRANSPORTADORA', '2024-06-11 08:58:47', NULL, NULL),
	(358, 'CDC SERVICOS FLORESTAIS LTDA ME', 1, NULL, '10.382.705/0001-74', NULL, '2024-06-11 08:58:47', NULL, NULL),
	(359, 'TRANSLIMA', 1, NULL, '17.432.905/0001-33', 'TRANSLIMA', '2024-06-11 08:58:47', NULL, NULL),
	(360, 'FERMATEC LOCACOES', 1, NULL, '23.894.216/0001-43', 'FERMATEC LOCACOES', '2024-06-11 08:58:47', NULL, NULL),
	(361, 'JN LOCADORA DE VEICULO E EQUIPAMENTO LTDA ME', 1, NULL, '22.131.729/000130', NULL, '2024-06-11 08:58:47', NULL, NULL),
	(362, 'ENGELOC ENGENHARIA E LOCAÇÃO EIRELI', 1, NULL, '11.222.077/0001-22', 'ENGELOC', '2024-06-11 08:58:47', NULL, NULL),
	(363, 'CONSTRUTORA GUSSO LTDA', 1, NULL, '33.134.020/0001-04', 'CONSTRUTORA GUSSO LTDA', '2024-06-11 08:58:47', NULL, NULL),
	(364, 'A&G SERVIÇOS MÉDICOS LTDA', 1, NULL, '12.532.358/0001-44', 'CMD SAUDE', '2024-06-11 08:58:47', NULL, NULL),
	(365, 'SERAFIM E SOUZA LTDA ( SS ESCAVAÇÕES - ME )', 1, NULL, '11.591.148/0001-64', 'SS ESCAVACOES', '2024-06-11 08:58:47', NULL, NULL),
	(366, 'JI LOCADORA DE VEICULO LTDA.', 1, NULL, '17.247.277/0001-16', 'JI LOCACOES', '2024-06-11 08:58:47', NULL, NULL),
	(367, 'E C DE LIMA LOCADORA DE VEICULOS', 1, NULL, '32.343.124/0001-66', 'S P LOCACOES', '2024-06-11 08:58:47', NULL, NULL),
	(368, 'LOC-BEM LOCAÇÃO DE EQUIPAMENTOS', 1, NULL, '17.935.510/0001-53', 'LOC BEM ', '2024-06-11 08:58:47', NULL, NULL),
	(370, 'MARIA BETANIA NOGUEIRA DA SILVA', 1, NULL, '32.450.473/0001-87', 'ROBINHO GUINCHO', '2024-06-11 08:58:47', NULL, NULL),
	(371, 'E.L.A. SERVIÇOS FLORESTAIS - EIRELI ( HP SERVIÇOS ) ME', 1, NULL, '26.670.655/0001-60', 'HP SERVICOS', '2024-06-11 08:58:47', NULL, NULL),
	(372, 'L. PEDRAO', 1, NULL, '24.976.647/0001-11', 'L.PEDRAO', '2024-06-11 08:58:47', NULL, NULL),
	(373, 'JP LOCAÇÕES DE VEICULOS EIRELI', 1, NULL, '32.834.846/0001-13', 'JP LOCACOES', '2024-06-11 08:58:47', NULL, NULL),
	(374, 'ROBSON SILVEIRO RIBEIRO - ME ( LOCAÇÕES DE VEICULO KATITA )', 1, NULL, '22.869.329/0001-26', NULL, '2024-06-11 08:58:47', NULL, NULL),
	(375, 'JOSE CARLOS PEREIRA DOS SANTOS', 1, NULL, '32.774.740/0001-71', NULL, '2024-06-11 08:58:47', NULL, NULL),
	(377, 'M. DE F. MENDES DA SILVA EIREL', 1, NULL, '19.690.902/0001-25', 'ELETROCONSTRON', '2024-06-11 08:58:47', NULL, NULL),
	(378, 'TECNICA ENGENHARIA LTDA', 1, NULL, '05.283.511/0001-81', 'TECNICA ENGENHARIA', '2024-06-11 08:58:47', NULL, NULL),
	(380, 'RM BARTOLOTTO LTDA', 1, NULL, '11.263.489/0001-00', 'ROMEU TRANSPORTE', '2024-06-11 08:58:47', NULL, NULL),
	(381, 'TECNICA SONDAGEM E TECNOLOGIA LTDA', 1, NULL, '24.995.164/0001-64', 'TECNICA SONDAGEM E TECNOLOGIA', '2024-06-11 08:58:47', NULL, NULL),
	(382, 'ARMAC LOCACAO, LOGISTICA E SERVICOS S.A.', 1, NULL, '00.242.184/0001-04', NULL, '2024-06-11 08:58:47', NULL, NULL),
	(383, 'BORDO ARTIGOS DO VESTUARIO COMERCIO E LOCACOES LTDA', 1, NULL, '10.904.719/0001-00', 'BORDO', '2024-06-11 08:58:47', NULL, NULL),
	(384, 'BRASIL MAQUINAS E AGROPECUARIA LTDA', 1, NULL, '39.455.861/0001-08', 'BRASIL MAQUINAS', '2024-06-11 08:58:47', NULL, NULL),
	(385, 'MASTER GUINDASTES LOCACOES DE EQUIPAMENTOS LTDA', 1, NULL, '00.423.562/0001-48', 'MASTER GUINDASTES', '2024-06-11 08:58:47', NULL, NULL),
	(386, 'JOSE ARNALDO ALVES DA SILVA', 1, NULL, '09.447.796/0001-08', 'RODOGUINCHOS LOCACOES E SERVICOS', '2024-06-11 08:58:47', NULL, NULL),
	(387, 'TECNOMIL MONTAGENS INDUSTRIAIS LTDA', 1, NULL, '08.968.621/0001-75', '', '2024-06-11 08:58:47', NULL, NULL),
	(388, 'G.M.P. LOCACOES DE MAQUINAS E SERVICOS LTDA', 1, NULL, '08.184.170/0001-85', 'GEMAPE', '2024-06-11 08:58:47', NULL, NULL),
	(389, 'F B BATISTA LOCACOES', 1, NULL, '11.933.713/0001-24', '', '2024-06-11 08:58:47', NULL, NULL),
	(390, 'CNLL GUINDASTES LTDA', 1, NULL, '23.909.677/0001-42', 'CNLL GUINDASTES', '2024-06-11 08:58:47', NULL, NULL),
	(391, 'WAGNER MILLANEZ VIANA DE ASSUNCAO - LOCACOES', 1, NULL, '22.090.749/0001-00', 'W A LOCACOES', '2024-06-11 08:58:47', NULL, NULL),
	(392, 'ALDI TRATOR TERRA LTDA', 1, NULL, '23.878.297/0001-98', 'ATT MAQUINAS E MATERIAL DE CONSTRUCAO', '2024-06-11 08:58:47', NULL, NULL),
	(393, 'CONCRETTEM USINADOS DE CONCRETO LTDA', 1, NULL, '03.236.588/0001-75', 'CONCRETTEM USINADOS', '2024-06-11 08:58:47', NULL, NULL),
	(394, 'ROGERIO CIESIELKI', 1, NULL, '10.243.028/0001-03', 'TORNEARIA SETE QUEDAS', '2024-06-11 08:58:47', NULL, NULL),
	(395, 'PESA RENTAL LOCACOES S.A.', 1, NULL, '19.266.802/0001-76', '', '2024-06-11 08:58:47', NULL, NULL),
	(396, 'NORTE GERADORES IMP EXP E LOCACAO DE MAQUINAS LTDA', 1, NULL, '63.876.114/0003-81', 'NORTE GERADORES', '2024-06-11 08:58:47', NULL, NULL),
	(397, 'BSM ENGENHARIA S.A. EM RECUPERACAO JUDICIAL', 1, NULL, '34.078.154/0003-80', '', '2024-06-11 08:58:47', NULL, NULL),
	(398, 'RP GUINDASTES E CONSTRUCOES LTDA', 1, NULL, '09.520.510/0001-64', 'RP GUINDASTES', '2024-06-11 08:58:47', NULL, NULL),
	(399, 'FILIPE NASCIMENTO CAMPOS E CIA LTDA', 1, NULL, '33.790.046/0001-00', 'FILIPE RODAS REBOQUE', '2024-06-11 08:58:47', NULL, NULL),
	(400, '2R LOCACOES DE VEICULOS E EQUIPAMENTOS LTDA', 0, 219, '33.202.877/0001-14', '', '2024-06-11 08:58:47', NULL, NULL),
	(401, 'BSM SERVICOS TECNICOS DE ENGENHARIA E LOCACAO LTDA', 1, NULL, '14.337.622/0001-14', '', '2024-06-11 08:58:47', NULL, NULL),
	(402, 'VALTUIR SPERANDIO COTT', 1, NULL, '31.805.302/0001-60', 'VSC TRANSPORTES LTDA - EPP', '2024-06-11 08:58:47', NULL, NULL),
	(403, 'MEDISTAR LTDA', 1, NULL, '37.983.800/0001-80', 'MEDISTAR LTDA', '2024-06-11 08:58:47', NULL, NULL),
	(404, 'EXPRESSO SEM FRONTEIRAS LTDA', 1, NULL, '02.714.199/0001-45', 'EXPRESSO SEM FRONTEIRAS LTDA', '2024-06-11 08:58:47', NULL, NULL),
	(405, 'UNIGUINCHO TRANSPORTES ESPECIAIS EIRELI', 1, NULL, '10.355.674/0001-62', 'UNIGUINCHO TRANSPORTES ESPECIAIS EIRELI', '2024-06-11 08:58:47', NULL, NULL),
	(406, 'MINABRASI TERRAPLENAGEM E SERVICOS LTDA.', 1, NULL, '08.486.422/0001-20', 'MINABRASI TERRAPLENAGEM', '2024-06-11 08:58:47', NULL, NULL),
	(407, 'R.K.J TRANSPORTES & SERVICOS LTDA', 1, NULL, '11.192.345/0001-00', '', '2024-06-11 08:58:47', NULL, NULL),
	(408, 'CM GUINDASTES LOCACOES E SERVICOS LTDA', 1, NULL, '26.271.815/0001-07', 'CM GUINDASTES', '2024-06-11 08:58:47', NULL, NULL),
	(409, 'VERSI LOCACOES E COMERCIO LTDA', 1, NULL, '37.365.136/0001-05', 'VERSI LOC', '2024-06-11 08:58:47', NULL, NULL),
	(410, 'CM LOCACAO E SERVICOS LTDA', 1, NULL, '14.608.724/0001-27', 'CM LOCACAO E SERVICOS', '2024-06-11 08:58:47', NULL, NULL),
	(411, 'ADM RENTAL SERVICE LTDA.', 1, NULL, '44.749.543/0001-81', 'ADM RENTAL SERVICE LTDA.', '2024-06-11 08:58:47', NULL, NULL),
	(412, 'ESTRELA DE MINAS TRANSPORTE LTDA', 1, NULL, '02.320.214/0001-70', 'ESTRELA DE MINAS TRANSPORTE LTDA', '2024-06-11 08:58:47', NULL, NULL),
	(413, 'EKIPAMIL LOCAÇÃO DE EQUIPAMENTOS LTDA', 1, NULL, '35.513.186/0001-67', 'EKIPAMIL LOCAÇÃO DE EQUIPAMENTOS', '2024-06-11 08:58:47', NULL, NULL),
	(414, 'LOCAR GUINDASTES E TRANSPORTES INTERMODAIS S A', 1, NULL, '43.368.422/0021-70', '', '2024-06-11 08:58:47', NULL, NULL),
	(415, 'MILLS ESTRUTURAS E SERVICOS DE ENGENHARIA S/A', 1, NULL, '27.093.558/0001-15', '', '2024-06-11 08:58:47', NULL, NULL),
	(416, 'FARLOC COMERCIO E SERVICOS LTDA', 1, NULL, '03.172.011/0001-47', 'FARLOC', '2024-06-11 08:58:47', NULL, NULL),
	(417, 'SISTERMI LOCACAO DE MAQUINAS E EQUIPAMENTOS LTDA', 1, NULL, '27.535.996/0001-96', 'SISTERMI', '2024-06-11 08:58:47', NULL, NULL),
	(418, 'TRANSTHOMAZINI TRANSPORTES LTDA', 1, NULL, '08.698.643/0001-62', 'TRANSTHOMAZINI', '2024-06-11 08:58:47', NULL, NULL),
	(419, 'ZAMLOC LOCACAO DE MOVEIS, MAQUINAS E EQUIPAMENTOS EIRELI', 1, NULL, '36.445.686/0005-03', '********', '2024-06-11 08:58:47', NULL, NULL),
	(420, 'DC TRANSPORTES E SERVICOS LTDA', 1, NULL, '22.332.830/0001-59', 'DC TRANSPORTES', '2024-06-11 08:58:47', NULL, NULL),
	(421, 'MRS SOLUCAO TRANSPORTES E TURISMO LTDA', 1, NULL, '47.604.527/0001-99', '********', '2024-06-11 08:58:47', NULL, NULL),
	(422, 'ELISABETH SANTOS TAVEIRA LTDA', 1, NULL, '21.588.258/0001-20', 'ALICIA ATENDIMENTO MEDICO DOMICILIAR E REMOCOES', '2024-06-11 08:58:47', NULL, NULL),
	(423, 'GURGEL & FILHOS COMERCIAL LTDA', 1, NULL, '01.997.222/0001-93', '********', '2024-06-11 08:58:47', NULL, NULL),
	(424, 'MURICI MAQUINAS E EQUIPAMENTOS LTDA', 1, NULL, '23.306.699/0001-18', 'MURICI MAQUINAS E EQUIPAMENTOS', '2024-06-11 08:58:47', NULL, NULL),
	(425, 'RIO NEGRO TRANSPORTES LTDA', 1, NULL, '08.642.410/0001-48', 'TRANSPORTADORA RIO NEGRO LTDA', '2024-06-11 08:58:47', NULL, NULL),
	(426, 'LOCMAQ LOCACAO DE EQUIPAMENTOS INDUSTRIAIS LTDA', 1, NULL, '10.851.626/0001-65', '********', '2024-06-11 08:58:47', NULL, NULL),
	(427, 'ICSK BRASIL CONSTRUCAO LTDA', 1, NULL, '24.301.458/0001-49', 'SKIC BRASIL', '2024-06-11 08:58:47', NULL, NULL),
	(428, 'RAJA RENT A CAR S/A', 1, NULL, '01.338.388/0001-06', '********', '2024-06-11 08:58:47', NULL, NULL),
	(429, 'TRANSPORTES SAVENHAGO LTDA', 1, NULL, '02.294.891/0001-61', 'TRANSPORTES SAVENHAGO', '2024-06-11 08:58:47', NULL, NULL),
	(430, 'JL - LOCACAO DE MAQUINAS E VEICULOS LTDA', 1, NULL, '11.065.268/0001-28', '********', '2024-06-11 08:58:47', NULL, NULL),
	(431, 'MEGGA LOCADORA DE MAQUINAS LTDA', 1, NULL, '16.927.260/0001-47', 'MEGGA LOCADORA', '2024-06-11 08:58:47', NULL, NULL),
	(432, 'WM SERVICOS E LOCACOES LTDA', 1, NULL, '29.975.300/0001-78', '********', '2024-06-11 08:58:47', NULL, NULL),
	(433, 'ROBERTO VIAGENS ESPECIAIS LTDA', 1, NULL, '02.560.408/0001-43', 'ROBERTO VIAGENS ESPECIAIS', '2024-06-11 08:58:47', NULL, NULL),
	(434, 'ARAUJO CAMINHOES E MAQUINAS', 1, NULL, '16.597.118/0001-89', 'ETIVALDO NEVES DE ARAUJO', '2024-06-11 08:58:47', NULL, NULL),
	(435, 'MCM LOCACOES LTDA', 1, NULL, '17.533.095/0001-01', 'MCM LOCACOES LTDA', '2024-06-11 08:58:47', NULL, NULL),
	(436, 'SUPORTE EQUIPAMENTOS LTDA', 1, NULL, '11.793.343/0001-77', '********', '2024-06-11 08:58:47', NULL, NULL),
	(437, 'POWER SOLAR FUNDACOES LTDA', 1, NULL, '32.960.547/0001-25', '********', '2024-06-11 08:58:47', NULL, NULL),
	(438, 'TEX LOCACOES DE EQUIPAMENTOS P/CONSTRUCAO LTDA', 1, NULL, '35.829.938/0001-01', 'TEX LOCACOES', '2024-06-11 08:58:47', NULL, NULL),
	(439, 'BRSUL LOGISTICA LTDA', 1, NULL, '20.861.271/0001-49', '********', '2024-06-11 08:58:47', NULL, NULL),
	(440, 'TRANSMATHEUS TRANSPORTADORA LTDA', 1, NULL, '11.321.061/0001-77', 'TRANSMATHEUS', '2024-06-11 08:58:47', NULL, NULL),
	(441, 'OASIS AUTO PECAS E TRANSPORTES LTDA', 1, NULL, '23.171.481/0001-01', 'OASIS ACESSORIOS E TRANSPORTES', '2024-06-11 08:58:47', NULL, NULL),
	(442, 'S. SIEPLIN LOCACOES LTDA', 1, NULL, '26.196.127/0001-11', '********', '2024-06-11 08:58:47', NULL, NULL),
	(443, 'PETERRA ALUGUEL DE EQUIPAMENTOS LTDA', 1, NULL, '27.249.457/0001-90', 'PETERRA', '2024-06-11 08:58:47', NULL, NULL),
	(444, 'FM TERRAPLENAGEM LTDA', 1, NULL, '32.855.579/0001-60', 'FM TERRAPLENAGEM', '2024-06-11 08:58:47', NULL, NULL),
	(445, 'M E PARDAL SERVICOS DE ENGENHARIA', 1, NULL, '36.518.088/0001-85', 'M E PARDAL SERVICOS DE ENGENHARIA', '2024-06-11 08:58:47', NULL, NULL),
	(446, 'SIGA SISTEMA INTELIGENTE DE GERENCIAMENTO DE ALOJAMENTO', 1, NULL, '46.842.546/0001-90', 'SIGA HOTEL LTDA', '2024-06-11 08:58:47', NULL, NULL),
	(447, 'TRO LOCACOES DE PIPA LTDA', 1, NULL, '34.503.918/0001-75', 'TRO LOCACOES DE PIPA LTDA', '2024-06-11 08:58:47', NULL, NULL),
	(448, 'A GERADORA ALUGUEL DE MAQUINAS S.A.', 1, NULL, '33.845.322/0004-33', '********', '2024-06-11 08:58:47', NULL, NULL),
	(449, 'JANILSON LOCACOES', 1, NULL, '22.089.843/0001-49', 'JANILSON MENEZES FARIAS DE CAETITE', '2024-06-11 08:58:47', NULL, NULL),
	(450, 'AMORIM RENTAL LOCACOES E SERVICOS', 1, NULL, '46.455.250/0001-17', 'LEANDRO MACEDO NUNES AMORIM', '2024-06-11 08:58:47', NULL, NULL),
	(451, 'INOVAGRO PREPAROS E LOCACOES LTDA', 1, NULL, '19.448.662/0001-57', 'INOVAGRO', '2024-06-11 08:58:47', NULL, NULL),
	(452, 'CONSERV RENTAL LOCACOES DE MAQUINAS E SERVICOS LTDA', 1, NULL, '18.648.540/0001-41', 'CONSERV RENTAL', '2024-06-11 08:58:47', NULL, NULL),
	(453, 'PORTUGAL LOCACAO DE MAQUINAS LTDA', 1, NULL, '73.734.048/0001-05', '********', '2024-06-11 08:58:47', NULL, NULL),
	(454, 'GEOBASE GEOTECNIA E FUNDACAO LTDA', 1, NULL, '28.476.212/0001-69', '********', '2024-06-11 08:58:47', NULL, NULL),
	(455, 'SONDATECH ENGENHARIA E SOLUCOES LTDA', 1, NULL, '22.134.205/0001-00', 'SONDATECH', '2024-06-11 08:58:47', NULL, NULL),
	(456, 'CERAMICA MINAS BAHIA LTDA', 1, NULL, '05.628.519/0001-32', 'CERAMICA MINAS BAHIA LTDA', '2024-06-11 08:58:47', NULL, NULL),
	(457, 'STL CONSTRUÇÕES E LOCAÇÕES LTDA', 1, NULL, '31.050.448/0001-43', 'STL CONSTRUÇÕES E LOCAÇÕES LTDA', '2024-06-11 08:58:47', NULL, NULL),
	(458, 'CAMARGO CORREA INFRA LTDA', 1, NULL, '11.178.032/0018-46', '********', '2024-06-11 08:58:47', NULL, NULL),
	(459, 'REALIZA TRANSPORTES E LOCACAO DE VEICULOS LTDA', 1, NULL, '00.215.234/0001-56', 'REALIZA RENT A CAR', '2024-06-11 08:58:47', NULL, NULL),
	(460, 'TERRA FORTE LOCACOES DE MAQUINAS E VEICULOS LTDA', 1, NULL, '30.978.562/0001-75', 'TERRA FORTE LOCACOES DE MAQUINAS', '2024-06-11 08:58:47', NULL, NULL),
	(462, 'POCOS ARTESIANOS MINAS LTDA', 1, NULL, '09.511.840/0001-93', 'MINAS POCOS', '2024-06-11 08:58:47', NULL, NULL),
	(463, 'FERREIRA LOCACOES E TRANSPORTE LTDA', 1, NULL, '50.231.373/0001-41', 'FERREIRA LOCACOES E TRANSPORTE', '2024-06-11 08:58:47', NULL, NULL),
	(464, 'SALVADOR EMPREENDIMENTOS LTDA', 1, NULL, '17.330.993/0001-62', '********', '2024-06-11 08:58:47', NULL, NULL),
	(465, 'IVONEIDE SILVEIRA MARTINS KAKIUCHI 10407663665', 1, NULL, '36.561.619/0001-12', 'MULT LOCACOES', '2024-06-11 08:58:47', NULL, NULL),
	(466, 'RETRO SERVICE LOCACOES LTDA', 1, NULL, '28.431.822/0001-46', 'RETRO-SERVICE', '2024-06-11 08:58:47', NULL, NULL),
	(467, 'TRANSDATA ENGENHARIA E MOVIMENTACAO LTDA', 1, NULL, '43.053.081/0001-09', '********', '2024-06-11 08:58:47', NULL, NULL),
	(468, 'MAXIMA LOCACOES, COMERCIO E SERVICOS LTDA', 1, NULL, '24.541.208/0001-86', 'MAXIMA LOCACOES E SERVICOS', '2024-06-11 08:58:47', NULL, NULL),
	(469, 'LOKTHOMAZINI TRANSPORTES LTDA', 1, NULL, '46.513.234/0001-33', 'LOKTHOMAZINI', '2024-06-11 08:58:47', NULL, NULL),
	(470, 'ERMINIO GONCALVES PAZOLINI', 1, NULL, '44.263.967/0001-31', 'GP TOUR', '2024-06-11 08:58:47', NULL, NULL),
	(471, 'A CASA PADRAO LOCACAO DE MAQUINAS LTDA', 1, NULL, '07.109.963/0001-77', 'CASA PADRAO', '2024-06-11 08:58:47', NULL, NULL),
	(472, 'BRV SERVICOS DE LIMPEZA E MANUTENCAO LTDA', 1, NULL, '52.622.085/0001-43', 'BRV SERVICOS DE LIMPEZA E MANUTENCAO LTDA', '2024-06-11 08:58:47', NULL, NULL),
	(473, 'JERVECE MAZETTO', 1, NULL, '06.986.346/0002-78', 'LOCAGUINCHO', '2024-06-11 08:58:47', NULL, NULL),
	(474, 'MAZETTO RENTAL LOCACAO DE MAQUINAS LTDA', 1, NULL, '32.834.203/0001-70', '********', '2024-06-11 08:58:47', NULL, NULL),
	(475, 'TECNOGERA - LOCACAO E TRANSFORMACAO DE ENERGIA SA', 1, NULL, '08.100.057/0021-18', '********', '2024-06-11 08:58:47', NULL, NULL),
	(476, 'AURABRASIL TRANSPORTADORA, MÁQUINAS E EQUIPAMENTOS LTDA', 1, NULL, '14.053.968/0001-90', 'AURABRASIL TRANSPORTADORA, MÁQUINAS E EQUIPAMENTOS LTDA', '2024-06-11 08:58:47', NULL, NULL),
	(477, 'WGL SOLUCOES EM TECNOLOGIAS E SERVICOS LTDA', 1, NULL, '11.063.844/0004-40', 'WGL SOLUCOES EM TECNOLOGIAS E SERVICOS LTDA', '2024-06-11 08:58:47', NULL, NULL),
	(478, 'SOUZA RAMOS LOCACOES E SERVICOS LTDA', 1, NULL, '01.612.165/0001-87', 'SOUZA RAMOS LOCACOES E SERVICOS', '2024-06-11 08:58:47', NULL, NULL);
/*!40000 ALTER TABLE `supplyers` ENABLE KEYS */;

-- Copiando estrutura para tabela toll_db.system_modules
CREATE TABLE IF NOT EXISTS `system_modules` (
  `id` int(11) NOT NULL AUTO_INCREMENT,
  `name` varchar(50) DEFAULT NULL,
  `is_activated` int(11) DEFAULT '1',
  `order_by` int(11) DEFAULT NULL,
  `country_id` int(11) DEFAULT NULL,
  `icon` varchar(120) DEFAULT NULL,
  `route` varchar(120) DEFAULT NULL,
  PRIMARY KEY (`id`),
  KEY `country_id_fk1` (`country_id`),
  CONSTRAINT `country_id_fk1` FOREIGN KEY (`country_id`) REFERENCES `countries` (`id`)
) ENGINE=InnoDB AUTO_INCREMENT=12 DEFAULT CHARSET=utf8;

-- Copiando dados para a tabela toll_db.system_modules: ~3 rows (aproximadamente)
/*!40000 ALTER TABLE `system_modules` DISABLE KEYS */;
INSERT INTO `system_modules` (`id`, `name`, `is_activated`, `order_by`, `country_id`, `icon`, `route`) VALUES
	(1, 'Admin', 1, NULL, NULL, 'nav-icon fas fa-marker', '#'),
	(2, 'General Registrations', 1, NULL, NULL, 'nav-icon fas fa-edit', '#'),
	(3, 'Tooling', 1, 1, NULL, 'nav-icon fas fa-hammer', '#');
/*!40000 ALTER TABLE `system_modules` ENABLE KEYS */;

-- Copiando estrutura para tabela toll_db.system_settings
CREATE TABLE IF NOT EXISTS `system_settings` (
  `id` int(11) unsigned NOT NULL AUTO_INCREMENT,
  `company_id` int(11) DEFAULT NULL,
  `has_km` int(11) unsigned DEFAULT '1',
  `has_h` int(11) unsigned DEFAULT '1',
  `has_arrival_kilometer` int(11) unsigned DEFAULT '1',
  `has_driver` int(11) unsigned DEFAULT '1',
  `has_project_client` int(11) unsigned DEFAULT '1',
  `has_field_activity` int(11) unsigned DEFAULT '1',
  `has_radio` int(11) unsigned DEFAULT '1',
  `requires_approval` int(11) unsigned DEFAULT '1',
  `requires_attachments` int(11) unsigned DEFAULT '1',
  `is_activated` int(10) unsigned DEFAULT '1',
  `created_at` timestamp NULL DEFAULT NULL,
  `updated_at` timestamp NULL DEFAULT NULL,
  `deleted_at` timestamp NULL DEFAULT NULL,
  PRIMARY KEY (`id`),
  KEY `company_id_fk1` (`company_id`),
  CONSTRAINT `company_id_fk1` FOREIGN KEY (`company_id`) REFERENCES `companies` (`id`)
) ENGINE=InnoDB DEFAULT CHARSET=latin1;

-- Copiando dados para a tabela toll_db.system_settings: ~0 rows (aproximadamente)
/*!40000 ALTER TABLE `system_settings` DISABLE KEYS */;
/*!40000 ALTER TABLE `system_settings` ENABLE KEYS */;

-- Copiando estrutura para tabela toll_db.tbl_email_notify
CREATE TABLE IF NOT EXISTS `tbl_email_notify` (
  `cd_email_notify` int(10) unsigned NOT NULL AUTO_INCREMENT,
  `ds_email_finalidade` varchar(120) DEFAULT NULL,
  `ds_email_pagina` varchar(120) DEFAULT NULL,
  `ds_email_assunto` varchar(120) DEFAULT NULL,
  `ds_email_nome` varchar(120) DEFAULT NULL,
  `ds_email` varchar(120) DEFAULT NULL,
  `ds_email_from` varchar(120) DEFAULT 'marcelo.usbert@skic.com',
  `id_ativo` int(10) unsigned NOT NULL DEFAULT '1',
  `id_tipo` int(11) unsigned DEFAULT NULL,
  PRIMARY KEY (`cd_email_notify`)
) ENGINE=InnoDB AUTO_INCREMENT=139 DEFAULT CHARSET=latin1;

-- Copiando dados para a tabela toll_db.tbl_email_notify: ~126 rows (aproximadamente)
/*!40000 ALTER TABLE `tbl_email_notify` DISABLE KEYS */;
INSERT INTO `tbl_email_notify` (`cd_email_notify`, `ds_email_finalidade`, `ds_email_pagina`, `ds_email_assunto`, `ds_email_nome`, `ds_email`, `ds_email_from`, `id_ativo`, `id_tipo`) VALUES
	(1, 'Envio Semanal de Ordens de Serviço em aberto', 'send-mail-alert-os-abertas.php', 'SGE - Ordens de Serviço em Aberto', 'Marcelo de Jesus Usbert', 'marcelo.usbert@skic.com', 'marcelo.usbert@skic.com', 1, 1),
	(2, 'Envio Semanal de Ordens de Serviço em aberto', 'send-mail-alert-os-abertas.php', 'SGE - Ordens de Serviço em Aberto', 'Italo Camardelli Santos', 'italo.camardelli@skic.com', 'marcelo.usbert@skic.com', 1, 1),
	(3, 'Envio Semanal de Ordens de Serviço em aberto', 'send-mail-alert-os-abertas.php', 'SGE - Ordens de Serviço em Aberto', 'Rodrigo Rodrigues de Jesus', 'rodrigo.rodrigues@skic.com', 'marcelo.usbert@skic.com', 1, 1),
	(4, 'Cadastro do Equipamento APROVADO', 'send-mail-eqpo-step3-APROV.php', 'SGE - Novo Equipamento Cadastrado', 'Gisele Queiroz', 'gisele.queiroz@interrs.com.br', 'marcelo.usbert@skic.com', 1, 2),
	(5, 'Cadastro do Equipamento APROVADO', 'send-mail-eqpo-step3-APROV.php', 'SGE - Novo Equipamento Cadastrado', 'Raissa Mello', 'raissa.mello@interrs.com.br', 'marcelo.usbert@skic.com', 1, 2),
	(7, 'Envio Semanal de Ordens de Serviço em aberto', 'send-mail-alert-os-abertas.php', 'SGE - Ordens de Serviço em Aberto', 'Rildo Domingos de Souza', 'rildo.domingos@skic.com', 'marcelo.usbert@skic.com', 1, 1),
	(8, 'Primeiro e-mail de Cadastro de Equipamentos', 'send-mail-eqpo-step1.php', 'SGE - Anexo de Documentos não Finalizado', 'Marcelo de Jesus Usbert', 'marcelo.usbert@skic.com', 'marcelo.usbert@skic.com', 1, 1),
	(9, 'Primeiro e-mail de Cadastro de Equipamentos', 'send-mail-eqpo-step1.php', 'SGE - Anexo de Documentos não Finalizado', 'Italo Camardelli Santos', 'italo.camardelli@skic.com', 'marcelo.usbert@skic.com', 0, 1),
	(10, 'Primeiro e-mail de Cadastro de Equipamentos', 'send-mail-eqpo-step1.php', 'SGE - Anexo de Documentos não Finalizado', 'Rildo Domingos de Souza', 'rildo.domingos@skic.com', 'marcelo.usbert@skic.com', 0, 1),
	(11, 'Primeiro e-mail de Cadastro de Equipamentos', 'send-mail-eqpo-step1.php', 'SGE - Anexo de Documentos não Finalizado', 'Rodrigo Rodrigues de Jesus', 'rodrigo.rodrigues@skic.com', 'marcelo.usbert@skic.com', 0, 1),
	(12, 'Aviso de Anexo para Aprovação de Equipamento', 'send-mail-revisao-anexada1.php', 'SGE - Anexo para Aprovação de Equipamento', 'Rodrigo Rodrigues de Jesus', 'rodrigo.rodrigues@skic.com', 'marcelo.usbert@skic.com', 0, 1),
	(13, 'Aviso de Anexo para Aprovação de Equipamento', 'send-mail-revisao-anexada1.php', 'SGE - Anexo para Aprovação de Equipamento', 'Marcelo de Jesus Usbert', 'marcelo.usbert@skic.com', 'marcelo.usbert@skic.com', 0, 1),
	(14, 'Aviso de Anexo para Aprovação de Equipamento', 'send-mail-revisao-anexada1.php', 'SGE - Anexo para Aprovação de Equipamento', 'Italo Camardelli Santos', 'italo.camardelli@skic.com', 'marcelo.usbert@skic.com', 0, 1),
	(15, 'Aviso de Anexo para Aprovação de Equipamento', 'send-mail-revisao-anexada1.php', 'SGE - Anexo para Aprovação de Equipamento', 'Rildo Domingos de Souza', 'rildo.domingos@skic.com', 'marcelo.usbert@skic.com', 0, 1),
	(16, 'Aviso que Equipamento está Aguardando Aprovação', 'send-mail-eqpo-step2.php', 'SGE - Equipamento Aguardando Aprovação', 'Marcelo de Jesus Usbert', 'marcelo.usbert@skic.com', 'marcelo.usbert@skic.com', 1, 1),
	(17, 'Aviso que Equipamento está Aguardando Aprovação', 'send-mail-eqpo-step2.php', 'SGE - Equipamento Aguardando Aprovação', 'Italo Camardelli Santos', 'italo.camardelli@skic.com', 'marcelo.usbert@skic.com', 1, 1),
	(18, 'Aviso que Equipamento está Aguardando Aprovação', 'send-mail-eqpo-step2.php', 'SGE - Equipamento Aguardando Aprovação', 'Rodrigo Rodrigues de Jesus', 'rodrigo.rodrigues@skic.com', 'marcelo.usbert@skic.com', 1, 1),
	(19, 'Aviso que Equipamento está Aguardando Aprovação', 'send-mail-eqpo-step2.php', 'SGE - Equipamento Aguardando Aprovação', 'Rildo Domingos de Souza', 'rildo.domingos@skic.com', 'marcelo.usbert@skic.com', 1, 1),
	(20, 'Soliciando Revisão dos documentos de cadastro', 'send-mail-eqpo-step3.php', 'SGE - Aguardando revisão dos Documentos Anexos', 'Marcelo de Jesus Usbert', 'marcelo.usbert@skic.com', 'marcelo.usbert@skic.com', 1, 1),
	(21, 'Soliciando Revisão dos documentos de cadastro', 'send-mail-eqpo-step3.php', 'SGE - Aguardando revisão dos Documentos Anexos', 'Italo Camardelli Santos', 'italo.camardelli@skic.com', 'marcelo.usbert@skic.com', 1, 1),
	(22, 'Soliciando Revisão dos documentos de cadastro', 'send-mail-eqpo-step3.php', 'SGE - Aguardando revisão dos Documentos Anexos', 'Rodrigo Rodrigues de Jesus', 'rodrigo.rodrigues@skic.com', 'marcelo.usbert@skic.com', 1, 1),
	(23, 'Soliciando Revisão dos documentos de cadastro', 'send-mail-eqpo-step3.php', 'SGE - Aguardando revisão dos Documentos Anexos', 'Rildo Domingos de Souza', 'rildo.domingos@skic.com', 'marcelo.usbert@skic.com', 1, 1),
	(24, 'Cadastro do Equipamento Aprovado', 'send-mail-eqpo-step3-APROV.php', 'SGE - Novo Equipamento Cadastrado', 'Marcelo de Jesus Usbert', 'marcelo.usbert@skic.com', 'marcelo.usbert@skic.com', 1, 1),
	(25, 'Cadastro do Equipamento APROVADO', 'send-mail-eqpo-step3-APROV.php', 'SGE - Novo Equipamento Cadastrado', 'Italo Camardelli Santos', 'italo.camardelli@skic.com', 'marcelo.usbert@skic.com', 1, 1),
	(26, 'Cadastro do Equipamento APROVADO', 'send-mail-eqpo-step3-APROV.php', 'SGE - Novo Equipamento Cadastrado', 'Rodrigo Rodrigues de Jesus', 'rodrigo.rodrigues@skic.com', 'marcelo.usbert@skic.com', 1, 1),
	(27, 'Cadastro do Equipamento APROVADO', 'send-mail-eqpo-step3-APROV.php', 'SGE - Novo Equipamento Cadastrado', 'Rildo Domingos de Souza', 'rildo.domingos@skic.com', 'marcelo.usbert@skic.com', 1, 1),
	(28, 'Equipamento Excluído', 'send-mail-eqpo-step4.php', 'SGE - Exclusão de equipamento aguardando aprovação', 'Marcelo de Jesus Usbert', 'marcelo.usbert@skic.com', 'marcelo.usbert@skic.com', 1, 1),
	(29, 'Equipamento Excluído', 'send-mail-eqpo-step4.php', 'SGE - Exclusão de equipamento aguardando aprovação', 'Italo Camardelli Santos', 'italo.camardelli@skic.com', 'marcelo.usbert@skic.com', 1, 1),
	(30, 'Equipamento Excluído', 'send-mail-eqpo-step4.php', 'SGE - Exclusão de equipamento aguardando aprovação', 'Rodrigo Rodrigues de Jesus', 'rodrigo.rodrigues@skic.com', 'marcelo.usbert@skic.com', 1, 1),
	(31, 'Equipamento Excluído', 'send-mail-eqpo-step4.php', 'SGE - Exclusão de equipamento aguardando aprovação', 'Rildo Domingos de Souza', 'rildo.domingos@skic.com', 'marcelo.usbert@skic.com', 1, 1),
	(32, 'Cancelamentod exclusão de OS', 'send-mail-cancelar-exc-os.php', 'SGE - Cancelamento de Exclusão de Ordem de Serviço', 'Marcelo de Jesus Usbert', 'marcelo.usbert@skic.com', 'marcelo.usbert@skic.com', 1, 1),
	(33, 'Cancelamentod exclusão de OS', 'send-mail-cancelar-exc-os.php', 'SGE - Cancelamento de Exclusão de Ordem de Serviço', 'Italo Camardelli Santos', 'italo.camardelli@skic.com', 'marcelo.usbert@skic.com', 1, 1),
	(34, 'Cancelamentod exclusão de OS', 'send-mail-cancelar-exc-os.php', 'SGE - Cancelamento de Exclusão de Ordem de Serviço', 'Rodrigo Rodrigues de Jesus', 'rodrigo.rodrigues@skic.com', 'marcelo.usbert@skic.com', 1, 1),
	(35, 'Cancelamentod exclusão de OS', 'send-mail-cancelar-exc-os.php', 'SGE - Cancelamento de Exclusão de Ordem de Serviço', 'Rildo Domingos de Souza', 'rildo.domingos@skic.com', 'marcelo.usbert@skic.com', 1, 1),
	(36, 'Admin Cancela Exclusão de Medição', 'send-mail-cancelar-exc-medicao.php', 'SGE - Cancelamento de Exclusão de Medição', 'Marcelo de Jesus Usbert', 'marcelo.usbert@skic.com', 'marcelo.usbert@skic.com', 1, 1),
	(37, 'Admin Cancela Exclusão de Medição', 'send-mail-cancelar-exc-medicao.php', 'SGE - Cancelamento de Exclusão de Medição', 'Italo Camardelli Santos', 'italo.camardelli@skic.com', 'marcelo.usbert@skic.com', 1, 1),
	(38, 'Admin Cancela Exclusão de Medição', 'send-mail-cancelar-exc-medicao.php', 'SGE - Cancelamento de Exclusão de Medição', 'Rodrigo Rodrigues de Jesus', 'rodrigo.rodrigues@skic.com', 'marcelo.usbert@skic.com', 1, 1),
	(39, 'Admin Cancela Exclusão de Medição', 'send-mail-cancelar-exc-medicao.php', 'SGE - Cancelamento de Exclusão de Medição', 'Rildo Domingos de Souza', 'rildo.domingos@skic.com', 'marcelo.usbert@skic.com', 1, 1),
	(40, 'Cadastro de Novo Usuário', 'send-email-senha.php', 'SGE - Novo Usuário Cadastrado', 'Marcelo de Jesus Usbert', 'marcelo.usbert@skic.com', 'marcelo.usbert@skic.com', 1, 1),
	(41, 'Cadastro de Novo Usuário', 'send-email-senha.php', 'SGE - Novo Usuário Cadastrado', 'Italo Camardelli Santos', 'italo.camardelli@skic.com', 'marcelo.usbert@skic.com', 1, 1),
	(42, 'Usuário solicitando transferência', 'send-mail-aprov-desmob-tranf.php-SOLIC-TRANF', 'SGE - Solicitação de Transferência de Equipamento', 'Marcelo de Jesus Usbert', 'marcelo.usbert@skic.com', 'marcelo.usbert@skic.com', 1, 1),
	(43, 'Usuário solicitando transferência', 'send-mail-aprov-desmob-tranf.php-SOLIC-TRANF', 'SGE - Solicitação de Transferência de Equipamento', 'Italo Camardelli Santos', 'italo.camardelli@skic.com', 'marcelo.usbert@skic.com', 1, 1),
	(44, 'Usuário solicitando transferência', 'send-mail-aprov-desmob-tranf.php-SOLIC-TRANF', 'SGE - Solicitação de Transferência de Equipamento', 'Rodrigo Rodrigues de Jesus', 'rodrigo.rodrigues@skic.com', 'marcelo.usbert@skic.com', 1, 1),
	(45, 'Usuário solicitando transferência', 'send-mail-aprov-desmob-tranf.php-SOLIC-TRANF', 'SGE - Solicitação de Transferência de Equipamento', 'Rildo Domingos de Souza', 'rildo.domingos@skic.com', 'marcelo.usbert@skic.com', 1, 1),
	(46, 'Aprovador solicitando revisão', 'send-mail-aprov-desmob-tranf.php-SOLIC-TRANF-REVISAO', 'SGE - Revisar Documento para Transferência', 'Marcelo de Jesus Usbert', 'marcelo.usbert@skic.com', 'marcelo.usbert@skic.com', 1, 1),
	(47, 'Aprovador solicitando revisão', 'send-mail-aprov-desmob-tranf.php-SOLIC-TRANF-REVISAO', 'SGE - Revisar Documento para Transferência', 'Italo Camardelli Santos', 'italo.camardelli@skic.com', 'marcelo.usbert@skic.com', 1, 1),
	(48, 'Aprovador solicitando revisão', 'send-mail-aprov-desmob-tranf.php-SOLIC-TRANF-REVISAO', 'SGE - Revisar Documento para Transferência', 'Rodrigo Rodrigues de Jesus', 'rodrigo.rodrigues@skic.com', 'marcelo.usbert@skic.com', 1, 1),
	(49, 'Aprovador solicitando revisão', 'send-mail-aprov-desmob-tranf.php-SOLIC-TRANF-REVISAO', 'SGE - Revisar Documento para Transferência', 'Rildo Domingos de Souza', 'rildo.domingos@skic.com', 'marcelo.usbert@skic.com', 1, 1),
	(50, 'Aprovado transferência de Equipamento', 'send-mail-aprov-desmob-tranf.php-TRANSF-APROVADA', 'SGE - Equipamento Transferido / Reincluir em apólice', 'Marcelo de Jesus Usbert', 'marcelo.usbert@skic.com', 'marcelo.usbert@skic.com', 1, 1),
	(51, 'Aprovado transferência de Equipamento', 'send-mail-aprov-desmob-tranf.php-TRANSF-APROVADA', 'SGE - Equipamento Transferido / Reincluir em apólice', 'Italo Camardelli Santos', 'italo.camardelli@skic.com', 'marcelo.usbert@skic.com', 1, 1),
	(52, 'Aprovado transferência de Equipamento', 'send-mail-aprov-desmob-tranf.php-TRANSF-APROVADA', 'SGE - Equipamento Transferido / Reincluir em apólice', 'Rodrigo Rodrigues de Jesus', 'rodrigo.rodrigues@skic.com', 'marcelo.usbert@skic.com', 1, 1),
	(53, 'Aprovado transferência de Equipamento', 'send-mail-aprov-desmob-tranf.php-TRANSF-APROVADA', 'SGE - Equipamento Transferido / Reincluir em apólice', 'Rildo Domingos de Souza', 'rildo.domingos@skic.com', 'marcelo.usbert@skic.com', 1, 1),
	(54, 'Aprovado transferência de Equipamento', 'send-mail-aprov-desmob-tranf.php-TRANSF-APROVADA', 'SGE - Equipamento Transferido / Reincluir em apólice', 'Gisele Queiroz', 'gisele.queiroz@interrs.com.br', 'marcelo.usbert@skic.com', 1, 2),
	(55, 'Aprovado transferência de Equipamento', 'send-mail-aprov-desmob-tranf.php-TRANSF-APROVADA', 'SGE - Equipamento Transferido / Reincluir em apólice', 'Raissa Mello', 'raissa.mello@interrs.com.br', 'marcelo.usbert@skic.com', 1, 2),
	(56, 'Transferência Equipamento Cancelada', 'send-mail-cancelar-solic-tranf.php', 'SGE - Solicitação de transferência cancelada', 'Marcelo de Jesus Usbert', 'marcelo.usbert@skic.com', 'marcelo.usbert@skic.com', 1, 1),
	(57, 'Transferência Equipamento Cancelada', 'send-mail-cancelar-solic-tranf.php', 'SGE - Solicitação de transferência cancelada', 'Italo Camardelli Santos', 'italo.camardelli@skic.com', 'marcelo.usbert@skic.com', 1, 1),
	(58, 'Transferência Equipamento Cancelada', 'send-mail-cancelar-solic-tranf.php', 'SGE - Solicitação de transferência cancelada', 'Rodrigo Rodrigues de Jesus', 'rodrigo.rodrigues@skic.com', 'marcelo.usbert@skic.com', 1, 1),
	(59, 'Transferência Equipamento Cancelada', 'send-mail-cancelar-solic-tranf.php', 'SGE - Solicitação de transferência cancelada', 'Rildo Domingos de Souza', 'rildo.domingos@skic.com', 'marcelo.usbert@skic.com', 1, 1),
	(60, 'Usuário solicitando Desmobilização', 'send-mail-aprov-desmob-tranf.php-SOLIC-DESMOB', 'SGE - Solicitação de Desmobilização de Equipamento', 'Marcelo de Jesus Usbert', 'marcelo.usbert@skic.com', 'marcelo.usbert@skic.com', 1, 1),
	(61, 'Usuário solicitando Desmobilização', 'send-mail-aprov-desmob-tranf.php-SOLIC-DESMOB', 'SGE - Solicitação de Desmobilização de Equipamento', 'Italo Camardelli Santos', 'italo.camardelli@skic.com', 'marcelo.usbert@skic.com', 1, 1),
	(62, 'Usuário solicitando Desmobilização', 'send-mail-aprov-desmob-tranf.php-SOLIC-DESMOB', 'SGE - Solicitação de Desmobilização de Equipamento', 'Rodrigo Rodrigues de Jesus', 'rodrigo.rodrigues@skic.com', 'marcelo.usbert@skic.com', 1, 1),
	(63, 'Usuário solicitando Desmobilização', 'send-mail-aprov-desmob-tranf.php-SOLIC-DESMOB', 'SGE - Solicitação de Desmobilização de Equipamento', 'Rildo Domingos de Souza', 'rildo.domingos@skic.com', 'marcelo.usbert@skic.com', 1, 1),
	(64, 'Usuário solicitando Revisão para Desmobilização', 'send-mail-aprov-desmob-tranf.php-SOLIC-DESMOB-REVISAO', 'SGE - Pendente de Desmobilização - Solicitado Revisão', 'Marcelo de Jesus Usbert', 'marcelo.usbert@skic.com', 'marcelo.usbert@skic.com', 1, 1),
	(65, 'Usuário solicitando Revisão para Desmobilização', 'send-mail-aprov-desmob-tranf.php-SOLIC-DESMOB-REVISAO', 'SGE - Pendente de Desmoblização - Solicitado Revisão', 'Italo Camardelli Santos', 'italo.camardelli@skic.com', 'marcelo.usbert@skic.com', 1, 1),
	(66, 'Usuário solicitando Revisão para Desmobilização', 'send-mail-aprov-desmob-tranf.php-SOLIC-DESMOB-REVISAO', 'SGE - Pendente de Desmoblização - Solicitado Revisão', 'Rodrigo Rodrigues de Jesus', 'rodrigo.rodrigues@skic.com', 'marcelo.usbert@skic.com', 1, 1),
	(67, 'Usuário solicitando Revisão para Desmobilização', 'send-mail-aprov-desmob-tranf.php-SOLIC-DESMOB-REVISAO', 'SGE - Pendente de Desmoblização - Solicitado Revisão', 'Rildo Domingos de Souza', 'rildo.domingos@skic.com', 'marcelo.usbert@skic.com', 1, 1),
	(68, 'Aprovado Desmobilização de Equipamento', 'send-mail-aprov-desmob-tranf.php-DESMOB-APROVADA', 'SGE - Equipamento Desmobilizado', 'Marcelo de Jesus Usbert', 'marcelo.usbert@skic.com', 'marcelo.usbert@skic.com', 1, 1),
	(69, 'Aprovado Desmobilização de Equipamento', 'send-mail-aprov-desmob-tranf.php-DESMOB-APROVADA', 'SGE - Equipamento Desmobilizado', 'Italo Camardelli Santos', 'italo.camardelli@skic.com', 'marcelo.usbert@skic.com', 1, 1),
	(70, 'Aprovado Desmobilização de Equipamento', 'send-mail-aprov-desmob-tranf.php-DESMOB-APROVADA', 'SGE - Equipamento Desmobilizado', 'Rodrigo Rodrigues de Jesus', 'rodrigo.rodrigues@skic.com', 'marcelo.usbert@skic.com', 1, 1),
	(71, 'Aprovado Desmobilização de Equipamento', 'send-mail-aprov-desmob-tranf.php-DESMOB-APROVADA', 'SGE - Equipamento Desmobilizado', 'Rildo Domingos de Souza', 'rildo.domingos@skic.com', 'marcelo.usbert@skic.com', 1, 1),
	(72, 'Usuário solicita Exclusão de Medição', 'send-mail-exc-medicao.php', 'SGE - Solicitação de Exclusão de Medição', 'Marcelo de Jesus Usbert', 'marcelo.usbert@skic.com', 'marcelo.usbert@skic.com', 1, 1),
	(73, 'Usuário solicita Exclusão de Medição', 'send-mail-exc-medicao.php', 'SGE - Solicitação de Exclusão de Medição', 'Italo Camardelli Santos', 'italo.camardelli@skic.com', 'marcelo.usbert@skic.com', 1, 1),
	(74, 'Usuário solicita Exclusão de Medição', 'send-mail-exc-medicao.php', 'SGE - Solicitação de Exclusão de Medição', 'Rodrigo Rodrigues de Jesus', 'rodrigo.rodrigues@skic.com', 'marcelo.usbert@skic.com', 1, 1),
	(75, 'Usuário solicita Exclusão de Medição', 'send-mail-exc-medicao.php', 'SGE - Solicitação de Exclusão de Medição', 'Rildo Domingos de Souza', 'rildo.domingos@skic.com', 'marcelo.usbert@skic.com', 1, 1),
	(76, 'Admin excluiu Medição', 'send-mail-medicao-excluida', 'SGE - Exclusão de Medição', 'Marcelo de Jesus Usbert', 'marcelo.usbert@skic.com', 'marcelo.usbert@skic.com', 1, 1),
	(77, 'Admin excluiu Medição', 'send-mail-medicao-excluida', 'SGE - Exclusão de Medição', 'Italo Camardelli Santos', 'italo.camardelli@skic.com', 'marcelo.usbert@skic.com', 1, 1),
	(78, 'Admin excluiu Medição', 'send-mail-medicao-excluida', 'SGE - Exclusão de Medição', 'Rodrigo Rodrigues de Jesus', 'rodrigo.rodrigues@skic.com', 'marcelo.usbert@skic.com', 1, 1),
	(79, 'Admin excluiu Medição', 'send-mail-medicao-excluida', 'SGE - Exclusão de Medição', 'Rildo Domingos de Souza', 'rildo.domingos@skic.com', 'marcelo.usbert@skic.com', 1, 1),
	(80, 'Aprovado Desmobilização de Equipamento', 'send-mail-aprov-desmob-tranf.php-DESMOB-APROVADA', 'SGE - Equipamento Desmobilizado', 'Gisele Queiroz', 'gisele.queiroz@interrs.com.br', 'marcelo.usbert@skic.com', 1, 2),
	(81, 'Aprovado Desmobilização de Equipamento', 'send-mail-aprov-desmob-tranf.php-DESMOB-APROVADA', 'SGE - Equipamento Desmobilizado', 'Raissa Mello', 'raissa.mello@interrs.com.br', 'marcelo.usbert@skic.com', 1, 2),
	(82, 'Admin Cancela Desmobilização', 'send-mail-cancelar-solic-desmob.php', 'SGE - Cancelamento de Desmobilização', 'Marcelo de Jesus Usbert', 'marcelo.usbert@skic.com', 'marcelo.usbert@skic.com', 1, 1),
	(83, 'Admin Cancela Desmobilização', 'send-mail-cancelar-solic-desmob.php', 'SGE - Cancelamento de Desmobilização', 'Italo Camardelli Santos', 'italo.camardelli@skic.com', 'marcelo.usbert@skic.com', 1, 1),
	(84, 'Admin Cancela Desmobilização', 'send-mail-cancelar-solic-desmob.php', 'SGE - Cancelamento de Desmobilização', 'Rodrigo Rodrigues de Jesus', 'rodrigo.rodrigues@skic.com', 'marcelo.usbert@skic.com', 1, 1),
	(85, 'Admin Cancela Desmobilização', 'send-mail-cancelar-solic-desmob.php', 'SGE - Cancelamento de Desmobilização', 'Rildo Domingos de Souza', 'rildo.domingos@skic.com', 'marcelo.usbert@skic.com', 1, 1),
	(86, 'O.S. Aguardando Aprovação de Encerramento', 'send-mail-os-aguarda.php', 'SGE - O.S. Aguardando Aprovação de Encerramento', 'Marcelo de Jesus Usbert', 'marcelo.usbert@skic.com', 'marcelo.usbert@skic.com', 1, 1),
	(87, 'O.S. Aguardando Aprovação de Encerramento', 'send-mail-os-aguarda.php', 'SGE - O.S. Aguardando Aprovação de Encerramento', 'Italo Camardelli Santos', 'italo.camardelli@skic.com', 'marcelo.usbert@skic.com', 1, 1),
	(88, 'O.S. Aguardando Aprovação de Encerramento', 'send-mail-os-aguarda.php', 'SGE - O.S. Aguardando Aprovação de Encerramento', 'Rodrigo Rodrigues de Jesus', 'rodrigo.rodrigues@skic.com', 'marcelo.usbert@skic.com', 1, 1),
	(89, 'O.S. Aguardando Aprovação de Encerramento', 'send-mail-os-aguarda.php', 'SGE - O.S. Aguardando Aprovação de Encerramento', 'Rildo Domingos de Souza', 'rildo.domingos@skic.com', 'marcelo.usbert@skic.com', 1, 1),
	(93, 'Admin Cancela Desmobilização', 'send-mail-cancelar-solic-desmob.php', 'SGE - Cancelamento de Desmobilização', 'Marcelo de Jesus Usbert', 'marcelo.usbert@skic.com', 'marcelo.usbert@skic.com', 1, 1),
	(94, 'Admin Cancela Desmobilização', 'send-mail-cancelar-solic-desmob.php', 'SGE - Cancelamento de Desmobilização', 'Italo Camardelli Santos', 'italo.camardelli@skic.com', 'marcelo.usbert@skic.com', 1, 1),
	(95, 'Admin Cancela Desmobilização', 'send-mail-cancelar-solic-desmob.php', 'SGE - Cancelamento de Desmobilização', 'Rodrigo Rodrigues de Jesus', 'rodrigo.rodrigues@skic.com', 'marcelo.usbert@skic.com', 1, 1),
	(96, 'Admin Cancela Desmobilização', 'send-mail-cancelar-solic-desmob.php', 'SGE - Cancelamento de Desmobilização', 'Rildo Domingos de Souza', 'rildo.domingos@skic.com', 'marcelo.usbert@skic.com', 1, 1),
	(97, 'Admin solicita Revisção de O.S.', 'send-mail-os-revisar.php', 'SGE - O.S. Aguardando Revisão', 'Marcelo de Jesus Usbert', 'marcelo.usbert@skic.com', 'marcelo.usbert@skic.com', 1, 1),
	(98, 'Admin solicita Revisção de O.S.', 'send-mail-os-revisar.php', 'SGE - O.S. Aguardando Revisão', 'Italo Camardelli Santos', 'italo.camardelli@skic.com', 'marcelo.usbert@skic.com', 1, 1),
	(99, 'Admin solicita Revisção de O.S.', 'send-mail-os-revisar.php', 'SGE - O.S. Aguardando Revisão', 'Rodrigo Rodrigues de Jesus', 'rodrigo.rodrigues@skic.com', 'marcelo.usbert@skic.com', 1, 1),
	(100, 'Admin solicita Revisção de O.S.', 'send-mail-os-revisar.php', 'SGE - O.S. Aguardando Revisão', 'Rildo Domingos de Souza', 'rildo.domingos@skic.com', 'marcelo.usbert@skic.com', 1, 1),
	(104, 'Usuário/Admin excui O.S.', 'send-mail-manut-excluido.php', 'SGE - Exclusão Manutenção de Equipamento', 'Marcelo de Jesus Usbert', 'marcelo.usbert@skic.com', 'marcelo.usbert@skic.com', 1, 1),
	(105, 'Usuário/Admin excui O.S.', 'send-mail-manut-excluido.php', 'SGE - Exclusão Manutenção de Equipamento', 'Italo Camardelli Santos', 'italo.camardelli@skic.com', 'marcelo.usbert@skic.com', 1, 1),
	(106, 'Usuário/Admin excui O.S.', 'send-mail-manut-excluido.php', 'SGE - Exclusão Manutenção de Equipamento', 'Rodrigo Rodrigues de Jesus', 'rodrigo.rodrigues@skic.com', 'marcelo.usbert@skic.com', 1, 1),
	(107, 'Usuário/Admin excui O.S.', 'send-mail-manut-excluido.php', 'SGE - Exclusão Manutenção de Equipamento', 'Rildo Domingos de Souza', 'rildo.domingos@skic.com', 'marcelo.usbert@skic.com', 1, 1),
	(111, 'Admin aprova encerramento da O.S.', 'send-mail-os-aprovado.php', 'SGE - Ordem de Serviço Finalizada', 'Marcelo de Jesus Usbert', 'marcelo.usbert@skic.com', 'marcelo.usbert@skic.com', 1, 1),
	(112, 'Admin aprova encerramento da O.S.', 'send-mail-os-aprovado.php', 'SGE - Ordem de Serviço Finalizada', 'Italo Camardelli Santos', 'italo.camardelli@skic.com', 'marcelo.usbert@skic.com', 1, 1),
	(113, 'Admin aprova encerramento da O.S.', 'send-mail-os-aprovado.php', 'SGE - Ordem de Serviço Finalizada', 'Rodrigo Rodrigues de Jesus', 'rodrigo.rodrigues@skic.com', 'marcelo.usbert@skic.com', 1, 1),
	(114, 'Admin aprova encerramento da O.S.', 'send-mail-os-aprovado.php', 'SGE - Ordem de Serviço Finalizada', 'Rildo Domingos de Souza', 'rildo.domingos@skic.com', 'marcelo.usbert@skic.com', 1, 1),
	(115, 'Aviso Registro de O.S.automático de Manutenção Preventiva', 'send-mail-os-prevent-comunicado.php', 'SGE - ALERTA - Manutenção preventiva', 'Marcelo de Jesus Usbert', 'marcelo.usbert@skic.com', 'marcelo.usbert@skic.com', 1, 1),
	(116, 'Aviso Registro de O.S.automático de Manutenção Preventiva', 'send-mail-os-prevent-comunicado.php', 'SGE - ALERTA - Manutenção preventiva', 'Italo Camardelli Santos', 'italo.camardelli@skic.com', 'marcelo.usbert@skic.com', 1, 1),
	(117, 'Aviso Registro de O.S.automático de Manutenção Preventiva', 'send-mail-os-prevent-comunicado.php', 'SGE - ALERTA - Manutenção preventiva', 'Rodrigo Rodrigues de Jesus', 'rodrigo.rodrigues@skic.com', 'marcelo.usbert@skic.com', 0, 1),
	(118, 'Aviso Registro de O.S.automático de Manutenção Preventiva', 'send-mail-os-prevent-comunicado.php', 'SGE - ALERTA - Manutenção preventiva', 'Rildo Domingos de Souza', 'rildo.domingos@skic.com', 'marcelo.usbert@skic.com', 0, 1),
	(119, 'Usuário solicita Exclusão de OS', 'send-mail-solic-exc-os.php', 'SGE - Solicitação de Exclusão de O.S.', 'Marcelo de Jesus Usbert', 'marcelo.usbert@skic.com', 'marcelo.usbert@skic.com', 1, 1),
	(120, 'Usuário solicita Exclusão de OS', 'send-mail-solic-exc-os.php', 'SGE - Solicitação de Exclusão de O.S.', 'Italo Camardelli Santos', 'italo.camardelli@skic.com', 'marcelo.usbert@skic.com', 1, 1),
	(121, 'Usuário solicita Exclusão de OS', 'send-mail-solic-exc-os.php', 'SGE - Solicitação de Exclusão de O.S.', 'Rodrigo Rodrigues de Jesus', 'rodrigo.rodrigues@skic.com', 'marcelo.usbert@skic.com', 1, 1),
	(122, 'Usuário solicita Exclusão de OS', 'send-mail-solic-exc-os.php', 'SGE - Solicitação de Exclusão de O.S.', 'Rildo Domingos de Souza', 'rildo.domingos@skic.com', 'marcelo.usbert@skic.com', 1, 1),
	(123, 'Admin aprova encerramento da O.S.', 'send-mail-os-aprovado.php', 'SGE - Ordem de Serviço Finalizada', 'Danielle Salomão José', 'danielle.salomao@externos.skic.com', 'marcelo.usbert@skic.com', 1, 1),
	(124, 'Cancelamentod exclusão de OS', 'send-mail-cancelar-exc-os.php', 'SGE - Cancelamento de Exclusão de Ordem de Serviço', 'Danielle Salomão José', 'danielle.salomao@externos.skic.com', 'marcelo.usbert@skic.com', 1, 1),
	(127, 'O.S. Aguardando Aprovação de Encerramento', 'send-mail-os-aguarda.php', 'SGE - O.S. Aguardando Aprovação de Encerramento', 'Danielle Salomão José', 'danielle.salomao@externos.skic.com', 'marcelo.usbert@skic.com', 1, 1),
	(128, 'Usuário solicita Exclusão de OS', 'send-mail-solic-exc-os.php', 'SGE - Solicitação de Exclusão de O.S.', 'Danielle Salomão José', 'danielle.salomao@externos.skic.com', 'marcelo.usbert@skic.com', 1, 1),
	(129, 'Admin solicita Revisção de O.S.', 'send-mail-os-revisar.php', 'SGE - O.S. Aguardando Revisão.', 'Danielle Salomão José', 'danielle.salomao@externos.skic.com', 'marcelo.usbert@skic.com', 1, 1),
	(130, 'Aviso Registro de O.S.automático de Manutenção Preventiva', 'send-mail-os-prevent-comunicado.php', 'SGE - ALERTA - Manutenção preventiva', 'Danielle Salomão José', 'danielle.salomao@externos.skic.com', 'marcelo.usbert@skic.com', 0, 1),
	(131, 'Aviso Registro de O.S.automático de Manutenção Preventiva', 'send-mail-os-prevent-comunicado.php', 'SGE - ALERTA - Manutenção preventiva', 'Carlos de Sousa Andrade', 'carlos.andrade@skic.com', 'marcelo.usbert@skic.com', 0, 1),
	(132, 'Aviso Registro de O.S.automático de Manutenção Preventiva', 'send-mail-os-prevent-comunicado.php', 'SGE - ALERTA - Manutenção preventiva', 'Mario dos Santos Silva', 'mario.silva@skic.com', 'marcelo.usbert@skic.com', 0, 1),
	(133, 'Aviso Registro de O.S.automático de Manutenção Preventiva', 'send-mail-os-prevent-comunicado.php', 'SGE - ALERTA - Manutenção preventiva', 'Janary Santana', 'janary.santana@skic.com', 'marcelo.usbert@skic.com', 1, 2),
	(134, 'Aviso Registro de O.S.automático de Manutenção Preventiva', 'send-mail-os-prevent-comunicado.php', 'SGE - ALERTA - Manutenção preventiva', 'Antonino Teixeira Pinto', 'antonino.teixeira@skic.com', 'marcelo.usbert@skic.com', 1, 2),
	(135, 'Aviso Registro de O.S.automático de Manutenção Preventiva', 'send-mail-os-prevent-comunicado.php', 'SGE - ALERTA - Manutenção preventiva', 'Jean Carlos Simao Margarida', 'jean.simao@skic.com', 'marcelo.usbert@skic.com', 1, 2),
	(136, 'Aviso Registro de O.S.automático de Manutenção Preventiva', 'send-mail-os-prevent-comunicado.php', 'SGE - ALERTA - Manutenção preventiva', 'Silmara Domingos', 'silmara.domingos@skic.com', 'marcelo.usbert@skic.com', 1, 2),
	(137, 'Aviso Registro de O.S.automático de Manutenção Preventiva', 'send-mail-os-prevent-comunicado.php', 'SGE - ALERTA - Manutenção preventiva', 'Arnaldo Ribeiro Dos Santos', 'arnaldo.ribeiro@skic.com', 'marcelo.usbert@skic.com', 1, 2),
	(138, 'Aviso Registro de O.S.automático de Manutenção Preventiva', 'send-mail-os-prevent-comunicado.php', 'SGE - ALERTA - Manutenção preventiva', 'Adeildo Ferreira Dos Santos', 'adeildo.ferreira@skic.com', 'marcelo.usbert@skic.com', 1, 2);
/*!40000 ALTER TABLE `tbl_email_notify` ENABLE KEYS */;

-- Copiando estrutura para tabela toll_db.tbl_hist_contr
CREATE TABLE IF NOT EXISTS `tbl_hist_contr` (
  `cd_hist_contr` int(11) NOT NULL AUTO_INCREMENT,
  `cd_usuar` int(11) NOT NULL,
  `cd_contr` int(11) NOT NULL,
  `ds_acao` char(10) DEFAULT NULL,
  `dt_datareg` timestamp NULL DEFAULT CURRENT_TIMESTAMP,
  PRIMARY KEY (`cd_hist_contr`),
  KEY `cd_usuar_fk50` (`cd_usuar`),
  KEY `cd_contr_fk51` (`cd_contr`),
  CONSTRAINT `cd_contr_fk51` FOREIGN KEY (`cd_contr`) REFERENCES `tbl_contr` (`cd_contr`) ON DELETE CASCADE,
  CONSTRAINT `cd_usuar_fk50` FOREIGN KEY (`cd_usuar`) REFERENCES `tbl_usuar` (`cd_usuar`)
) ENGINE=InnoDB AUTO_INCREMENT=71 DEFAULT CHARSET=utf8;

-- Copiando dados para a tabela toll_db.tbl_hist_contr: ~16 rows (aproximadamente)
/*!40000 ALTER TABLE `tbl_hist_contr` DISABLE KEYS */;
INSERT INTO `tbl_hist_contr` (`cd_hist_contr`, `cd_usuar`, `cd_contr`, `ds_acao`, `dt_datareg`) VALUES
	(55, 1, 18, 'INSERT', '2017-01-27 14:47:49'),
	(56, 1, 18, 'UPDATE', '2017-01-27 14:48:06'),
	(57, 1, 18, 'UPDATE', '2017-01-27 15:08:35'),
	(58, 1, 18, 'UPDATE', '2017-01-27 15:14:46'),
	(59, 1, 18, 'UPDATE', '2017-01-27 15:24:24'),
	(60, 1, 19, 'INSERT', '2017-01-27 15:35:20'),
	(61, 1, 18, 'UPDATE', '2017-01-27 15:35:56'),
	(62, 1, 18, 'UPDATE', '2017-01-27 15:55:32'),
	(63, 1, 19, 'UPDATE', '2017-01-27 15:56:28'),
	(64, 1, 20, 'INSERT', '2017-01-30 08:12:27'),
	(65, 1, 21, 'INSERT', '2017-01-30 08:31:20'),
	(66, 1, 22, 'INSERT', '2017-01-30 08:36:58'),
	(67, 1, 18, 'UPDATE', '2017-01-30 12:13:49'),
	(68, 1, 19, 'UPDATE', '2017-01-30 12:14:21'),
	(69, 1, 20, 'UPDATE', '2017-01-30 12:14:45'),
	(70, 1, 18, 'UPDATE', '2017-02-17 08:02:47');
/*!40000 ALTER TABLE `tbl_hist_contr` ENABLE KEYS */;

-- Copiando estrutura para tabela toll_db.tools
CREATE TABLE IF NOT EXISTS `tools` (
  `id` int(11) unsigned NOT NULL AUTO_INCREMENT,
  `brand_id` int(10) unsigned DEFAULT NULL,
  `name` varchar(100) DEFAULT NULL,
  `serial_number` varchar(30) DEFAULT NULL,
  `category` int(11) DEFAULT NULL,
  `voltage` varchar(10) DEFAULT NULL,
  `application` varchar(100) DEFAULT NULL,
  `is_activated` int(11) DEFAULT '1',
  `created_at` timestamp NULL DEFAULT CURRENT_TIMESTAMP,
  `updated_at` timestamp NULL DEFAULT NULL,
  `deleted_at` timestamp NULL DEFAULT NULL,
  PRIMARY KEY (`id`),
  KEY `brand_id_fk367` (`brand_id`),
  CONSTRAINT `brand_id_fk367` FOREIGN KEY (`brand_id`) REFERENCES `brands` (`id`)
) ENGINE=InnoDB AUTO_INCREMENT=14 DEFAULT CHARSET=latin1;

-- Copiando dados para a tabela toll_db.tools: ~12 rows (aproximadamente)
/*!40000 ALTER TABLE `tools` DISABLE KEYS */;
INSERT INTO `tools` (`id`, `brand_id`, `name`, `serial_number`, `category`, `voltage`, `application`, `is_activated`, `created_at`, `updated_at`, `deleted_at`) VALUES
	(1, NULL, 'Utility Knife', NULL, 1, NULL, 'For cutting track and insulation', 1, '2024-10-18 09:50:18', NULL, NULL),
	(2, NULL, 'Metal Snips', NULL, 1, NULL, 'To cut metal studs and tracks accurately', 1, '2024-10-18 09:50:18', NULL, NULL),
	(3, NULL, 'Drill/Driver', NULL, 2, '220', 'For fastening screws into metal studs', 1, '2024-10-18 09:50:18', NULL, NULL),
	(4, NULL, 'Screw Gun', NULL, 1, NULL, 'Specifically designed for metal framing screws', 1, '2024-10-18 09:50:18', NULL, NULL),
	(5, NULL, 'Level', NULL, 1, NULL, 'To ensure walls are plumb and straight', 1, '2024-10-18 09:50:18', NULL, NULL),
	(6, NULL, 'Measuring Tape', NULL, 1, NULL, 'For precise measurements', 1, '2024-10-18 09:50:18', NULL, NULL),
	(7, NULL, 'Square', NULL, 1, NULL, 'To ensure right angles in the framing', 1, '2024-10-18 09:50:18', NULL, NULL),
	(8, NULL, 'Clamps', NULL, 1, NULL, 'To hold pieces in place during assembly', 1, '2024-10-18 09:50:18', NULL, NULL),
	(9, NULL, 'Stud Finder', NULL, 1, NULL, 'To locate existing structures and ensure proper placement', 1, '2024-10-18 09:50:18', NULL, NULL),
	(10, NULL, 'Safety Gear', NULL, 1, NULL, 'Including gloves, goggles, and hearing protection', 1, '2024-10-18 09:50:18', NULL, NULL),
	(11, NULL, 'Tapping Tool', NULL, 1, NULL, 'For creating threads in metal studs if necessary', 1, '2024-10-18 09:50:18', NULL, NULL),
	(12, NULL, 'Angle Finder', NULL, 1, NULL, 'For measuring and cutting angles accurately', 1, '2024-10-18 09:50:18', NULL, NULL);
/*!40000 ALTER TABLE `tools` ENABLE KEYS */;

-- Copiando estrutura para tabela toll_db.trades
CREATE TABLE IF NOT EXISTS `trades` (
  `id` int(11) unsigned NOT NULL AUTO_INCREMENT,
  `name` varchar(50) DEFAULT NULL,
  `is_activated` int(11) DEFAULT '1',
  `created_at` timestamp NULL DEFAULT NULL,
  `deleted_at` timestamp NULL DEFAULT NULL,
  `updated_at` timestamp NULL DEFAULT NULL,
  PRIMARY KEY (`id`)
) ENGINE=InnoDB AUTO_INCREMENT=8 DEFAULT CHARSET=latin1;

-- Copiando dados para a tabela toll_db.trades: ~7 rows (aproximadamente)
/*!40000 ALTER TABLE `trades` DISABLE KEYS */;
INSERT INTO `trades` (`id`, `name`, `is_activated`, `created_at`, `deleted_at`, `updated_at`) VALUES
	(1, 'CARPENTRY', 1, NULL, NULL, NULL),
	(2, 'SIDING', 1, NULL, NULL, NULL),
	(3, 'LGMF', 1, NULL, NULL, NULL),
	(4, 'DRYWALL', 1, NULL, NULL, NULL),
	(5, 'INSULATION', 1, NULL, NULL, NULL),
	(6, 'CEILING', 1, NULL, NULL, NULL),
	(7, 'PAINTING', 1, NULL, NULL, NULL);
/*!40000 ALTER TABLE `trades` ENABLE KEYS */;

-- Copiando estrutura para tabela toll_db.type_documents
CREATE TABLE IF NOT EXISTS `type_documents` (
  `id` int(10) unsigned NOT NULL AUTO_INCREMENT,
  `name` varchar(80) DEFAULT NULL,
  `is_activated` int(10) unsigned DEFAULT '1',
  `code` char(5) DEFAULT NULL,
  `created_at` timestamp NULL DEFAULT NULL,
  `updated_at` timestamp NULL DEFAULT NULL,
  `deleted_at` timestamp NULL DEFAULT NULL,
  PRIMARY KEY (`id`)
) ENGINE=InnoDB AUTO_INCREMENT=17 DEFAULT CHARSET=latin1;

-- Copiando dados para a tabela toll_db.type_documents: ~2 rows (aproximadamente)
/*!40000 ALTER TABLE `type_documents` DISABLE KEYS */;
INSERT INTO `type_documents` (`id`, `name`, `is_activated`, `code`, `created_at`, `updated_at`, `deleted_at`) VALUES
	(1, 'COI', 1, 'COI', '2024-02-22 15:28:50', NULL, NULL),
	(15, 'LICENSE', 1, 'LIC', '2024-02-22 15:28:50', NULL, NULL);
/*!40000 ALTER TABLE `type_documents` ENABLE KEYS */;

-- Copiando estrutura para tabela toll_db.users
CREATE TABLE IF NOT EXISTS `users` (
  `id` bigint(20) unsigned NOT NULL AUTO_INCREMENT,
  `name` varchar(255) CHARACTER SET utf8mb4 COLLATE utf8mb4_unicode_ci NOT NULL,
  `email` varchar(255) CHARACTER SET utf8mb4 COLLATE utf8mb4_unicode_ci NOT NULL,
  `email_verified_at` timestamp NULL DEFAULT NULL,
  `password` varchar(255) CHARACTER SET utf8mb4 COLLATE utf8mb4_unicode_ci NOT NULL,
  `two_factor_secret` text CHARACTER SET utf8mb4 COLLATE utf8mb4_unicode_ci,
  `two_factor_recovery_codes` text CHARACTER SET utf8mb4 COLLATE utf8mb4_unicode_ci,
  `two_factor_confirmed_at` timestamp NULL DEFAULT NULL,
  `remember_token` varchar(100) CHARACTER SET utf8mb4 COLLATE utf8mb4_unicode_ci DEFAULT NULL,
  `created_at` timestamp NULL DEFAULT NULL,
  `updated_at` timestamp NULL DEFAULT NULL,
  `access_level` int(11) DEFAULT '2',
  `is_activated` int(11) unsigned DEFAULT '1',
  PRIMARY KEY (`id`),
  UNIQUE KEY `users_email_unique` (`email`)
) ENGINE=InnoDB AUTO_INCREMENT=22 DEFAULT CHARSET=utf8mb4 COLLATE=utf8mb4_unicode_ci;

-- Copiando dados para a tabela toll_db.users: ~4 rows (aproximadamente)
/*!40000 ALTER TABLE `users` DISABLE KEYS */;
INSERT INTO `users` (`id`, `name`, `email`, `email_verified_at`, `password`, `two_factor_secret`, `two_factor_recovery_codes`, `two_factor_confirmed_at`, `remember_token`, `created_at`, `updated_at`, `access_level`, `is_activated`) VALUES
	(1, 'Marcelo Usbert', 'usbert@gmail.com', NULL, '$2y$10$7HFcOoW6msQLKpeKPx/1NOA.kmp6mzI4gKuJMZy.Fif0u/7FSM8.G', NULL, NULL, NULL, NULL, '2024-01-05 19:10:33', '2024-01-05 19:10:33', 1, 1),
	(3, 'Edwin Louis Cole', 'edwin@gmail.com', NULL, '$2y$10$7HFcOoW6msQLKpeKPx/1NOA.kmp6mzI4gKuJMZy.Fif0u/7FSM8.G', NULL, NULL, NULL, NULL, '2024-01-05 19:10:33', '2024-01-05 19:10:33', 2, 1),
	(18, 'Evangelos Odysseas', 'evangelos@gmail.com', NULL, '$2y$10$/sGCcwZlBDtOsF99iZ.pwu0gwxdDWTzPW2e32ocRx4hpW.CFTPnyy', NULL, NULL, NULL, NULL, '2024-06-19 11:31:58', '2024-06-19 11:31:58', 2, 1),
	(21, 'Lucas Willians', 'lucasw@skic.com', NULL, '$2y$10$XcVJ67NsLgaAB/7MiQ3Vq.go6q0U8qNwZFwDARc.jGmeQu1lukDrm', NULL, NULL, NULL, NULL, '2024-07-22 18:23:00', '2024-07-22 18:23:00', 2, 1);
/*!40000 ALTER TABLE `users` ENABLE KEYS */;

-- Copiando estrutura para tabela toll_db.user_projects
CREATE TABLE IF NOT EXISTS `user_projects` (
  `id` int(11) NOT NULL AUTO_INCREMENT,
  `user_id` bigint(20) unsigned NOT NULL,
  `project_id` int(11) NOT NULL,
  `created_at` timestamp NULL DEFAULT NULL,
  `updated_at` timestamp NULL DEFAULT NULL,
  `is_activated` int(11) unsigned DEFAULT '1',
  `deleted_at` timestamp NULL DEFAULT NULL,
  PRIMARY KEY (`id`),
  KEY `user_id_fkup1` (`user_id`),
  KEY `project_id_fkup1` (`project_id`),
  CONSTRAINT `project_id_fkup1` FOREIGN KEY (`project_id`) REFERENCES `projects` (`id`),
  CONSTRAINT `user_id_fkup1` FOREIGN KEY (`user_id`) REFERENCES `users` (`id`)
) ENGINE=InnoDB AUTO_INCREMENT=620 DEFAULT CHARSET=latin1;

-- Copiando dados para a tabela toll_db.user_projects: ~0 rows (aproximadamente)
/*!40000 ALTER TABLE `user_projects` DISABLE KEYS */;
/*!40000 ALTER TABLE `user_projects` ENABLE KEYS */;

-- Copiando estrutura para tabela toll_db.vehicles
CREATE TABLE IF NOT EXISTS `vehicles` (
  `id` int(10) unsigned NOT NULL AUTO_INCREMENT,
  `prefix` char(8) DEFAULT NULL,
  `sequencial` int(10) unsigned DEFAULT NULL,
  `model_id` int(10) unsigned DEFAULT NULL,
  `fuel_id` int(10) unsigned DEFAULT NULL,
  `supplyer_id` int(10) unsigned DEFAULT NULL,
  `status_id` int(10) unsigned DEFAULT NULL,
  `km_control` decimal(10,2) DEFAULT NULL,
  `hour_control` decimal(10,2) DEFAULT NULL,
  `project_id` int(11) NOT NULL,
  `company_id` int(11) DEFAULT NULL,
  `user_id` int(11) NOT NULL,
  `activity_id` int(10) unsigned DEFAULT NULL,
  `waiting_driver` int(10) unsigned DEFAULT '0',
  `tag` varchar(20) DEFAULT NULL,
  `vin_number` varchar(50) DEFAULT NULL,
  `unit_measure` varchar(10) DEFAULT NULL,
  `manufacture_year` int(10) unsigned DEFAULT NULL,
  `tank_capacity` decimal(10,2) DEFAULT NULL,
  `fuel_per_day` decimal(10,2) DEFAULT NULL,
  `dt_mob` date DEFAULT NULL,
  `dt_desmob` date DEFAULT NULL,
  `id_mob` char(1) DEFAULT NULL,
  `vl_km_devoluc` decimal(10,2) DEFAULT NULL,
  `fuel_consumption` decimal(10,4) DEFAULT NULL,
  `lubricant_consumption` decimal(10,4) DEFAULT NULL,
  `rental_cost` decimal(10,2) DEFAULT NULL,
  `vl_mob` decimal(12,2) DEFAULT NULL,
  `vl_desmob` decimal(12,2) DEFAULT NULL,
  `nm_motorista` varchar(100) DEFAULT NULL,
  `nm_encarregado` varchar(100) DEFAULT NULL,
  `nm_supervisor` varchar(100) DEFAULT NULL,
  `ds_peso` decimal(12,2) DEFAULT NULL,
  `ds_capacidade` decimal(12,2) DEFAULT NULL,
  `ds_potencia` decimal(12,2) DEFAULT NULL,
  `id_proprio` int(10) unsigned DEFAULT NULL,
  `id_unid1` char(20) DEFAULT NULL,
  `id_unid2` char(20) DEFAULT NULL,
  `id_unid3` char(20) DEFAULT NULL,
  `hr_minima_mes` decimal(10,2) DEFAULT NULL,
  `hr_vida_util` decimal(10,2) DEFAULT NULL,
  `renavam` varchar(30) DEFAULT NULL,
  `no_veic_cartaoabast` varchar(30) DEFAULT NULL,
  `ds_contrato` varchar(10) DEFAULT NULL,
  `no_veicontr` varchar(30) DEFAULT NULL,
  `dt_veicontr_ano` int(10) unsigned DEFAULT NULL,
  `model_year` int(10) unsigned DEFAULT NULL,
  `has_implement` int(11) unsigned DEFAULT NULL,
  `implement_value` decimal(10,2) DEFAULT NULL,
  `body_value` decimal(10,2) DEFAULT NULL,
  `have_radio` int(10) unsigned DEFAULT NULL,
  `telemetry_number` varchar(50) DEFAULT NULL,
  `telemetry_install_date` datetime DEFAULT NULL,
  `telemetry_uninstall_date` datetime DEFAULT NULL,
  `comment` varchar(255) DEFAULT NULL,
  `auto_created_at` int(11) DEFAULT '0',
  `no_cartao_coringa` varchar(20) DEFAULT NULL,
  `is_approved` char(1) DEFAULT 'A',
  `cd_usuar_aprov` int(11) DEFAULT NULL,
  `dt_usuar_aprov` datetime DEFAULT NULL,
  `sent_for_approval` char(1) DEFAULT 'N',
  `is_activated` int(10) unsigned DEFAULT '1',
  `created_at` timestamp NULL DEFAULT CURRENT_TIMESTAMP,
  `id_desmob_aguard` char(2) DEFAULT NULL,
  `released_for_rental` int(11) unsigned DEFAULT '0',
  `conversion_factor` int(11) unsigned DEFAULT '1',
  `client_id` int(11) unsigned DEFAULT NULL,
  `has_daily_control` int(11) unsigned DEFAULT '1',
  `has_kpi_report` int(11) unsigned DEFAULT NULL,
  `has_km` int(11) unsigned DEFAULT '0',
  `has_h` int(11) unsigned DEFAULT '0',
  `vl_prevent_gatilho` decimal(12,2) DEFAULT NULL,
  `vl_prevent_step` decimal(12,2) DEFAULT NULL,
  `vl_prevent_proximidade` decimal(12,2) DEFAULT NULL,
  `updated_at` timestamp NULL DEFAULT NULL,
  `deleted_at` timestamp NULL DEFAULT NULL,
  `driver_id` int(11) DEFAULT NULL,
  PRIMARY KEY (`id`),
  KEY `Rel_162` (`project_id`),
  KEY `Rel_164` (`fuel_id`),
  KEY `Rel_166` (`user_id`),
  KEY `Rel_167` (`supplyer_id`),
  KEY `Rel_179` (`model_id`),
  KEY `ds_prefixo` (`prefix`),
  KEY `dt_mob` (`dt_mob`),
  KEY `dt_desmob` (`dt_desmob`),
  KEY `cd_veic_status_fk` (`status_id`),
  KEY `cd_contaativ_fkdl` (`activity_id`),
  KEY `cd_empresa_fk143` (`company_id`),
  KEY `no_telemetria` (`telemetry_number`),
  KEY `cd_usuar_aprov_fkx` (`cd_usuar_aprov`),
  CONSTRAINT `cd_contaativ_fkdl` FOREIGN KEY (`activity_id`) REFERENCES `field_activities` (`id`),
  CONSTRAINT `cd_empresa_fk143` FOREIGN KEY (`company_id`) REFERENCES `companies` (`id`),
  CONSTRAINT `cd_usuar_aprov_fkx` FOREIGN KEY (`cd_usuar_aprov`) REFERENCES `tbl_usuar` (`cd_usuar`),
  CONSTRAINT `cd_veic_status_fk` FOREIGN KEY (`status_id`) REFERENCES `statuses` (`id`),
  CONSTRAINT `vehicles_ibfk_1` FOREIGN KEY (`project_id`) REFERENCES `projects` (`id`),
  CONSTRAINT `vehicles_ibfk_2` FOREIGN KEY (`fuel_id`) REFERENCES `fuels` (`id`),
  CONSTRAINT `vehicles_ibfk_3` FOREIGN KEY (`user_id`) REFERENCES `tbl_usuar` (`cd_usuar`),
  CONSTRAINT `vehicles_ibfk_4` FOREIGN KEY (`supplyer_id`) REFERENCES `supplyers` (`id`),
  CONSTRAINT `vehicles_ibfk_6` FOREIGN KEY (`model_id`) REFERENCES `equipment_models` (`id`)
) ENGINE=InnoDB AUTO_INCREMENT=5007 DEFAULT CHARSET=utf8;

-- Copiando dados para a tabela toll_db.vehicles: ~0 rows (aproximadamente)
/*!40000 ALTER TABLE `vehicles` DISABLE KEYS */;
/*!40000 ALTER TABLE `vehicles` ENABLE KEYS */;

-- Copiando estrutura para tabela toll_db.warehouses
CREATE TABLE IF NOT EXISTS `warehouses` (
  `id` int(11) NOT NULL AUTO_INCREMENT,
  `address_id` int(11) unsigned DEFAULT NULL,
  `name` varchar(100) DEFAULT NULL,
  `code` varchar(10) DEFAULT NULL,
  `responsible` varchar(80) DEFAULT NULL,
  `is_activated` int(11) DEFAULT '1',
  `created_at` timestamp NULL DEFAULT NULL,
  `deleted_at` timestamp NULL DEFAULT NULL,
  `updated_at` timestamp NULL DEFAULT NULL,
  PRIMARY KEY (`id`)
) ENGINE=InnoDB AUTO_INCREMENT=4 DEFAULT CHARSET=latin1;

-- Copiando dados para a tabela toll_db.warehouses: ~2 rows (aproximadamente)
/*!40000 ALTER TABLE `warehouses` DISABLE KEYS */;
INSERT INTO `warehouses` (`id`, `address_id`, `name`, `code`, `responsible`, `is_activated`, `created_at`, `deleted_at`, `updated_at`) VALUES
	(1, 12, 'Ashland', '0001', 'Edwin Louis', 1, NULL, NULL, NULL),
	(3, 13, 'Westborough', '0002', 'Antônio Carlos', 1, NULL, NULL, NULL);
/*!40000 ALTER TABLE `warehouses` ENABLE KEYS */;

/*!40101 SET SQL_MODE=IFNULL(@OLD_SQL_MODE, '') */;
/*!40014 SET FOREIGN_KEY_CHECKS=IF(@OLD_FOREIGN_KEY_CHECKS IS NULL, 1, @OLD_FOREIGN_KEY_CHECKS) */;
/*!40101 SET CHARACTER_SET_CLIENT=@OLD_CHARACTER_SET_CLIENT */;
