-- --------------------------------------------------------
-- Servidor:                     127.0.0.1
-- Versão do servidor:           8.0.16 - MySQL Community Server - GPL
-- OS do Servidor:               Win64
-- HeidiSQL Versão:              10.1.0.5464
-- --------------------------------------------------------

/*!40101 SET @OLD_CHARACTER_SET_CLIENT=@@CHARACTER_SET_CLIENT */;
/*!40101 SET NAMES utf8 */;
/*!50503 SET NAMES utf8mb4 */;
/*!40014 SET @OLD_FOREIGN_KEY_CHECKS=@@FOREIGN_KEY_CHECKS, FOREIGN_KEY_CHECKS=0 */;
/*!40101 SET @OLD_SQL_MODE=@@SQL_MODE, SQL_MODE='NO_AUTO_VALUE_ON_ZERO' */;

-- Copiando estrutura para tabela toll_db.actions
CREATE TABLE IF NOT EXISTS `actions` (
  `id` int(11) NOT NULL AUTO_INCREMENT,
  `name` varchar(50) DEFAULT NULL,
  PRIMARY KEY (`id`)
) ENGINE=InnoDB AUTO_INCREMENT=16 DEFAULT CHARSET=latin1;

-- Copiando dados para a tabela toll_db.actions: ~12 rows (aproximadamente)
/*!40000 ALTER TABLE `actions` DISABLE KEYS */;
INSERT INTO `actions` (`id`, `name`) VALUES
	(1, 'Read'),
	(2, 'Create'),
	(3, 'Update'),
	(4, 'Delete'),
	(6, 'Exportar para Excel'),
	(7, 'Exportar para PDF'),
	(10, 'Aprovar Cadastro de Equipamento'),
	(11, 'Aprovar Desmobilização de Equipamento'),
	(12, 'Aprovar Transferência de Equipamento'),
	(13, 'Aprovar Encerramento de Ordem de Serviço'),
	(14, 'Desmobilizar Equipamento'),
	(15, 'Transferir Equipamento');
/*!40000 ALTER TABLE `actions` ENABLE KEYS */;

-- Copiando estrutura para tabela toll_db.addresses
CREATE TABLE IF NOT EXISTS `addresses` (
  `id` int(11) unsigned NOT NULL AUTO_INCREMENT,
  `code` varchar(10) DEFAULT NULL,
  `street` varchar(80) DEFAULT NULL,
  `number` varchar(10) DEFAULT NULL,
  `city` varchar(80) DEFAULT NULL,
  `state` varchar(100) DEFAULT NULL,
  `zip_code` varchar(10) DEFAULT NULL,
  `country` varchar(80) DEFAULT NULL,
  `complement` varchar(80) DEFAULT NULL,
  `neighborhood` varchar(80) DEFAULT NULL,
  `phone` varchar(50) DEFAULT NULL,
  `email` varchar(80) DEFAULT NULL,
  `is_activated` int(11) DEFAULT '1',
  `created_at` timestamp NULL DEFAULT CURRENT_TIMESTAMP,
  `updated_at` timestamp NULL DEFAULT NULL,
  `deleted_at` timestamp NULL DEFAULT NULL,
  PRIMARY KEY (`id`)
) ENGINE=InnoDB AUTO_INCREMENT=14 DEFAULT CHARSET=latin1;

-- Copiando dados para a tabela toll_db.addresses: ~13 rows (aproximadamente)
/*!40000 ALTER TABLE `addresses` DISABLE KEYS */;
INSERT INTO `addresses` (`id`, `code`, `street`, `number`, `city`, `state`, `zip_code`, `country`, `complement`, `neighborhood`, `phone`, `email`, `is_activated`, `created_at`, `updated_at`, `deleted_at`) VALUES
	(1, '1708-MD', '1708 Masonic Drive', NULL, 'Bozeman', 'Montana', '59715', 'United States', NULL, NULL, NULL, NULL, 1, '2024-09-24 10:46:34', NULL, NULL),
	(2, '4858-WPR', '4858 Wolf Pen Road', NULL, 'San Francisco', 'California', '94107', 'United States', NULL, NULL, '650-389-2325', NULL, 1, '2024-09-24 10:46:34', NULL, NULL),
	(3, '2200-MD', '2200 Masonic Drive', NULL, 'Sunrise', 'Florida', '33323', 'United States', NULL, NULL, '786-356-1177', NULL, 1, '2024-09-24 10:46:34', NULL, NULL),
	(4, '4357-MA', '4357 Modoc Alley', NULL, 'White Bird', 'Florida', '83554', 'United States', NULL, NULL, '208-839-0342', NULL, 1, '2024-09-24 10:46:34', NULL, NULL),
	(5, '123-FH', '123 Fisher Hill', NULL, 'Bailfour', 'Massachusetts', '', 'United States', NULL, NULL, NULL, NULL, 1, '2024-09-24 10:46:34', NULL, NULL),
	(6, '180-TST', '180 Telfourd St.', NULL, 'Boston', 'Massachusetts', '', 'United States', NULL, NULL, NULL, NULL, 1, '2024-09-24 10:46:34', NULL, NULL),
	(7, '44-46-SFP', '44-46 Soldiers Field Place', NULL, 'Boston', 'Massachusetts', '', 'United States', NULL, NULL, NULL, NULL, 1, '2024-09-24 10:46:34', NULL, NULL),
	(8, '490-ERd', '490 Edgartown Rd.', NULL, 'Boston', 'Massachusetts', '', 'United States', NULL, NULL, NULL, NULL, 1, '2024-09-24 10:46:34', NULL, NULL),
	(9, '39-MSt', '39 Main St.', NULL, 'Boston', 'Massachusetts', '', 'United States', NULL, NULL, NULL, NULL, 1, '2024-09-24 10:46:34', NULL, NULL),
	(10, '51-GSt', '51 Gage St.', NULL, 'Boston', 'Massachusetts', '', 'United States', NULL, NULL, NULL, NULL, 1, '2024-09-24 10:46:34', NULL, NULL),
	(11, '4182-VAv', '4182 Burton Avenue', NULL, 'Memphis', 'Tennessee', '38117', 'United States', NULL, NULL, '771-765-2077', NULL, 1, '2024-09-24 10:46:34', NULL, NULL),
	(12, '602-CD', '602 Carolina Divide', NULL, 'Boston', 'Massachusetts', '02125-2577', 'United States', 'Apt. 240', NULL, NULL, NULL, 1, '2024-09-25 09:50:16', NULL, NULL),
	(13, '5430-LAv', '5430 Lysanne Avenue', NULL, ' South Lilianeview', 'Texas', '7683-9656', 'United States', '', NULL, NULL, NULL, 1, '2024-09-25 09:52:30', NULL, NULL);
/*!40000 ALTER TABLE `addresses` ENABLE KEYS */;

-- Copiando estrutura para tabela toll_db.address_clients
CREATE TABLE IF NOT EXISTS `address_clients` (
  `id` int(11) unsigned NOT NULL AUTO_INCREMENT,
  `client_id` int(11) NOT NULL,
  `address_id` int(11) NOT NULL,
  `is_activated` int(11) DEFAULT '1',
  `created_at` timestamp NULL DEFAULT NULL,
  `deleted_at` timestamp NULL DEFAULT NULL,
  `updated_at` timestamp NULL DEFAULT NULL,
  PRIMARY KEY (`id`)
) ENGINE=InnoDB AUTO_INCREMENT=9 DEFAULT CHARSET=latin1;

-- Copiando dados para a tabela toll_db.address_clients: ~6 rows (aproximadamente)
/*!40000 ALTER TABLE `address_clients` DISABLE KEYS */;
INSERT INTO `address_clients` (`id`, `client_id`, `address_id`, `is_activated`, `created_at`, `deleted_at`, `updated_at`) VALUES
	(1, 10, 10, 1, '2024-09-24 14:56:33', NULL, NULL),
	(2, 8, 7, 1, NULL, NULL, NULL),
	(3, 2, 13, 1, NULL, NULL, NULL),
	(4, 3, 9, 1, NULL, NULL, NULL),
	(5, 9, 12, 1, NULL, NULL, NULL),
	(6, 5, 10, 1, NULL, NULL, NULL),
	(7, 7, 11, 1, NULL, NULL, NULL),
	(8, 4, 1, 1, NULL, NULL, NULL);
/*!40000 ALTER TABLE `address_clients` ENABLE KEYS */;

-- Copiando estrutura para tabela toll_db.allowed_actions
CREATE TABLE IF NOT EXISTS `allowed_actions` (
  `id` bigint(20) unsigned NOT NULL AUTO_INCREMENT,
  `user_id` bigint(20) unsigned NOT NULL,
  `read` int(11) unsigned NOT NULL DEFAULT '1',
  `store` int(11) unsigned NOT NULL DEFAULT '1',
  `edit` int(11) unsigned NOT NULL DEFAULT '1',
  `delete` int(11) unsigned NOT NULL DEFAULT '1',
  `export` int(11) unsigned NOT NULL DEFAULT '1',
  PRIMARY KEY (`id`),
  KEY `user_id_fk1x` (`user_id`),
  CONSTRAINT `user_id_fk1x` FOREIGN KEY (`user_id`) REFERENCES `users` (`id`)
) ENGINE=InnoDB DEFAULT CHARSET=latin1;

-- Copiando dados para a tabela toll_db.allowed_actions: ~0 rows (aproximadamente)
/*!40000 ALTER TABLE `allowed_actions` DISABLE KEYS */;
/*!40000 ALTER TABLE `allowed_actions` ENABLE KEYS */;

-- Copiando estrutura para tabela toll_db.brands
CREATE TABLE IF NOT EXISTS `brands` (
  `id` int(10) unsigned NOT NULL AUTO_INCREMENT,
  `cd_usuar_cad` int(11) NOT NULL,
  `name` varchar(80) DEFAULT NULL,
  `is_activated` int(10) unsigned DEFAULT '1',
  `cd_usuar_exc` int(11) DEFAULT NULL,
  `created_at` timestamp NULL DEFAULT NULL,
  `deleted_at` timestamp NULL DEFAULT NULL,
  `updated_at` timestamp NULL DEFAULT NULL,
  PRIMARY KEY (`id`),
  KEY `cd_usuar_cad_fksmk` (`cd_usuar_cad`),
  KEY `cd_usuar_exc_fkx2` (`cd_usuar_exc`),
  CONSTRAINT `cd_usuar_cad_fksmk` FOREIGN KEY (`cd_usuar_cad`) REFERENCES `tbl_usuar` (`cd_usuar`),
  CONSTRAINT `cd_usuar_exc_fkx2` FOREIGN KEY (`cd_usuar_exc`) REFERENCES `tbl_usuar` (`cd_usuar`)
) ENGINE=InnoDB AUTO_INCREMENT=167 DEFAULT CHARSET=utf8;

-- Copiando dados para a tabela toll_db.brands: ~129 rows (aproximadamente)
/*!40000 ALTER TABLE `brands` DISABLE KEYS */;
INSERT INTO `brands` (`id`, `cd_usuar_cad`, `name`, `is_activated`, `cd_usuar_exc`, `created_at`, `deleted_at`, `updated_at`) VALUES
	(25, 1, 'BLACK & DECKER', 1, NULL, '2024-09-25 18:48:06', NULL, NULL),
	(26, 1, 'BOSCH', 1, NULL, '2024-09-25 18:48:06', NULL, NULL),
	(27, 1, 'MAKITA', 1, NULL, '2024-09-25 18:48:06', NULL, NULL),
	(28, 1, '3M', 1, NULL, '2024-09-25 18:48:06', NULL, NULL),
	(29, 1, 'DEWALT', 1, NULL, '2024-09-25 18:48:06', NULL, NULL),
	(30, 1, 'IRWIN', 1, NULL, '2024-09-25 18:48:06', NULL, NULL),
	(31, 1, 'VONDER', 1, NULL, '2024-09-25 18:48:06', NULL, NULL),
	(32, 1, 'SCHULZ', 1, NULL, '2024-09-25 18:48:06', NULL, NULL),
	(33, 1, 'TRAMONTINA', 1, NULL, '2024-09-25 18:48:06', NULL, NULL),
	(34, 1, 'STANLEY', 1, NULL, '2024-09-25 18:48:06', NULL, NULL),
	(35, 1, 'Fibratape', 0, NULL, NULL, NULL, NULL),
	(36, 1, 'CORTAG', 1, NULL, '2024-09-25 18:48:06', NULL, NULL),
	(37, 1, 'GEDORE', 1, NULL, '2024-09-25 18:48:06', NULL, NULL),
	(38, 1, 'EINHELL', 1, NULL, '2024-09-25 18:48:06', NULL, NULL),
	(39, 1, 'BELZER', 1, NULL, '2024-09-25 18:48:06', NULL, NULL),
	(40, 1, 'CARBOGRAFITE', 1, NULL, '2024-09-25 18:48:06', NULL, NULL),
	(41, 1, 'PLACO', 1, NULL, '2024-10-14 11:30:37', NULL, NULL),
	(42, 1, 'ADFOR', 1, NULL, '2024-10-14 11:30:43', NULL, NULL),
	(43, 1, 'KNAUF', 1, NULL, '2024-10-14 11:31:19', NULL, NULL),
	(44, 1, 'XCMG', 0, NULL, NULL, NULL, NULL),
	(45, 1, 'JCB', 0, NULL, NULL, NULL, NULL),
	(46, 1, 'JOHN DEERE', 0, NULL, NULL, NULL, NULL),
	(47, 1, 'XGMA', 0, NULL, NULL, NULL, NULL),
	(48, 1, 'YANTAI EDDIE PRECISION', 0, NULL, NULL, NULL, NULL),
	(49, 1, 'MASSEY FERGUSON', 0, NULL, NULL, NULL, NULL),
	(50, 84, 'ZOOMLION', 0, NULL, NULL, NULL, NULL),
	(55, 97, 'VW', 0, 84, NULL, NULL, NULL),
	(57, 89, 'XGM', 0, 84, NULL, NULL, NULL),
	(58, 84, 'ATLAS COPCO', 0, NULL, NULL, NULL, NULL),
	(59, 84, 'SULLAIR', 0, NULL, NULL, NULL, NULL),
	(60, 84, 'CHICAGO PNEUMATIC', 0, NULL, NULL, NULL, NULL),
	(61, 91, 'RANDON', 0, NULL, NULL, NULL, NULL),
	(62, 97, 'JCB 200LC', 0, 84, NULL, NULL, NULL),
	(63, 84, 'SDLG', 0, NULL, NULL, NULL, NULL),
	(64, 99, 'SCANIA', 0, NULL, NULL, NULL, NULL),
	(65, 99, 'VALTRA', 0, NULL, NULL, NULL, NULL),
	(66, 84, 'TESMEC', 0, NULL, NULL, NULL, NULL),
	(68, 99, 'NISSAN', 0, NULL, NULL, NULL, NULL),
	(70, 88, 'ALLMAND ', 0, NULL, NULL, NULL, NULL),
	(72, 109, 'LIEBHERR', 0, NULL, NULL, NULL, NULL),
	(73, 106, 'FIORI', 0, NULL, NULL, NULL, NULL),
	(74, 88, 'VALMET', 0, NULL, NULL, NULL, NULL),
	(75, 92, 'DOOSAN', 0, NULL, NULL, NULL, NULL),
	(76, 99, 'INTERNATIONAL', 0, NULL, NULL, NULL, NULL),
	(78, 96, 'SUZUKI', 0, NULL, NULL, NULL, NULL),
	(79, 1, 'SINOTRUK', 0, NULL, NULL, NULL, NULL),
	(80, 88, 'PERKINS ', 0, NULL, NULL, NULL, NULL),
	(81, 1, 'HUSQVARNA', 0, NULL, NULL, NULL, NULL),
	(82, 1, 'TOYAMA', 0, NULL, NULL, NULL, NULL),
	(83, 1, 'COMIL', 0, NULL, NULL, NULL, NULL),
	(84, 1, 'STIHL', 0, NULL, NULL, NULL, NULL),
	(85, 1, 'PW HIDROPNEUMÁTICA', 0, NULL, NULL, NULL, NULL),
	(86, 91, 'LOKING', 0, NULL, NULL, NULL, NULL),
	(87, 91, 'LONKING', 0, NULL, NULL, NULL, NULL),
	(88, 92, 'STAMFORD', 0, NULL, NULL, NULL, NULL),
	(89, 92, 'COMBAT', 0, NULL, NULL, NULL, NULL),
	(90, 1, 'ALFA', 0, NULL, NULL, NULL, NULL),
	(91, 99, 'JD', 0, 84, NULL, NULL, NULL),
	(93, 84, 'BUSSCAR', 0, NULL, NULL, NULL, NULL),
	(94, 157, 'FIATALLIS', 0, NULL, NULL, NULL, NULL),
	(96, 99, 'TRITON', 0, NULL, NULL, NULL, NULL),
	(98, 146, 'LT-3', 0, 84, NULL, NULL, NULL),
	(99, 146, 'STEMAC', 0, NULL, NULL, NULL, NULL),
	(100, 156, 'BS INDUSTRIA', 0, NULL, NULL, NULL, NULL),
	(101, 84, 'MECC ALTE', 0, NULL, NULL, NULL, NULL),
	(102, 84, 'MASCARELLO', 0, NULL, NULL, NULL, NULL),
	(103, 84, 'CIFERAL', 0, NULL, NULL, NULL, NULL),
	(104, 99, 'MADAL', 0, NULL, NULL, NULL, NULL),
	(105, 157, 'G-DRIVE ENGINES', 0, NULL, NULL, NULL, NULL),
	(107, 84, 'CZM', 0, NULL, NULL, NULL, NULL),
	(108, 84, 'WACKER NEUSON', 0, NULL, NULL, NULL, NULL),
	(109, 161, 'CCMG', 0, NULL, NULL, NULL, NULL),
	(110, 1, 'MAN', 0, NULL, NULL, NULL, NULL),
	(111, 1, 'GENSET', 0, NULL, NULL, NULL, NULL),
	(112, 1, 'JEEP', 0, NULL, NULL, NULL, NULL),
	(113, 1, 'AGRALE', 0, NULL, NULL, NULL, NULL),
	(114, 1, 'PRENTICE', 0, NULL, NULL, NULL, NULL),
	(115, 155, 'HUBER WARCO', 0, NULL, NULL, NULL, NULL),
	(116, 1, 'KUBOTA', 0, NULL, NULL, NULL, NULL),
	(117, 1, 'LIU GONG', 0, NULL, NULL, NULL, NULL),
	(118, 1, 'WOLF', 0, NULL, NULL, NULL, NULL),
	(119, 1, 'MGR', 0, NULL, NULL, NULL, NULL),
	(120, 1, 'SHANTUI', 0, NULL, NULL, NULL, NULL),
	(121, 1, 'CLO ZIRONI', 0, NULL, NULL, NULL, NULL),
	(122, 1, 'MULLER', 0, NULL, NULL, NULL, NULL),
	(123, 1, 'BUFFALO', 0, NULL, NULL, NULL, NULL),
	(124, 1, 'DIAMOND DRILL', 0, NULL, NULL, NULL, NULL),
	(125, 219, 'USICAMP', 0, NULL, NULL, NULL, NULL),
	(126, 1, 'GROVE', 0, NULL, NULL, NULL, NULL),
	(127, 1, 'VIPART EQUIPAMENTOS', 0, NULL, NULL, NULL, NULL),
	(128, 1, 'METAL PEDRAO', 0, NULL, NULL, NULL, NULL),
	(129, 1, 'T.E.M.A.', 0, NULL, NULL, NULL, NULL),
	(130, 1, 'PRAMAC', 0, NULL, NULL, NULL, NULL),
	(131, 219, 'DYNAPAC', 0, NULL, NULL, NULL, NULL),
	(132, 219, 'GERA POWER', 0, NULL, NULL, NULL, NULL),
	(133, 219, 'CUMMINS', 0, NULL, NULL, NULL, NULL),
	(134, 219, 'JLG', 0, NULL, NULL, NULL, NULL),
	(135, 219, 'GENIE', 0, NULL, NULL, NULL, NULL),
	(136, 219, 'LINDE', 0, NULL, NULL, NULL, NULL),
	(137, 219, 'JHV', 0, NULL, NULL, NULL, NULL),
	(138, 219, 'MWM', 0, NULL, NULL, NULL, NULL),
	(139, 219, 'MTOWER', 0, NULL, NULL, NULL, NULL),
	(140, 219, 'MANITOU', 0, NULL, NULL, NULL, NULL),
	(141, 219, 'NAO SE APLICA', 0, NULL, NULL, NULL, NULL),
	(142, 219, 'WEG', 0, NULL, NULL, NULL, NULL),
	(143, 219, 'BRANCO', 0, NULL, NULL, NULL, NULL),
	(144, 219, 'FACCHINI', 0, NULL, NULL, NULL, NULL),
	(145, 219, 'LUNA', 0, NULL, NULL, NULL, NULL),
	(146, 219, 'TERRADRIL', 0, NULL, NULL, NULL, NULL),
	(147, 219, 'RODOVALE', 0, NULL, NULL, NULL, NULL),
	(148, 219, 'FG WILSON', 0, NULL, NULL, NULL, NULL),
	(149, 219, 'BOMAG', 0, NULL, NULL, NULL, NULL),
	(150, 219, 'LINK JET', 0, NULL, NULL, NULL, NULL),
	(151, 219, 'HIDROSOLO DUMKE', 0, NULL, NULL, NULL, NULL),
	(152, 354, 'GMI', 0, NULL, NULL, NULL, NULL),
	(153, 354, 'MGI', 0, NULL, NULL, NULL, NULL),
	(154, 219, 'TADANO', 0, NULL, NULL, NULL, NULL),
	(155, 219, 'BOBCAT', 0, NULL, NULL, NULL, NULL),
	(156, 219, 'FERGEL', 0, NULL, NULL, NULL, NULL),
	(157, 219, 'MANITOWOC', 0, NULL, NULL, NULL, NULL),
	(158, 219, 'RONDOMIX', 0, NULL, NULL, NULL, NULL),
	(159, 219, 'KOBELCO', 0, NULL, NULL, NULL, NULL),
	(160, 219, 'NAGANO', 0, NULL, NULL, NULL, NULL),
	(161, 219, 'COMETTO', 0, NULL, NULL, NULL, NULL),
	(162, 219, 'TEREX', 0, NULL, NULL, NULL, NULL),
	(163, 219, 'YANMAR', 0, NULL, NULL, NULL, NULL),
	(164, 219, 'LINK-BELT EXCAVATORS', 0, NULL, NULL, NULL, NULL),
	(165, 354, 'MS GERADORES', 0, NULL, NULL, NULL, NULL),
	(166, 219, 'GMG', 0, NULL, NULL, NULL, NULL);
/*!40000 ALTER TABLE `brands` ENABLE KEYS */;

-- Copiando estrutura para tabela toll_db.clients
CREATE TABLE IF NOT EXISTS `clients` (
  `id` int(11) NOT NULL AUTO_INCREMENT,
  `code` varchar(10) DEFAULT NULL,
  `name` varchar(80) DEFAULT NULL,
  `address` varchar(80) DEFAULT NULL,
  `city` varchar(50) DEFAULT NULL,
  `state` varchar(50) DEFAULT NULL,
  `country` varchar(50) DEFAULT NULL,
  `zip_code` varchar(20) DEFAULT NULL,
  `phone` varchar(20) DEFAULT NULL,
  `email` varchar(50) DEFAULT NULL,
  `responsible` varchar(50) DEFAULT NULL,
  `is_activated` int(11) DEFAULT '1',
  `dt_datareg` timestamp NULL DEFAULT CURRENT_TIMESTAMP,
  `created_at` timestamp NULL DEFAULT NULL,
  `deleted_at` timestamp NULL DEFAULT NULL,
  `updated_at` timestamp NULL DEFAULT NULL,
  PRIMARY KEY (`id`)
) ENGINE=InnoDB AUTO_INCREMENT=27 DEFAULT CHARSET=latin1;

-- Copiando dados para a tabela toll_db.clients: ~26 rows (aproximadamente)
/*!40000 ALTER TABLE `clients` DISABLE KEYS */;
INSERT INTO `clients` (`id`, `code`, `name`, `address`, `city`, `state`, `country`, `zip_code`, `phone`, `email`, `responsible`, `is_activated`, `dt_datareg`, `created_at`, `deleted_at`, `updated_at`) VALUES
	(2, 'BD', 'BRROKLINE DEVELOPMENT', NULL, NULL, NULL, NULL, NULL, NULL, NULL, NULL, 1, '2022-11-16 14:14:08', NULL, NULL, NULL),
	(3, 'DELL', 'DELLBROOK / JKS', NULL, NULL, NULL, NULL, NULL, '+1 508-540-6226', NULL, NULL, 1, '2022-11-16 15:17:31', NULL, '2024-12-05 01:48:26', '2024-12-05 01:48:26'),
	(4, 'JAN', 'JANEY', NULL, NULL, NULL, NULL, NULL, NULL, NULL, NULL, 1, '2022-11-16 15:17:31', NULL, NULL, NULL),
	(5, 'FC', 'FASTTEL CO.', NULL, NULL, NULL, NULL, NULL, NULL, NULL, NULL, 1, '2022-11-16 15:17:31', NULL, NULL, NULL),
	(7, 'JJW', 'JJ WELCH', NULL, NULL, NULL, NULL, NULL, NULL, NULL, NULL, 1, '2022-12-21 10:08:52', NULL, NULL, NULL),
	(8, 'RCS', 'REYNOLDS CONSTRUCTION SERVICES, INC.', NULL, NULL, NULL, NULL, NULL, NULL, NULL, NULL, 1, '2022-12-21 10:09:19', NULL, NULL, NULL),
	(9, 'EP', 'EMOND PLUMBIND', NULL, NULL, NULL, NULL, NULL, NULL, NULL, NULL, 1, '2022-12-21 10:09:37', NULL, NULL, NULL),
	(10, 'EDF', 'EDF', NULL, NULL, NULL, NULL, NULL, NULL, NULL, NULL, 1, '2023-02-15 11:21:50', NULL, NULL, NULL),
	(13, NULL, 'AMERICAN CONSTRUCTION CORP', 'RUA CAMPOS SALES', 'BARUERI', 'SP', 'BRASIL', '06401-000', '+1 617-645-0291', 'kreuschel@amconcorp.com', NULL, 1, '2024-12-11 18:44:40', NULL, NULL, '2024-12-13 13:19:38'),
	(14, NULL, 'BALD HILL CONSTRUCTION', NULL, NULL, NULL, NULL, NULL, '+1 781-995-0746', NULL, NULL, 1, '2024-12-11 18:57:12', NULL, NULL, NULL),
	(15, NULL, 'BENTLEY COMPANIES', NULL, NULL, NULL, NULL, NULL, '+1 617-388-6361', NULL, NULL, 1, '2024-12-11 18:59:03', NULL, NULL, NULL),
	(16, NULL, 'BERKS CONSTRUCTION GROUP', NULL, NULL, NULL, NULL, NULL, NULL, NULL, NULL, 1, '2024-12-11 18:59:52', NULL, NULL, NULL),
	(18, NULL, 'BOWDOIN CONSTRUCTION', NULL, NULL, NULL, NULL, NULL, '+1 617-435-2272', 'rcahn@bowdoinconstruction.com', NULL, 1, '2024-12-11 20:06:58', '2024-12-11 23:06:58', NULL, '2024-12-11 23:06:58'),
	(19, NULL, 'BRANDPOINT SERVICES', NULL, NULL, NULL, NULL, NULL, '+1 774-606-3049', 'sbaumgartner@brandpointservices.com', 'JOHN', 1, '2024-12-11 20:09:00', '2024-12-11 23:09:00', NULL, '2024-12-11 23:09:00'),
	(20, NULL, 'COMMERCIAL CONTRACTORS, INC', 'RUA CAMPOS SALES', 'BARUERI', 'SP', 'BRASIL', '06401-000', '(27) 99229-6555', 'saleteusbert@gmail.com', 'SALETE', 1, '2024-12-11 20:09:53', '2024-12-11 23:09:53', NULL, '2024-12-11 23:09:53'),
	(21, NULL, 'CONNELY CONSTRUCTION', NULL, NULL, NULL, NULL, NULL, NULL, 'connellyconstruction@verizon.net', NULL, 1, '2024-12-11 20:13:33', '2024-12-11 23:13:33', NULL, '2024-12-11 23:13:33'),
	(22, NULL, 'CONSTRUCTION ONE', NULL, NULL, NULL, NULL, NULL, NULL, 'mmeeks@constructionone.com', NULL, 1, '2024-12-13 09:45:13', '2024-12-13 12:45:13', NULL, '2024-12-13 12:45:13'),
	(23, NULL, 'CORCON - USA', NULL, NULL, NULL, NULL, NULL, '+1 516-505-2700', 'diannucci@corcon-usa.com', NULL, 1, '2024-12-13 09:45:34', '2024-12-13 12:45:34', NULL, '2024-12-13 12:45:34'),
	(24, NULL, 'DAVACO', NULL, NULL, NULL, NULL, NULL, '+1 817-307-1363', 'tricia.cox@davaco.com', NULL, 1, '2024-12-13 09:45:52', '2024-12-13 12:45:52', NULL, '2024-12-13 12:45:52'),
	(25, NULL, 'DELPHI CONSTRUCTION INC', NULL, NULL, NULL, NULL, NULL, '+1 781-893-9900', 'info@delphiconstruction.com', NULL, 1, '2024-12-13 09:46:08', '2024-12-13 12:46:08', NULL, '2024-12-13 12:46:08');
/*!40000 ALTER TABLE `clients` ENABLE KEYS */;

-- Copiando estrutura para tabela toll_db.companies
CREATE TABLE IF NOT EXISTS `companies` (
  `id` int(11) NOT NULL AUTO_INCREMENT,
  `segment` int(10) unsigned DEFAULT NULL,
  `name` varchar(50) DEFAULT NULL,
  `ds_empresa_email` varchar(120) DEFAULT NULL,
  `ds_empresa_contato` varchar(40) DEFAULT NULL,
  `fantasy_name` varchar(80) DEFAULT NULL,
  `document_number` varchar(18) DEFAULT NULL,
  `ds_empresa_telfixo` varchar(20) DEFAULT NULL,
  `ds_empresa_telcel` varchar(20) DEFAULT NULL,
  `ds_empresa_site` varchar(50) DEFAULT NULL,
  `is_activated` int(11) DEFAULT '1',
  `created_at` timestamp NULL DEFAULT CURRENT_TIMESTAMP,
  `logo` varchar(20) DEFAULT NULL,
  `updated_at` timestamp NULL DEFAULT NULL,
  `deleted_at` timestamp NULL DEFAULT NULL,
  PRIMARY KEY (`id`),
  KEY `cd_empresa_tipo_fk` (`segment`)
) ENGINE=InnoDB AUTO_INCREMENT=16 DEFAULT CHARSET=utf8;

-- Copiando dados para a tabela toll_db.companies: ~4 rows (aproximadamente)
/*!40000 ALTER TABLE `companies` DISABLE KEYS */;
INSERT INTO `companies` (`id`, `segment`, `name`, `ds_empresa_email`, `ds_empresa_contato`, `fantasy_name`, `document_number`, `ds_empresa_telfixo`, `ds_empresa_telcel`, `ds_empresa_site`, `is_activated`, `created_at`, `logo`, `updated_at`, `deleted_at`) VALUES
	(1, 1, 'METALLEVE WALL SYSTEMS', NULL, NULL, 'METALLEVE WALL SYSTEMS', NULL, NULL, '(11 ) 0000 0000', NULL, 0, '2016-11-08 17:18:58', 'logo.png', NULL, NULL),
	(13, 1, 'SK - NOVO ESTADO', NULL, NULL, 'SBEI', NULL, NULL, '(11 ) 0000 0000', NULL, 0, '2016-11-08 17:18:58', 'logo3.png', NULL, NULL),
	(14, 1, 'ONTIME CONSTRUCTION', NULL, NULL, 'ONTIME CONSTRUCTION', NULL, NULL, '(11 ) 0000 0000', NULL, 1, '2016-11-08 17:18:58', 'logo3.png', NULL, NULL),
	(15, 1, 'ICSK BRASIL', NULL, NULL, 'ICSK BRASIL', NULL, NULL, '(11 ) 0000 0000', NULL, 0, '2016-11-08 17:18:58', 'logo3.png', NULL, NULL);
/*!40000 ALTER TABLE `companies` ENABLE KEYS */;

-- Copiando estrutura para tabela toll_db.contacts
CREATE TABLE IF NOT EXISTS `contacts` (
  `id` int(11) unsigned NOT NULL AUTO_INCREMENT,
  `name` varchar(80) DEFAULT NULL,
  `client_id` int(11) DEFAULT NULL,
  `employee_role_id` int(11) unsigned DEFAULT NULL,
  `phone` varchar(20) DEFAULT NULL,
  `email` varchar(80) DEFAULT NULL,
  `is_activated` int(11) DEFAULT '1',
  `created_at` timestamp NULL DEFAULT CURRENT_TIMESTAMP,
  `updated_at` timestamp NULL DEFAULT NULL,
  `deleted_at` timestamp NULL DEFAULT NULL,
  PRIMARY KEY (`id`),
  KEY `client_id_fkxia` (`client_id`),
  KEY `function_id_fkxia` (`employee_role_id`),
  CONSTRAINT `client_id_fkxia` FOREIGN KEY (`client_id`) REFERENCES `clients` (`id`),
  CONSTRAINT `function_id_fkxia` FOREIGN KEY (`employee_role_id`) REFERENCES `employee_roles` (`id`)
) ENGINE=InnoDB AUTO_INCREMENT=10 DEFAULT CHARSET=latin1;

-- Copiando dados para a tabela toll_db.contacts: ~4 rows (aproximadamente)
/*!40000 ALTER TABLE `contacts` DISABLE KEYS */;
INSERT INTO `contacts` (`id`, `name`, `client_id`, `employee_role_id`, `phone`, `email`, `is_activated`, `created_at`, `updated_at`, `deleted_at`) VALUES
	(1, 'JONNY BUTTON', 8, 2, '27 99 999 999', 'jony@gmail.com', 1, '2024-12-04 18:35:18', '2024-12-13 13:21:26', NULL),
	(2, 'JASON LEE JONES', 7, 1, '+55 27 66585 6545', 'jlee@gmail.com', 1, '2024-12-05 01:11:07', '2024-12-05 03:12:47', NULL),
	(3, 'WILLIAM FRANKLIN GRAHAM', 2, 2, '+01 531 53135', 'bily@gmail.com', 1, '2024-12-05 01:14:12', '2024-12-05 03:16:20', '2024-12-05 03:16:20'),
	(8, 'EDWIN LOUIS COLE', 4, 1, '(27) 99535 3153', 'elc@gmail.com', 1, '2024-12-05 03:04:38', '2024-12-05 03:04:38', NULL),
	(9, 'CINDY JACOBS', 13, 1, '(27) 99229-6555', 'cindy@gmail.com', 1, '2024-12-13 13:22:31', '2024-12-13 13:22:31', NULL);
/*!40000 ALTER TABLE `contacts` ENABLE KEYS */;

-- Copiando estrutura para tabela toll_db.contracts
CREATE TABLE IF NOT EXISTS `contracts` (
  `id` int(10) unsigned NOT NULL AUTO_INCREMENT,
  `supplyer_id` int(10) unsigned NOT NULL,
  `vehicle_id` int(10) unsigned DEFAULT NULL,
  `user_id` int(11) NOT NULL,
  `project_id` int(11) DEFAULT NULL,
  `id_excluido` int(10) DEFAULT NULL,
  `contract_start_date` date DEFAULT NULL,
  `contract_end_date` date DEFAULT NULL,
  `contract_number` varchar(30) DEFAULT NULL,
  `contract_year` int(10) unsigned DEFAULT NULL,
  `contract_value` decimal(10,2) DEFAULT NULL,
  `mobilization_value` decimal(12,2) DEFAULT NULL,
  `demobilization_value` decimal(12,2) DEFAULT NULL,
  `type` int(10) unsigned DEFAULT NULL,
  `order_number` varchar(30) DEFAULT NULL,
  `rm` varchar(30) DEFAULT NULL,
  `order_year` int(10) unsigned DEFAULT NULL,
  `rm1` int(10) unsigned DEFAULT NULL,
  `rm_year1` int(10) unsigned DEFAULT NULL,
  `rm2` int(10) unsigned DEFAULT NULL,
  `rm_year2` int(10) unsigned DEFAULT NULL,
  `rm3` int(10) unsigned DEFAULT NULL,
  `rm_year3` int(10) unsigned DEFAULT NULL,
  `is_activated` int(10) unsigned DEFAULT '1',
  `created_at` timestamp NULL DEFAULT CURRENT_TIMESTAMP,
  `deleted_at` timestamp NULL DEFAULT NULL,
  `updated_at` timestamp NULL DEFAULT NULL,
  PRIMARY KEY (`id`),
  KEY `cd_veic_locatario_fk1c` (`supplyer_id`),
  KEY `cd_veic_dados_fk1cr` (`vehicle_id`),
  KEY `cd_usuar_cad_fk1cr` (`user_id`),
  KEY `cd_projeto_fk1x` (`project_id`),
  CONSTRAINT `cd_projeto_fk1x` FOREIGN KEY (`project_id`) REFERENCES `projects` (`id`),
  CONSTRAINT `cd_usuar_cad_fk1cr` FOREIGN KEY (`user_id`) REFERENCES `tbl_usuar` (`cd_usuar`),
  CONSTRAINT `cd_veic_dados_fk1cr` FOREIGN KEY (`vehicle_id`) REFERENCES `vehicles` (`id`),
  CONSTRAINT `cd_veic_locatario_fk1c` FOREIGN KEY (`supplyer_id`) REFERENCES `supplyers` (`id`)
) ENGINE=InnoDB AUTO_INCREMENT=3523 DEFAULT CHARSET=utf8;

-- Copiando dados para a tabela toll_db.contracts: ~0 rows (aproximadamente)
/*!40000 ALTER TABLE `contracts` DISABLE KEYS */;
/*!40000 ALTER TABLE `contracts` ENABLE KEYS */;

-- Copiando estrutura para tabela toll_db.countries
CREATE TABLE IF NOT EXISTS `countries` (
  `id` int(11) NOT NULL AUTO_INCREMENT,
  `name` varchar(50) DEFAULT NULL,
  `locale` varchar(10) DEFAULT NULL,
  `code` varchar(5) DEFAULT NULL,
  `language` varchar(20) DEFAULT NULL,
  PRIMARY KEY (`id`)
) ENGINE=InnoDB DEFAULT CHARSET=latin1;

-- Copiando dados para a tabela toll_db.countries: ~0 rows (aproximadamente)
/*!40000 ALTER TABLE `countries` DISABLE KEYS */;
/*!40000 ALTER TABLE `countries` ENABLE KEYS */;

-- Copiando estrutura para tabela toll_db.disciplines
CREATE TABLE IF NOT EXISTS `disciplines` (
  `id` int(11) unsigned NOT NULL AUTO_INCREMENT,
  `name` varchar(100) DEFAULT NULL,
  `is_activated` int(11) DEFAULT '1',
  `created_at` timestamp NULL DEFAULT CURRENT_TIMESTAMP,
  `updated_at` timestamp NULL DEFAULT NULL,
  `deleted_at` timestamp NULL DEFAULT NULL,
  PRIMARY KEY (`id`)
) ENGINE=InnoDB AUTO_INCREMENT=5 DEFAULT CHARSET=latin1;

-- Copiando dados para a tabela toll_db.disciplines: ~4 rows (aproximadamente)
/*!40000 ALTER TABLE `disciplines` DISABLE KEYS */;
INSERT INTO `disciplines` (`id`, `name`, `is_activated`, `created_at`, `updated_at`, `deleted_at`) VALUES
	(1, 'Carpentry', 1, '2024-10-18 09:13:02', NULL, NULL),
	(2, 'Drywall', 1, '2024-10-18 09:13:02', NULL, NULL),
	(3, 'Insulation', 1, '2024-10-18 09:13:02', NULL, NULL),
	(4, 'Metal Framing', 1, '2024-10-18 09:13:02', NULL, NULL);
/*!40000 ALTER TABLE `disciplines` ENABLE KEYS */;

-- Copiando estrutura para tabela toll_db.employee_roles
CREATE TABLE IF NOT EXISTS `employee_roles` (
  `id` int(11) unsigned NOT NULL AUTO_INCREMENT,
  `name` varchar(80) DEFAULT NULL,
  `is_activated` int(11) DEFAULT '1',
  `created_at` timestamp NULL DEFAULT CURRENT_TIMESTAMP,
  `updated_at` timestamp NULL DEFAULT NULL,
  `deleted_at` timestamp NULL DEFAULT NULL,
  PRIMARY KEY (`id`)
) ENGINE=InnoDB AUTO_INCREMENT=5 DEFAULT CHARSET=latin1;

-- Copiando dados para a tabela toll_db.employee_roles: ~4 rows (aproximadamente)
/*!40000 ALTER TABLE `employee_roles` DISABLE KEYS */;
INSERT INTO `employee_roles` (`id`, `name`, `is_activated`, `created_at`, `updated_at`, `deleted_at`) VALUES
	(1, 'ASSIST. PROJECT MANAGER', 1, '2024-12-04 19:54:19', NULL, NULL),
	(2, 'CARPENTER', 1, '2024-12-04 19:54:29', NULL, NULL),
	(3, 'TAPER', 1, '2024-12-04 19:54:36', NULL, NULL),
	(4, 'PROJECT MANAGER', 1, '2024-12-04 19:54:49', NULL, NULL);
/*!40000 ALTER TABLE `employee_roles` ENABLE KEYS */;

-- Copiando estrutura para tabela toll_db.failed_jobs
CREATE TABLE IF NOT EXISTS `failed_jobs` (
  `id` bigint(20) unsigned NOT NULL AUTO_INCREMENT,
  `uuid` varchar(255) CHARACTER SET utf8mb4 COLLATE utf8mb4_unicode_ci NOT NULL,
  `connection` text CHARACTER SET utf8mb4 COLLATE utf8mb4_unicode_ci NOT NULL,
  `queue` text CHARACTER SET utf8mb4 COLLATE utf8mb4_unicode_ci NOT NULL,
  `payload` longtext CHARACTER SET utf8mb4 COLLATE utf8mb4_unicode_ci NOT NULL,
  `exception` longtext CHARACTER SET utf8mb4 COLLATE utf8mb4_unicode_ci NOT NULL,
  `failed_at` timestamp NOT NULL DEFAULT CURRENT_TIMESTAMP,
  PRIMARY KEY (`id`),
  UNIQUE KEY `failed_jobs_uuid_unique` (`uuid`)
) ENGINE=InnoDB DEFAULT CHARSET=utf8mb4 COLLATE=utf8mb4_unicode_ci;

-- Copiando dados para a tabela toll_db.failed_jobs: ~0 rows (aproximadamente)
/*!40000 ALTER TABLE `failed_jobs` DISABLE KEYS */;
/*!40000 ALTER TABLE `failed_jobs` ENABLE KEYS */;

-- Copiando estrutura para tabela toll_db.field_activities
CREATE TABLE IF NOT EXISTS `field_activities` (
  `id` int(10) unsigned NOT NULL AUTO_INCREMENT,
  `code` varchar(30) DEFAULT NULL,
  `name` varchar(80) DEFAULT NULL,
  `is_activated` int(10) unsigned DEFAULT '1',
  `created_at` timestamp NULL DEFAULT NULL,
  `updated_at` timestamp NULL DEFAULT NULL,
  `deleted_at` timestamp NULL DEFAULT NULL,
  PRIMARY KEY (`id`)
) ENGINE=InnoDB AUTO_INCREMENT=79 DEFAULT CHARSET=utf8;

-- Copiando dados para a tabela toll_db.field_activities: ~78 rows (aproximadamente)
/*!40000 ALTER TABLE `field_activities` DISABLE KEYS */;
INSERT INTO `field_activities` (`id`, `code`, `name`, `is_activated`, `created_at`, `updated_at`, `deleted_at`) VALUES
	(1, '221916', 'ESTRADAS DE ACESSO', 1, NULL, NULL, NULL),
	(2, '221917', 'SUPRESSÃO VEGETAL', 1, NULL, NULL, NULL),
	(3, '221921', 'ESCAVAÇÃO FUNDAÇÕES', 1, NULL, NULL, NULL),
	(4, '221925', 'REATERRO', 1, NULL, NULL, NULL),
	(5, '221931', 'ARMAÇÃO', 1, NULL, NULL, NULL),
	(6, '221932', 'FORMAS', 1, NULL, NULL, NULL),
	(7, '221934', 'COLOCAÇÃO CONCRETO', 1, NULL, NULL, NULL),
	(8, '221935', 'COLOCAÇÃO STUBS E HASTES', 1, NULL, NULL, NULL),
	(9, '222262', 'RECEPÇÃO E PREPARAÇÃO PÁTIO ESTRUTURAS', 1, NULL, NULL, NULL),
	(10, '222219', 'PRE-MONTAGENS ESTRUTURA', 1, NULL, NULL, NULL),
	(11, '222220', 'MONTAGENS ESTRUTURA', 1, NULL, NULL, NULL),
	(12, '222725', 'PINTURA TORRES AT', 1, NULL, NULL, NULL),
	(13, '223633', 'PREPARAÇÃO LANÇAMENTO', 1, NULL, NULL, NULL),
	(14, '223634', 'LANÇAMENTO DE CONDUTORES', 1, NULL, NULL, NULL),
	(15, '223635', 'MONTAGEM DE ACESSORIOS CONDUTORES (AMORTECEDORES, SEPARADORES, BALIZAS, ETC)', 1, NULL, NULL, NULL),
	(16, '223637', 'LANÇAMENTO DE CABO DE PARARAIO (INCL. OPGW)', 1, NULL, NULL, NULL),
	(17, '223638', 'TEMPLADO Y ENGRAMPADO', 1, NULL, NULL, NULL),
	(18, '226000', 'MÃO DE OBRA DIRETA (ALOMOXARIFADO,TOPOGRAFIA,OUTROS)', 0, NULL, NULL, NULL),
	(19, '221951', 'MÃO DE OBRA CIVIL PARA CANTEIROS', 0, NULL, NULL, NULL),
	(20, '227000', 'APOIO EMPRESA CONCRETO', 1, NULL, NULL, NULL),
	(21, '222951', 'MÃO DE OBRA ESTRUTURA PARA CANTEIROS', 0, NULL, NULL, NULL),
	(22, '223951', 'MÃO DE OBRA ELÉTRICA PARA CANTEIROS', 0, NULL, NULL, NULL),
	(23, '220000', 'APOIO ADMINISTRATIVO', 1, NULL, NULL, NULL),
	(24, '999999', 'COMISSIONAMENTO / PRAD', 1, NULL, NULL, NULL),
	(25, '001.02.02.02.02 ', ' TRANSPORTE DE MÃO DE OBRA DIRETA (MOD)', 1, NULL, NULL, NULL),
	(26, '001.02.02.02.01 ', ' ALMOXARIFADO / APOIO CANTEIRO', 1, NULL, NULL, NULL),
	(27, '001.02.05.03.01 ', ' FUNDAÇÃO CONVENCIONAL E TOPOGRAFIA', 1, NULL, NULL, NULL),
	(28, '001.02.05.01.01 ', ' ESTRADA DE ACESSO', 1, NULL, NULL, NULL),
	(29, '001.02.05.06.01 ', ' LANÇAMENTO ', 1, NULL, NULL, NULL),
	(30, '001.02.05.05.01 ', ' MONTAGEM ', 1, NULL, NULL, NULL),
	(31, '001.02.05.02.01 ', ' SUPRESSÃO VEGETAL', 1, NULL, NULL, NULL),
	(32, '001.02.05.07.01 ', ' COMISSIONAMENTO / PRAD', 1, NULL, NULL, NULL),
	(33, '001.02.02.02.03 ', ' TRANSPORTE DE MÃO DE OBRA INDIRETA (MOI)', 1, NULL, NULL, NULL),
	(34, '001.02.05.04.01', ' MICRO ESTACA', 1, NULL, NULL, NULL),
	(35, '01', 'ALMOXARIFADO / APOIO CANTEIRO', 1, NULL, NULL, NULL),
	(36, '02', 'TRANSPORTE DE MÃO DE OBRA DIRETA (MOD)', 1, NULL, NULL, NULL),
	(37, '03', 'TRANSPORTE DE MÃO DE OBRA INDIRETA (MOI)', 1, NULL, NULL, NULL),
	(38, '04', 'FUNDAÇÃO CONVENCIONAL', 1, NULL, NULL, NULL),
	(39, '05', 'MICRO ESTACA', 1, NULL, NULL, NULL),
	(40, '06', 'ACESSO', 1, NULL, NULL, NULL),
	(41, '07', 'SUPRESSÃO VEGETAL', 1, NULL, NULL, NULL),
	(42, '08', 'LANÇAMENTO ', 1, NULL, NULL, NULL),
	(43, '09', 'MONTAGEM ', 1, NULL, NULL, NULL),
	(44, '10', 'COMISSIONAMENTO / PRAD', 1, NULL, NULL, NULL),
	(45, 'PROJETO-11.0523', 'ALMOXARIFADO / APOIO CANTEIRO', 1, NULL, NULL, NULL),
	(46, 'PROJETO-11.0533', 'TRANSPORTE DE MÃO DE OBRA INDIRETA (MOI)', 1, NULL, NULL, NULL),
	(47, 'PROJETO-11.1531', 'TRANSPORTE DE MÃO DE OBRA DIRETA (MOD)', 1, NULL, NULL, NULL),
	(48, 'PROJETO-11.2531', 'ESTRADA DE ACESSO', 1, NULL, NULL, NULL),
	(49, 'PROJETO-11.3531', 'SUPRESSÃO VEGETAL', 1, NULL, NULL, NULL),
	(50, 'PROJETO-11.4531', 'FUNDAÇÃO CONVENCIONAL E TOPOGRAFIA', 1, NULL, NULL, NULL),
	(51, 'PROJETO-11.4531', 'FUNDAÇÃO MICRO ESTACA', 1, NULL, NULL, NULL),
	(52, 'PROJETO-11.5531', 'MONTAGEM', 1, NULL, NULL, NULL),
	(53, 'PROJETO-11.6531', 'LANÇAMENTO', 1, NULL, NULL, NULL),
	(54, 'PROJETO-11.7531', 'COMISSIONAMENTO / PRAD', 1, NULL, NULL, NULL),
	(55, 'PROJETO-11.2531', 'ALMOXARIFADO / APOIO CANTEIRO', 1, NULL, NULL, NULL),
	(56, 'PROJETO-11.1531', 'TRANSPORTE DE MÃO DE OBRA DIRETA (MOD)', 1, NULL, NULL, NULL),
	(57, 'PROJETO-11.0533', 'TRANSPORTE DE MÃO DE OBRA INDIRETA (MOI)', 1, NULL, NULL, NULL),
	(58, 'PROJETO-11.4531', 'OBRAS CIVIS', 1, NULL, NULL, NULL),
	(59, 'PROJETO-11.5531', 'MONTAGEM', 1, NULL, NULL, NULL),
	(60, 'LOG-99.9999', 'TRANSPORTE/MANUTENÇÃO', 1, NULL, NULL, NULL),
	(61, 'PROJETO-99.9991', 'ALMOXARIFADO CENTRAL', 1, NULL, NULL, NULL),
	(62, 'AMX-99.9999', 'ALMOXARIFADO CENTRAL', 1, NULL, NULL, NULL),
	(63, 'MEX-99.9999', 'LOCAÇÃO MERCADO EXTERNO', 1, NULL, NULL, NULL),
	(64, 'OFC-99.9999', 'OFICINA CENTRAL', 1, NULL, NULL, NULL),
	(65, 'PROJETO-11.4531', 'FUNDAÇÃO', 1, NULL, NULL, NULL),
	(66, 'A-02', 'TOP SOIL', 1, NULL, NULL, NULL),
	(67, 'A-04', 'TERRAPLANAGEM', 1, NULL, NULL, NULL),
	(68, 'A-01', 'TERRAPLANAGEM', 1, NULL, NULL, NULL),
	(69, 'A-02', 'FUNDAÇÕES', 1, NULL, NULL, NULL),
	(70, 'A-04', 'PREPARAÇÃO ESTRUT. MET.', 1, NULL, NULL, NULL),
	(71, 'A-05', 'PRÉ-MONTAGEM', 1, NULL, NULL, NULL),
	(72, 'A-07', 'ELÉTRICA / LANÇAMENTO', 1, NULL, NULL, NULL),
	(73, 'A-08', 'COMISSIONAMENTO', 1, NULL, NULL, NULL),
	(74, 'A-01', 'TERRAPLENAGEM', 1, NULL, NULL, NULL),
	(75, 'A-03', 'SERV. COMP. CIVIL', 1, NULL, NULL, NULL),
	(76, 'A-06', 'MONTAGEM', 1, NULL, NULL, NULL),
	(77, 'A-99', 'CANTEIRO / PÁTIOS', 1, NULL, NULL, NULL),
	(78, NULL, 'NÃO SE APLICA', 0, NULL, NULL, NULL);
/*!40000 ALTER TABLE `field_activities` ENABLE KEYS */;

-- Copiando estrutura para tabela toll_db.files
CREATE TABLE IF NOT EXISTS `files` (
  `id` int(11) NOT NULL AUTO_INCREMENT,
  `uuid` varchar(50) DEFAULT NULL,
  `name` varchar(250) DEFAULT NULL,
  `original_name` varchar(150) DEFAULT '1',
  `codigo_temp` varchar(20) DEFAULT NULL,
  `usuar_temp` int(11) DEFAULT NULL,
  `cd_produto_entreg` int(11) DEFAULT NULL,
  `cd_acaoresp` int(11) DEFAULT NULL,
  `cd_solicitem` int(10) unsigned DEFAULT NULL,
  `cd_rm` int(10) unsigned DEFAULT NULL,
  `cd_temporario` varchar(80) DEFAULT NULL,
  `id_tipo` int(11) DEFAULT NULL,
  `is_activated` int(11) DEFAULT '1',
  `created_at` timestamp NULL DEFAULT CURRENT_TIMESTAMP,
  `user_id` int(11) DEFAULT NULL,
  `type_document_id` int(10) unsigned DEFAULT NULL,
  `vehicle_id` int(10) unsigned DEFAULT NULL,
  `comment` varchar(120) DEFAULT NULL,
  `service_order_id` int(10) unsigned DEFAULT NULL,
  `project_id` int(11) DEFAULT NULL,
  `cd_qsmslista` int(10) unsigned DEFAULT NULL,
  `cd_qsmsrnc` int(10) unsigned DEFAULT NULL,
  `cd_qsmsitem_aval` int(10) unsigned DEFAULT NULL,
  `cd_tipo_evidencia` int(10) unsigned DEFAULT NULL,
  `cd_qsms_lic` int(10) unsigned DEFAULT NULL,
  `cd_qsmsvac` int(10) unsigned DEFAULT NULL,
  `cd_veic_modelo` int(10) unsigned DEFAULT NULL,
  `ds_descricao` varchar(120) DEFAULT NULL,
  `id_aguard_aprov` int(11) DEFAULT NULL,
  `cd_veic_manut_os` int(10) unsigned DEFAULT NULL,
  `id_revisao` int(11) unsigned DEFAULT NULL,
  `cd_veic_moto` int(11) unsigned DEFAULT NULL,
  `deleted_at` timestamp NULL DEFAULT NULL,
  `updated_at` timestamp NULL DEFAULT NULL,
  PRIMARY KEY (`id`),
  KEY `cd_produto_entreg_fk00` (`cd_produto_entreg`),
  KEY `cd_acaoresp_fk00` (`cd_acaoresp`),
  KEY `cd_solicitem_fkf` (`cd_solicitem`),
  KEY `cd_rm_ffk1` (`cd_rm`),
  KEY `cd_usuar_cad_fcad` (`user_id`),
  KEY `cd_tipodoc_fk123` (`type_document_id`),
  KEY `cd_veic_dados_fkfile` (`vehicle_id`),
  KEY `cd_veic_manut_fkmotf` (`service_order_id`),
  KEY `cd_projeto_file` (`project_id`),
  KEY `cd_qsmslista_slsi` (`cd_qsmslista`),
  KEY `cd_qsmsrnc_1355` (`cd_qsmsrnc`),
  KEY `cd_qsmsitem_aval_35` (`cd_qsmsitem_aval`),
  KEY `cd_tipo_evidencia_fka` (`cd_tipo_evidencia`),
  KEY `cd_qsms_lic_fk1` (`cd_qsms_lic`),
  KEY `cd_qsmsvac_flik` (`cd_qsmsvac`),
  KEY `cd_veic_modelo_fkmod` (`cd_veic_modelo`),
  KEY `cd_veic_manut_os_fkos` (`cd_veic_manut_os`),
  CONSTRAINT `cd_acaoresp_fk00` FOREIGN KEY (`cd_acaoresp`) REFERENCES `tbl_acaoresp` (`cd_acaoresp`),
  CONSTRAINT `cd_produto_entreg_fk00` FOREIGN KEY (`cd_produto_entreg`) REFERENCES `tbl_produto_entreg` (`cd_produto_entreg`),
  CONSTRAINT `cd_projeto_file` FOREIGN KEY (`project_id`) REFERENCES `projects` (`id`),
  CONSTRAINT `cd_qsms_lic_fk1` FOREIGN KEY (`cd_qsms_lic`) REFERENCES `tbl_qsms_lic` (`cd_qsms_lic`),
  CONSTRAINT `cd_qsmsitem_aval_35` FOREIGN KEY (`cd_qsmsitem_aval`) REFERENCES `tbl_qsmsitem_aval` (`cd_qsmsitem_aval`),
  CONSTRAINT `cd_qsmslista_slsi` FOREIGN KEY (`cd_qsmslista`) REFERENCES `tbl_qsmslista` (`cd_qsmslista`),
  CONSTRAINT `cd_qsmsrnc_1355` FOREIGN KEY (`cd_qsmsrnc`) REFERENCES `tbl_qsmsrnc` (`cd_qsmsrnc`),
  CONSTRAINT `cd_qsmsvac_flik` FOREIGN KEY (`cd_qsmsvac`) REFERENCES `tbl_qsmsvac` (`cd_qsmsvac`),
  CONSTRAINT `cd_rm_ffk1` FOREIGN KEY (`cd_rm`) REFERENCES `tbl_rm` (`cd_rm`),
  CONSTRAINT `cd_solicitem_fkf` FOREIGN KEY (`cd_solicitem`) REFERENCES `tbl_solicitem` (`cd_solicitem`),
  CONSTRAINT `cd_tipo_evidencia_fka` FOREIGN KEY (`cd_tipo_evidencia`) REFERENCES `tbl_tipo_evidencia` (`cd_tipo_evidencia`),
  CONSTRAINT `cd_tipodoc_fk123` FOREIGN KEY (`type_document_id`) REFERENCES `type_documents` (`id`),
  CONSTRAINT `cd_usuar_cad_fcad` FOREIGN KEY (`user_id`) REFERENCES `tbl_usuar` (`cd_usuar`),
  CONSTRAINT `cd_veic_dados_fkfile` FOREIGN KEY (`vehicle_id`) REFERENCES `vehicles` (`id`),
  CONSTRAINT `cd_veic_manut_fkmotf` FOREIGN KEY (`service_order_id`) REFERENCES `tbl_veic_manut` (`cd_veic_manut`),
  CONSTRAINT `cd_veic_manut_os_fkos` FOREIGN KEY (`cd_veic_manut_os`) REFERENCES `tbl_veic_manut` (`cd_veic_manut`),
  CONSTRAINT `cd_veic_modelo_fkmod` FOREIGN KEY (`cd_veic_modelo`) REFERENCES `equipment_models` (`id`)
) ENGINE=InnoDB AUTO_INCREMENT=22413 DEFAULT CHARSET=utf8;

-- Copiando dados para a tabela toll_db.files: ~0 rows (aproximadamente)
/*!40000 ALTER TABLE `files` DISABLE KEYS */;
/*!40000 ALTER TABLE `files` ENABLE KEYS */;

-- Copiando estrutura para tabela toll_db.labor_appropriations
CREATE TABLE IF NOT EXISTS `labor_appropriations` (
  `id` int(11) unsigned NOT NULL AUTO_INCREMENT,
  `service_item_id` int(11) unsigned NOT NULL,
  `user_id` bigint(20) unsigned DEFAULT NULL,
  `employee_role_id` int(11) unsigned DEFAULT NULL,
  `pco_id` int(11) unsigned DEFAULT NULL,
  `hours` decimal(12,2) DEFAULT NULL,
  `rate` decimal(12,2) DEFAULT NULL,
  `status` int(11) DEFAULT '1',
  `is_activated` int(11) DEFAULT '1',
  `created_at` timestamp NULL DEFAULT CURRENT_TIMESTAMP,
  `updated_at` timestamp NULL DEFAULT NULL,
  `deleted_at` timestamp NULL DEFAULT NULL,
  PRIMARY KEY (`id`),
  KEY `pco_id_fkpc` (`pco_id`),
  KEY `user_id_fkpco11` (`user_id`),
  KEY `employee_role_id_fkpco31` (`employee_role_id`),
  KEY `service_item_id_fknew` (`service_item_id`),
  CONSTRAINT `employee_role_id_fkpco31` FOREIGN KEY (`employee_role_id`) REFERENCES `employee_roles` (`id`),
  CONSTRAINT `pco_id_fkpcx1` FOREIGN KEY (`pco_id`) REFERENCES `pcos` (`id`),
  CONSTRAINT `service_item_id_fknew` FOREIGN KEY (`service_item_id`) REFERENCES `service_items` (`id`),
  CONSTRAINT `user_id_fkpco31` FOREIGN KEY (`user_id`) REFERENCES `users` (`id`)
) ENGINE=InnoDB AUTO_INCREMENT=44 DEFAULT CHARSET=latin1;

-- Copiando dados para a tabela toll_db.labor_appropriations: ~7 rows (aproximadamente)
/*!40000 ALTER TABLE `labor_appropriations` DISABLE KEYS */;
INSERT INTO `labor_appropriations` (`id`, `service_item_id`, `user_id`, `employee_role_id`, `pco_id`, `hours`, `rate`, `status`, `is_activated`, `created_at`, `updated_at`, `deleted_at`) VALUES
	(5, 110, 1, 2, NULL, 2.00, 120.00, 1, 1, '2025-01-17 13:19:49', '2025-01-24 00:22:30', NULL),
	(6, 110, 1, 4, NULL, 6.00, 120.00, 1, 1, '2025-01-17 14:02:08', '2025-01-17 14:02:08', NULL),
	(17, 107, 1, 3, NULL, 6.00, 50.00, 1, 1, '2025-01-17 14:02:08', '2025-01-23 18:08:17', NULL),
	(18, 107, 1, 1, NULL, 2.00, 5.00, 1, 1, '2025-01-20 20:30:50', '2025-01-23 19:49:50', NULL),
	(19, 107, 1, 1, NULL, 4.00, 15.00, 1, 1, '2025-01-20 21:01:41', '2025-01-23 19:50:11', NULL),
	(24, 108, 1, 4, NULL, 10.00, 80.00, 1, 1, '2025-01-22 20:37:58', '2025-01-22 20:37:58', NULL),
	(42, 111, 1, 1, NULL, 10.00, 55.00, 1, 1, '2025-01-23 22:59:36', '2025-01-23 23:00:07', NULL),
	(43, 111, 1, 2, NULL, 6.00, 60.00, 1, 1, '2025-01-23 22:59:50', '2025-01-23 22:59:50', NULL);
/*!40000 ALTER TABLE `labor_appropriations` ENABLE KEYS */;

-- Copiando estrutura para tabela toll_db.materials
CREATE TABLE IF NOT EXISTS `materials` (
  `id` int(11) unsigned NOT NULL AUTO_INCREMENT,
  `discipline_id` int(11) unsigned DEFAULT NULL,
  `brand_id` int(10) unsigned DEFAULT NULL,
  `measurement_unit_id` int(10) unsigned DEFAULT NULL,
  `name` varchar(100) DEFAULT NULL,
  `is_activated` int(11) DEFAULT '1',
  `created_at` timestamp NULL DEFAULT CURRENT_TIMESTAMP,
  `updated_at` timestamp NULL DEFAULT NULL,
  `deleted_at` timestamp NULL DEFAULT NULL,
  PRIMARY KEY (`id`),
  KEY `measurement_unit_id_fk` (`measurement_unit_id`),
  KEY `brand_id_fk365` (`brand_id`),
  KEY `discipline_id_fkmot` (`discipline_id`),
  CONSTRAINT `brand_id_fk365` FOREIGN KEY (`brand_id`) REFERENCES `brands` (`id`),
  CONSTRAINT `discipline_id_fkmot` FOREIGN KEY (`discipline_id`) REFERENCES `disciplines` (`id`),
  CONSTRAINT `measurement_unit_id_fk` FOREIGN KEY (`measurement_unit_id`) REFERENCES `measurement_units` (`id`)
) ENGINE=InnoDB AUTO_INCREMENT=43 DEFAULT CHARSET=latin1;

-- Copiando dados para a tabela toll_db.materials: ~36 rows (aproximadamente)
/*!40000 ALTER TABLE `materials` DISABLE KEYS */;
INSERT INTO `materials` (`id`, `discipline_id`, `brand_id`, `measurement_unit_id`, `name`, `is_activated`, `created_at`, `updated_at`, `deleted_at`) VALUES
	(7, 1, 25, 6, '2" X 4" X 8\' FRT ', 1, '2024-10-14 17:00:37', NULL, NULL),
	(8, 1, 25, 6, '1/2 FRT PLYWOOD - 4\' X 8\'', 1, '2024-10-14 17:00:37', NULL, NULL),
	(9, 1, 26, 6, '4\' X 8\' X 3/4" FRT PLYWOOD', 1, '2024-10-14 17:00:37', NULL, NULL),
	(10, 1, 30, 6, '2" X 10" X 8\' FRT', 1, '2024-10-14 17:00:37', NULL, NULL),
	(11, 2, 30, 8, '4\' X 10\' X 5/8" TYPE X DRYWALL', 1, '2024-10-14 17:00:37', NULL, NULL),
	(12, 2, NULL, 8, '4\' X 10\' X 5/8" TYPE MR DRYWALL', 1, '2024-10-14 17:00:37', NULL, NULL),
	(13, 2, 30, 8, '4\' X  8\' X 1/2" GYPSUM BOARD ULTRALIGHT PANELS', 1, '2024-10-14 17:00:37', NULL, NULL),
	(14, 2, NULL, 8, '4\' X  8\' X 5/8" GYPSUM BOARD FIRE-SHIELD TYPE C AND 5/8" (15.9 MM) FIRE-SHIELD ', 1, '2024-10-14 17:00:37', NULL, NULL),
	(15, 2, NULL, 3, 'JOINT COMPOUND GREEN LID', 1, '2024-10-14 17:00:37', NULL, NULL),
	(16, 2, NULL, 6, 'FINISH TAPE', 1, '2024-10-14 17:00:37', NULL, NULL),
	(17, 2, 31, 6, 'CORNER BEAD', 1, '2024-10-14 17:00:37', NULL, NULL),
	(18, 2, NULL, 4, '1-1/4" FINE THREAD SCREWS', 1, '2024-10-14 17:00:37', NULL, NULL),
	(19, 2, 40, 4, '2" COARSE THREAD SCREWS', 1, '2024-10-14 17:00:37', NULL, NULL),
	(20, 2, NULL, 6, '4\' x 8\' x  5/8" TYPE C GOLD BOND', 1, '2024-10-14 17:00:37', NULL, NULL),
	(21, 2, NULL, 6, '4\' x 8\' x 1/2" USG DUROCK®', 1, '2024-10-14 17:00:37', NULL, NULL),
	(22, 2, NULL, 6, '4\' x 8\' x 5/8" HUNTER PANEL XCI (R19.3 - Tk 3.60 in)', 1, '2024-10-14 17:00:37', NULL, NULL),
	(23, 2, NULL, 6, 'HUNTER 4.5" FASTENERS 1,000 SCREW/BOX', 1, '2024-10-14 17:00:37', NULL, NULL),
	(24, 2, NULL, 3, 'JOINT COMPOUND RED LID', 1, '2024-10-14 17:00:37', NULL, NULL),
	(25, 2, NULL, 4, 'DRYWALL SCREWS', 1, '2024-10-14 17:00:37', NULL, NULL),
	(26, 2, NULL, 1, 'EASY SAND 45', 1, '2024-10-14 17:00:37', NULL, NULL),
	(27, 2, NULL, 7, 'PAPER JOINT TAPE', 1, '2024-10-14 17:00:37', NULL, NULL),
	(28, 2, NULL, 6, 'CORNER BEAD 10\'', 1, '2024-10-14 17:00:37', NULL, NULL),
	(29, 2, NULL, 6, 'FIRE-STOPPING SEALANT', 1, '2024-10-14 17:00:37', NULL, NULL),
	(30, 2, NULL, 6, 'ACOUSTIC SEALANT (box w/ 12)', 1, '2024-10-14 17:00:37', NULL, NULL),
	(31, 3, NULL, 1, 'R-19 UNFACED FIBERGLASS INSULATION - 3 5/8" ', 1, '2024-10-14 17:00:37', NULL, NULL),
	(32, 3, NULL, 1, 'R-19 UNFACED FIBERGLASS INSULATION - 6" ', 1, '2024-10-14 17:00:37', NULL, NULL),
	(33, 3, NULL, 1, 'R-11 UNFACED FIBER GLASS INSULATION', 1, '2024-10-14 17:00:37', NULL, NULL),
	(34, 3, NULL, 1, 'R-21 UNFACED FIBER GLASS INSULATION', 1, '2024-10-14 17:00:37', NULL, NULL),
	(35, 4, NULL, 6, '3-5/8" 20 GA METAL SLOTTED TRACK - 10\'', 1, '2024-10-14 17:00:37', NULL, NULL),
	(36, 4, NULL, 6, '3-5/8" 20 GA TRACK 10\'', 1, '2024-10-14 17:00:37', NULL, NULL),
	(37, 4, NULL, 6, '3-5/8" 20 GA STUD 12\'', 1, '2024-10-14 17:00:37', NULL, NULL),
	(38, 4, NULL, 6, '6" METAL STUD 20 GA - 12\'', 1, '2024-10-14 17:00:37', NULL, NULL),
	(39, 4, NULL, 6, '6" 20 GA TRACK - 10\'', 1, '2024-10-14 17:00:37', NULL, NULL),
	(40, 4, NULL, 2, '7/16" FRAMING SCREWS', 1, '2024-10-14 17:00:37', NULL, NULL),
	(41, 4, NULL, 6, '20GA 1-5/8" TRACK', 1, '2024-10-14 17:00:37', NULL, NULL),
	(42, 4, NULL, 5, 'CMD#650 12\' FR MAING', 1, '2024-10-14 17:00:37', NULL, NULL);
/*!40000 ALTER TABLE `materials` ENABLE KEYS */;

-- Copiando estrutura para tabela toll_db.measurement_units
CREATE TABLE IF NOT EXISTS `measurement_units` (
  `id` int(10) unsigned NOT NULL AUTO_INCREMENT,
  `type` int(10) unsigned DEFAULT NULL,
  `name` varchar(20) DEFAULT NULL,
  `description` varchar(60) DEFAULT NULL,
  PRIMARY KEY (`id`)
) ENGINE=InnoDB AUTO_INCREMENT=9 DEFAULT CHARSET=latin1;

-- Copiando dados para a tabela toll_db.measurement_units: ~8 rows (aproximadamente)
/*!40000 ALTER TABLE `measurement_units` DISABLE KEYS */;
INSERT INTO `measurement_units` (`id`, `type`, `name`, `description`) VALUES
	(1, 1, 'BAGS', NULL),
	(2, 1, 'BOX', NULL),
	(3, 1, 'BUCKET', NULL),
	(4, 1, 'BULKS', NULL),
	(5, 1, 'CARTON', NULL),
	(6, 1, 'EA', NULL),
	(7, 1, 'ROLLS', NULL),
	(8, 1, 'SHEETS', NULL);
/*!40000 ALTER TABLE `measurement_units` ENABLE KEYS */;

-- Copiando estrutura para tabela toll_db.menus
CREATE TABLE IF NOT EXISTS `menus` (
  `id` int(11) NOT NULL AUTO_INCREMENT,
  `system_module_id` int(11) NOT NULL,
  `name` varchar(50) DEFAULT NULL,
  `icon` varchar(120) DEFAULT NULL,
  `route` varchar(200) DEFAULT '#',
  `comment` varchar(50) DEFAULT NULL,
  `level` int(11) DEFAULT NULL,
  `order_by` int(11) DEFAULT NULL,
  `is_activated` int(11) DEFAULT '1',
  `id_interno` int(10) unsigned DEFAULT '0',
  `country_id` int(11) DEFAULT NULL,
  PRIMARY KEY (`id`),
  KEY `cd_modulo_fk` (`system_module_id`),
  KEY `country_id_fk2` (`country_id`),
  CONSTRAINT `cd_modulo_fk` FOREIGN KEY (`system_module_id`) REFERENCES `system_modules` (`id`),
  CONSTRAINT `country_id_fk2` FOREIGN KEY (`country_id`) REFERENCES `countries` (`id`)
) ENGINE=InnoDB AUTO_INCREMENT=82 DEFAULT CHARSET=utf8;

-- Copiando dados para a tabela toll_db.menus: ~19 rows (aproximadamente)
/*!40000 ALTER TABLE `menus` DISABLE KEYS */;
INSERT INTO `menus` (`id`, `system_module_id`, `name`, `icon`, `route`, `comment`, `level`, `order_by`, `is_activated`, `id_interno`, `country_id`) VALUES
	(2, 1, 'Users', 'nav-icon fas fa-user', 'user', '', 2, 1, 1, 0, NULL),
	(61, 2, 'Companies', 'nav-icon fas fa-building', 'company', '', 2, 1, 0, 0, NULL),
	(62, 2, 'EPIs', 'nav-icon fas fa-hard-hat', 'supplyer', '', 2, 7, 0, 0, NULL),
	(63, 2, 'Drivers', 'nav-icon fas fa-address-card', 'driver', '', 2, 3, 0, 0, NULL),
	(64, 2, 'Activities', 'nav-icon fas fa-building', 'field-activity', '', 2, 4, 0, 0, NULL),
	(65, 2, 'Supervisors', 'nav-icon fas fa-address-card', 'supervisor', '', 2, 5, 0, 0, NULL),
	(66, 2, 'Clients', 'nav-icon fas fa-handshake', 'client', '', 2, 1, 1, 0, NULL),
	(67, 2, 'Projects', 'nav-icon fas fa-map-marked-alt', 'project', '', 2, 3, 1, 0, NULL),
	(68, 2, 'Locations', 'nav-icon fas fa-map-signs', 'location', '', 2, 6, 0, 0, NULL),
	(69, 2, 'Type Documents', 'nav-icon fas fa-file-code', 'type-document', '', 2, 9, 0, 0, NULL),
	(70, 2, 'Brands', 'nav-icon fas fa-shield-alt', 'brand', NULL, 2, 4, 1, 0, NULL),
	(71, 2, 'Addressses', 'nav-icon fas fa-map-marker-alt', 'address', NULL, 2, 1, 0, 0, NULL),
	(72, 3, 'Grupos de Equipamentos', 'nav-icon fas fa-boxes', 'equipment-group', NULL, 2, 3, 0, 0, NULL),
	(73, 2, 'Warehouse', 'nav-icon fas fa-warehouse', 'warehouse', NULL, 2, 5, 0, 0, NULL),
	(74, 3, 'Materials', 'nav-icon fas fa-toolbox', 'material', NULL, 2, 1, 1, 0, NULL),
	(75, 3, 'Tools', 'nav-icon fas fa-tools', 'tool', NULL, 2, 2, 1, 0, NULL),
	(76, 3, 'Demobilize Material', 'nav-icon fas fa-archive', 'vehicle/demobilization', NULL, 2, 3, 0, 0, NULL),
	(77, 3, 'Transfer Material', 'nav-icon fas fa-exchange-alt', 'vehicle/transfer', NULL, 2, 4, 0, 0, NULL),
	(78, 2, 'Contacts', 'nav-icon fas fa-address-book', 'contact', NULL, 2, 2, 1, 0, NULL),
	(80, 3, 'PCO', 'nav-icon fas fa-clipboard', 'pco', NULL, 2, 6, 1, 0, NULL),
	(81, 3, 'RFI', 'nav-icon 	fas fa-comment-dots', 'rfi', NULL, 2, 5, 1, 0, NULL);
/*!40000 ALTER TABLE `menus` ENABLE KEYS */;

-- Copiando estrutura para tabela toll_db.migrations
CREATE TABLE IF NOT EXISTS `migrations` (
  `id` int(10) unsigned NOT NULL AUTO_INCREMENT,
  `migration` varchar(255) CHARACTER SET utf8mb4 COLLATE utf8mb4_unicode_ci NOT NULL,
  `batch` int(11) NOT NULL,
  PRIMARY KEY (`id`)
) ENGINE=InnoDB AUTO_INCREMENT=7 DEFAULT CHARSET=utf8mb4 COLLATE=utf8mb4_unicode_ci;

-- Copiando dados para a tabela toll_db.migrations: ~6 rows (aproximadamente)
/*!40000 ALTER TABLE `migrations` DISABLE KEYS */;
INSERT INTO `migrations` (`id`, `migration`, `batch`) VALUES
	(1, '2014_10_07_000000_create_users_table', 1),
	(2, '2014_10_12_100000_create_password_reset_tokens_table', 1),
	(3, '2014_10_12_100000_create_password_resets_table', 1),
	(4, '2014_10_12_200000_add_two_factor_columns_to_users_table', 1),
	(5, '2019_08_19_000000_create_failed_jobs_table', 1),
	(6, '2019_12_14_000001_create_personal_access_tokens_table', 1);
/*!40000 ALTER TABLE `migrations` ENABLE KEYS */;

-- Copiando estrutura para tabela toll_db.page_actions
CREATE TABLE IF NOT EXISTS `page_actions` (
  `id` int(11) NOT NULL AUTO_INCREMENT,
  `menu_id` int(11) NOT NULL,
  `action_id` int(11) NOT NULL,
  `is_activated` int(11) NOT NULL DEFAULT '1',
  PRIMARY KEY (`id`),
  KEY `action_id_fk2x` (`action_id`),
  KEY `menu_id_fk` (`menu_id`),
  CONSTRAINT `action_id_fk2x` FOREIGN KEY (`action_id`) REFERENCES `actions` (`id`),
  CONSTRAINT `menu_id_fk` FOREIGN KEY (`menu_id`) REFERENCES `menus` (`id`)
) ENGINE=InnoDB AUTO_INCREMENT=70 DEFAULT CHARSET=latin1;

-- Copiando dados para a tabela toll_db.page_actions: ~64 rows (aproximadamente)
/*!40000 ALTER TABLE `page_actions` DISABLE KEYS */;
INSERT INTO `page_actions` (`id`, `menu_id`, `action_id`, `is_activated`) VALUES
	(1, 2, 1, 1),
	(2, 2, 2, 1),
	(4, 2, 3, 1),
	(5, 2, 4, 1),
	(6, 61, 1, 1),
	(8, 62, 1, 1),
	(10, 62, 2, 1),
	(11, 62, 3, 1),
	(12, 62, 4, 1),
	(13, 63, 1, 1),
	(14, 63, 2, 1),
	(15, 63, 3, 1),
	(16, 63, 4, 1),
	(17, 64, 1, 1),
	(18, 64, 2, 1),
	(19, 64, 3, 1),
	(20, 64, 4, 1),
	(21, 65, 1, 1),
	(22, 65, 2, 1),
	(23, 65, 3, 1),
	(24, 65, 4, 1),
	(25, 66, 1, 1),
	(26, 66, 2, 1),
	(27, 66, 3, 1),
	(28, 66, 4, 1),
	(29, 67, 1, 1),
	(30, 67, 2, 1),
	(31, 67, 3, 1),
	(32, 67, 4, 1),
	(33, 68, 1, 1),
	(34, 68, 2, 1),
	(35, 68, 3, 1),
	(36, 68, 4, 1),
	(37, 69, 1, 1),
	(38, 69, 2, 1),
	(39, 69, 3, 1),
	(40, 69, 4, 1),
	(41, 70, 1, 1),
	(42, 70, 2, 1),
	(43, 70, 3, 1),
	(44, 70, 4, 1),
	(45, 71, 1, 1),
	(46, 71, 2, 1),
	(47, 71, 3, 1),
	(48, 71, 4, 1),
	(49, 72, 1, 1),
	(50, 72, 2, 1),
	(51, 72, 3, 1),
	(52, 72, 4, 1),
	(53, 73, 1, 1),
	(54, 73, 2, 1),
	(55, 73, 3, 1),
	(56, 73, 4, 1),
	(57, 74, 1, 1),
	(58, 74, 2, 1),
	(59, 74, 3, 1),
	(60, 74, 4, 1),
	(61, 75, 1, 1),
	(62, 75, 2, 1),
	(63, 75, 3, 1),
	(64, 75, 4, 1),
	(65, 76, 14, 1),
	(66, 77, 15, 1),
	(67, 78, 2, 1),
	(68, 80, 1, 1),
	(69, 81, 1, 1);
/*!40000 ALTER TABLE `page_actions` ENABLE KEYS */;

-- Copiando estrutura para tabela toll_db.password_resets
CREATE TABLE IF NOT EXISTS `password_resets` (
  `email` varchar(255) CHARACTER SET utf8mb4 COLLATE utf8mb4_unicode_ci NOT NULL,
  `token` varchar(255) CHARACTER SET utf8mb4 COLLATE utf8mb4_unicode_ci NOT NULL,
  `created_at` timestamp NULL DEFAULT NULL,
  KEY `password_resets_email_index` (`email`)
) ENGINE=InnoDB DEFAULT CHARSET=utf8mb4 COLLATE=utf8mb4_unicode_ci;

-- Copiando dados para a tabela toll_db.password_resets: ~0 rows (aproximadamente)
/*!40000 ALTER TABLE `password_resets` DISABLE KEYS */;
/*!40000 ALTER TABLE `password_resets` ENABLE KEYS */;

-- Copiando estrutura para tabela toll_db.password_reset_tokens
CREATE TABLE IF NOT EXISTS `password_reset_tokens` (
  `email` varchar(255) CHARACTER SET utf8mb4 COLLATE utf8mb4_unicode_ci NOT NULL,
  `token` varchar(255) CHARACTER SET utf8mb4 COLLATE utf8mb4_unicode_ci NOT NULL,
  `created_at` timestamp NULL DEFAULT NULL,
  PRIMARY KEY (`email`)
) ENGINE=InnoDB DEFAULT CHARSET=utf8mb4 COLLATE=utf8mb4_unicode_ci;

-- Copiando dados para a tabela toll_db.password_reset_tokens: ~0 rows (aproximadamente)
/*!40000 ALTER TABLE `password_reset_tokens` DISABLE KEYS */;
/*!40000 ALTER TABLE `password_reset_tokens` ENABLE KEYS */;

-- Copiando estrutura para tabela toll_db.pcos
CREATE TABLE IF NOT EXISTS `pcos` (
  `id` int(11) unsigned NOT NULL AUTO_INCREMENT,
  `project_id` int(11) NOT NULL,
  `client_id` int(11) NOT NULL,
  `rfi_id` int(11) unsigned DEFAULT NULL,
  `description` text,
  `responsible` varchar(100) DEFAULT NULL,
  `pco_date` date DEFAULT NULL,
  `status` int(11) unsigned NOT NULL DEFAULT '1',
  `is_activated` int(11) DEFAULT '1',
  `created_at` timestamp NULL DEFAULT CURRENT_TIMESTAMP,
  `updated_at` timestamp NULL DEFAULT NULL,
  `deleted_at` timestamp NULL DEFAULT NULL,
  PRIMARY KEY (`id`),
  KEY `project_id_fkisproj` (`project_id`),
  KEY `client_id_fkmot35` (`client_id`),
  KEY `rfi_id_fkmot` (`rfi_id`),
  CONSTRAINT `client_id_fkmot35` FOREIGN KEY (`client_id`) REFERENCES `clients` (`id`),
  CONSTRAINT `project_id_fkisproj` FOREIGN KEY (`project_id`) REFERENCES `projects` (`id`),
  CONSTRAINT `rfi_id_fkmot` FOREIGN KEY (`rfi_id`) REFERENCES `rfis` (`id`)
) ENGINE=InnoDB AUTO_INCREMENT=8 DEFAULT CHARSET=latin1;

-- Copiando dados para a tabela toll_db.pcos: ~6 rows (aproximadamente)
/*!40000 ALTER TABLE `pcos` DISABLE KEYS */;
INSERT INTO `pcos` (`id`, `project_id`, `client_id`, `rfi_id`, `description`, `responsible`, `pco_date`, `status`, `is_activated`, `created_at`, `updated_at`, `deleted_at`) VALUES
	(2, 40, 8, NULL, 'Provide all necessary skilled labor and materials to execute the modifications outlined in ASI #40. This includes extending Wall B10 on the electrical closet and adjusting the exterior perimeter wall to extend the DensGlass sheathing and rigid insulation down past the top of the concrete foundation, securing it to the 1" Z-furring attached to the concrete wall. All work must comply with the project specifications and standards. ', 'Amy Boehcke', NULL, 1, 1, '2024-11-05 17:54:14', NULL, NULL),
	(3, 40, 8, NULL, 'Lorem Ipsum is simply dummy text of the printing and typesetting industry. Lorem Ipsum has been the industry\'s standard dummy text ever since the 1500s', 'Charm Ribs', NULL, 1, 1, '2024-11-05 17:54:14', NULL, NULL),
	(4, 41, 5, NULL, 'Contrary to popular belief, Lorem Ipsum is not simply random text. It has roots in a piece of classical Latin literature from 45 BC, making it over 2000 years old.', 'Eno Chelbly', NULL, 1, 1, '2024-11-05 17:54:14', NULL, NULL),
	(5, 42, 4, NULL, 'At vero eos et accusamus et iusto odio dignissimos ducimus qui blanditiis praesentium voluptatum deleniti atque corrupti quos dolores et quas molestias excepturi sint occaecati cupiditate non provident,', 'Calvin Puso', NULL, 1, 1, '2024-11-05 17:54:14', NULL, NULL),
	(6, 40, 18, NULL, 'FSDFASF FS FDS fasfsf', 'JOHN BUIUD', '2025-01-02', 1, 1, '2025-01-02 23:51:23', '2025-01-05 15:27:14', NULL),
	(7, 40, 18, NULL, 'xxxxxxxxxxx', 'JOHN BUIUD', '2025-01-05', 1, 1, '2025-01-05 15:20:46', '2025-01-05 15:26:55', NULL);
/*!40000 ALTER TABLE `pcos` ENABLE KEYS */;

-- Copiando estrutura para tabela toll_db.permissions
CREATE TABLE IF NOT EXISTS `permissions` (
  `id` bigint(20) unsigned NOT NULL AUTO_INCREMENT,
  `user_id` bigint(20) unsigned NOT NULL,
  `page_action_id` int(11) NOT NULL,
  `is_activated` int(11) NOT NULL DEFAULT '1',
  `created_at` timestamp NULL DEFAULT NULL,
  `updated_at` timestamp NULL DEFAULT NULL,
  `deleted_at` timestamp NULL DEFAULT NULL,
  PRIMARY KEY (`id`),
  KEY `user_id_fk10x` (`user_id`),
  KEY `page_action_id_fk` (`page_action_id`),
  CONSTRAINT `page_action_id_fk` FOREIGN KEY (`page_action_id`) REFERENCES `page_actions` (`id`),
  CONSTRAINT `user_id_fk10x` FOREIGN KEY (`user_id`) REFERENCES `users` (`id`)
) ENGINE=InnoDB AUTO_INCREMENT=844 DEFAULT CHARSET=latin1;

-- Copiando dados para a tabela toll_db.permissions: ~33 rows (aproximadamente)
/*!40000 ALTER TABLE `permissions` DISABLE KEYS */;
INSERT INTO `permissions` (`id`, `user_id`, `page_action_id`, `is_activated`, `created_at`, `updated_at`, `deleted_at`) VALUES
	(810, 1, 2, 1, '2024-12-11 18:00:24', '2024-12-11 18:00:24', NULL),
	(811, 1, 5, 1, '2024-12-11 18:00:24', '2024-12-11 18:00:24', NULL),
	(812, 1, 1, 1, '2024-12-11 18:00:24', '2024-12-11 18:00:24', NULL),
	(813, 1, 4, 1, '2024-12-11 18:00:24', '2024-12-11 18:00:24', NULL),
	(814, 1, 46, 1, '2024-12-11 18:00:24', '2024-12-11 18:00:24', NULL),
	(815, 1, 48, 1, '2024-12-11 18:00:24', '2024-12-11 18:00:24', NULL),
	(816, 1, 45, 1, '2024-12-11 18:00:24', '2024-12-11 18:00:24', NULL),
	(817, 1, 47, 1, '2024-12-11 18:00:24', '2024-12-11 18:00:24', NULL),
	(818, 1, 42, 1, '2024-12-11 18:00:24', '2024-12-11 18:00:24', NULL),
	(819, 1, 41, 1, '2024-12-11 18:00:24', '2024-12-11 18:00:24', NULL),
	(820, 1, 43, 1, '2024-12-11 18:00:24', '2024-12-11 18:00:24', NULL),
	(821, 1, 26, 1, '2024-12-11 18:00:24', '2024-12-11 18:00:24', NULL),
	(822, 1, 28, 1, '2024-12-11 18:00:24', '2024-12-11 18:00:24', NULL),
	(823, 1, 25, 1, '2024-12-11 18:00:24', '2024-12-11 18:00:24', NULL),
	(824, 1, 27, 1, '2024-12-11 18:00:24', '2024-12-11 18:00:24', NULL),
	(825, 1, 67, 1, '2024-12-11 18:00:24', '2024-12-11 18:00:24', NULL),
	(826, 1, 30, 1, '2024-12-11 18:00:24', '2024-12-11 18:00:24', NULL),
	(827, 1, 32, 1, '2024-12-11 18:00:24', '2024-12-11 18:00:24', NULL),
	(828, 1, 29, 1, '2024-12-11 18:00:24', '2024-12-11 18:00:24', NULL),
	(829, 1, 31, 1, '2024-12-11 18:00:24', '2024-12-11 18:00:24', NULL),
	(830, 1, 54, 1, '2024-12-11 18:00:24', '2024-12-11 18:00:24', NULL),
	(831, 1, 56, 1, '2024-12-11 18:00:24', '2024-12-11 18:00:24', NULL),
	(832, 1, 53, 1, '2024-12-11 18:00:24', '2024-12-11 18:00:24', NULL),
	(833, 1, 55, 1, '2024-12-11 18:00:24', '2024-12-11 18:00:24', NULL),
	(834, 1, 58, 1, '2024-12-11 18:00:24', '2024-12-11 18:00:24', NULL),
	(835, 1, 60, 1, '2024-12-11 18:00:24', '2024-12-11 18:00:24', NULL),
	(836, 1, 57, 1, '2024-12-11 18:00:24', '2024-12-11 18:00:24', NULL),
	(837, 1, 59, 1, '2024-12-11 18:00:24', '2024-12-11 18:00:24', NULL),
	(838, 1, 68, 1, '2024-12-11 18:00:24', '2024-12-11 18:00:24', NULL),
	(839, 1, 62, 1, '2024-12-11 18:00:24', '2024-12-11 18:00:24', NULL),
	(840, 1, 64, 1, '2024-12-11 18:00:24', '2024-12-11 18:00:24', NULL),
	(841, 1, 61, 1, '2024-12-11 18:00:24', '2024-12-11 18:00:24', NULL),
	(842, 1, 63, 1, '2024-12-11 18:00:24', '2024-12-11 18:00:24', NULL),
	(843, 1, 69, 1, '2024-12-11 18:00:24', '2024-12-11 18:00:24', NULL);
/*!40000 ALTER TABLE `permissions` ENABLE KEYS */;

-- Copiando estrutura para tabela toll_db.personal_access_tokens
CREATE TABLE IF NOT EXISTS `personal_access_tokens` (
  `id` bigint(20) unsigned NOT NULL AUTO_INCREMENT,
  `tokenable_type` varchar(255) CHARACTER SET utf8mb4 COLLATE utf8mb4_unicode_ci NOT NULL,
  `tokenable_id` bigint(20) unsigned NOT NULL,
  `name` varchar(255) CHARACTER SET utf8mb4 COLLATE utf8mb4_unicode_ci NOT NULL,
  `token` varchar(64) CHARACTER SET utf8mb4 COLLATE utf8mb4_unicode_ci NOT NULL,
  `abilities` text CHARACTER SET utf8mb4 COLLATE utf8mb4_unicode_ci,
  `last_used_at` timestamp NULL DEFAULT NULL,
  `expires_at` timestamp NULL DEFAULT NULL,
  `created_at` timestamp NULL DEFAULT NULL,
  `updated_at` timestamp NULL DEFAULT NULL,
  PRIMARY KEY (`id`),
  UNIQUE KEY `personal_access_tokens_token_unique` (`token`),
  KEY `personal_access_tokens_tokenable_type_tokenable_id_index` (`tokenable_type`,`tokenable_id`)
) ENGINE=InnoDB DEFAULT CHARSET=utf8mb4 COLLATE=utf8mb4_unicode_ci;

-- Copiando dados para a tabela toll_db.personal_access_tokens: ~0 rows (aproximadamente)
/*!40000 ALTER TABLE `personal_access_tokens` DISABLE KEYS */;
/*!40000 ALTER TABLE `personal_access_tokens` ENABLE KEYS */;

-- Copiando estrutura para tabela toll_db.persons
CREATE TABLE IF NOT EXISTS `persons` (
  `id` int(11) NOT NULL AUTO_INCREMENT,
  `cd_usuar_solic` int(11) DEFAULT NULL,
  `cd_usuario_cad` int(11) DEFAULT NULL,
  `cd_projeto` int(11) DEFAULT NULL,
  `cd_local` int(10) unsigned DEFAULT NULL,
  `cd_cargosal` int(10) unsigned DEFAULT NULL COMMENT 'TEMP',
  `cd_setor` int(10) unsigned DEFAULT NULL COMMENT 'TEMP',
  `cd_empresa` int(10) unsigned DEFAULT NULL,
  `name` varchar(80) DEFAULT NULL,
  `ds_pessoa_matr` varchar(30) DEFAULT NULL,
  `email` varchar(120) DEFAULT NULL,
  `no_pessoa_rg` varchar(30) DEFAULT NULL,
  `no_pessoa_cpf` varchar(14) DEFAULT NULL,
  `gender` char(1) DEFAULT NULL,
  `ds_pessoa_telfixo` varchar(20) DEFAULT NULL,
  `ds_pessoa_telcel` varchar(20) DEFAULT NULL,
  `last_name` date DEFAULT NULL,
  `is_activated` int(11) DEFAULT '1',
  `dt_datareg` timestamp NULL DEFAULT CURRENT_TIMESTAMP,
  `id_aguarda_cad` int(11) DEFAULT '0',
  `id_mod` int(10) unsigned DEFAULT '0',
  `id_eqpo` int(10) unsigned DEFAULT '0',
  `created_at` timestamp NULL DEFAULT NULL,
  `deleted_at` timestamp NULL DEFAULT NULL,
  `updated_at` timestamp NULL DEFAULT NULL,
  PRIMARY KEY (`id`),
  KEY `cd_usuar_cad_fk100` (`cd_usuario_cad`),
  KEY `cd_usuar_solic_fk125` (`cd_usuar_solic`),
  KEY `cd_projeto_fkosh` (`cd_projeto`),
  KEY `cd_local_fk1p` (`cd_local`),
  CONSTRAINT `cd_local_fk1p` FOREIGN KEY (`cd_local`) REFERENCES `tbl_rm_local` (`cd_rm_local`),
  CONSTRAINT `cd_projeto_fkosh` FOREIGN KEY (`cd_projeto`) REFERENCES `projects` (`id`),
  CONSTRAINT `cd_usuar_cad_fk100` FOREIGN KEY (`cd_usuario_cad`) REFERENCES `tbl_usuar` (`cd_usuar`),
  CONSTRAINT `cd_usuar_solic_fk125` FOREIGN KEY (`cd_usuar_solic`) REFERENCES `tbl_usuar` (`cd_usuar`)
) ENGINE=InnoDB AUTO_INCREMENT=3044 DEFAULT CHARSET=utf8;

-- Copiando dados para a tabela toll_db.persons: ~385 rows (aproximadamente)
/*!40000 ALTER TABLE `persons` DISABLE KEYS */;
INSERT INTO `persons` (`id`, `cd_usuar_solic`, `cd_usuario_cad`, `cd_projeto`, `cd_local`, `cd_cargosal`, `cd_setor`, `cd_empresa`, `name`, `ds_pessoa_matr`, `email`, `no_pessoa_rg`, `no_pessoa_cpf`, `gender`, `ds_pessoa_telfixo`, `ds_pessoa_telcel`, `last_name`, `is_activated`, `dt_datareg`, `id_aguarda_cad`, `id_mod`, `id_eqpo`, `created_at`, `deleted_at`, `updated_at`) VALUES
	(1, 1, NULL, NULL, NULL, NULL, NULL, NULL, 'MARCELO DE JESUS USBERT', NULL, 'marcelo.usbert@skic.com', NULL, NULL, 'M', NULL, '', '1970-10-19', 1, '2016-12-16 09:31:23', 0, 0, 0, NULL, NULL, NULL),
	(9, 1, NULL, NULL, NULL, NULL, NULL, NULL, 'RAFAEL BOCATER RODRIGUES', NULL, 'rafael.bocater@skic.com', NULL, NULL, 'M', NULL, '', '1987-04-16', 1, '2016-12-16 09:31:23', 0, 0, 0, NULL, NULL, NULL),
	(10, 1, NULL, NULL, NULL, NULL, NULL, NULL, 'BRUNO FRANCISCO DE SOUZA NASCIMENTO', NULL, 'bruno.nascimento@sbeisk.com.br', NULL, NULL, 'M', NULL, '', '1981-11-06', 2, '2016-12-16 09:31:23', 0, 0, 0, NULL, NULL, NULL),
	(15, 1, NULL, NULL, NULL, NULL, NULL, NULL, 'CHARLES SILVA DE SOUZA', NULL, 'cssouza@alumini-icsk-fjepc.com.br', NULL, NULL, 'M', NULL, '', '1987-03-24', 2, '2016-12-16 09:31:23', 0, 0, 0, NULL, NULL, NULL),
	(17, 1, NULL, NULL, NULL, NULL, NULL, NULL, 'JOSE CICERO RAPOSO', NULL, 'jcraposo@aluminieng.com', NULL, NULL, 'M', NULL, '', '1957-11-04', 2, '2016-12-16 09:31:23', 0, 0, 0, NULL, NULL, NULL),
	(27, 1, NULL, NULL, NULL, NULL, NULL, NULL, 'EDUARDO MASCARENHAS SILVA', NULL, 'emascarenhas@alumini-icsk-fjepc.com.br', NULL, NULL, 'M', NULL, '', '2016-12-16', 2, '2016-12-16 09:35:08', 0, 0, 0, NULL, NULL, NULL),
	(28, 1, NULL, NULL, NULL, NULL, NULL, NULL, 'EVALDO VIEIRA DA COSTA', NULL, 'evaldo@aluminieng.com', NULL, NULL, NULL, NULL, NULL, NULL, 2, '2017-05-09 09:07:52', 0, 0, 0, NULL, NULL, NULL),
	(29, 1, NULL, NULL, NULL, NULL, NULL, NULL, 'GILDO DOS SANTOS SOARES', NULL, 'gildo.soares@sbeisk.com.br', NULL, NULL, NULL, NULL, NULL, NULL, 2, '2017-05-22 11:47:18', 0, 0, 0, NULL, NULL, NULL),
	(30, 1, NULL, NULL, NULL, NULL, NULL, NULL, 'ROGERIO MEDEIROS DE AGUIAR', NULL, 'rmdaguiar@alumini-icsk-fjepc.com.br', NULL, NULL, NULL, NULL, NULL, NULL, 2, '2017-05-22 13:34:07', 0, 0, 0, NULL, NULL, NULL),
	(31, 1, NULL, NULL, NULL, NULL, NULL, NULL, 'ROBERTO DE CARVALHO MONTEIRO', NULL, 'rcmonteiro@alumini-icsk-fjepc.com.br', NULL, NULL, NULL, NULL, NULL, NULL, 2, '2017-05-22 13:38:43', 0, 0, 0, NULL, NULL, NULL),
	(32, 1, NULL, NULL, NULL, NULL, NULL, NULL, 'WASHINGTON LUIZ SARTORELLO', NULL, 'wlsartorello@alumini-icsk-fjepc.com.br', NULL, NULL, NULL, NULL, NULL, NULL, 2, '2017-05-22 14:54:13', 0, 0, 0, NULL, NULL, NULL),
	(33, 1, NULL, NULL, NULL, NULL, NULL, NULL, 'DEDIER FELIPE', NULL, 'dfelipe@alumini-icsk-fjepc.com.br', NULL, NULL, NULL, NULL, NULL, NULL, 2, '2017-05-24 10:30:40', 0, 0, 0, NULL, NULL, NULL),
	(34, 1, NULL, NULL, NULL, NULL, NULL, NULL, 'LEONARDO TELES DE CASTRO', NULL, 'ltcastro@alumini-icsk-fjepc.com.br', NULL, NULL, NULL, NULL, NULL, NULL, 2, '2017-05-24 10:32:02', 0, 0, 0, NULL, NULL, NULL),
	(35, 1, NULL, NULL, NULL, NULL, NULL, NULL, 'ANTONIO AUGUSTO VIEIRA', NULL, 'aavieira@alumini-icsk-fjepc.com.br', NULL, NULL, NULL, NULL, NULL, NULL, 2, '2017-05-26 09:00:20', 0, 0, 0, NULL, NULL, NULL),
	(36, 1, NULL, NULL, NULL, NULL, NULL, NULL, 'CARLOS EDUARDO DE ANDRADE BOTTINO', NULL, 'cebottino@alumini-icsk-fjepc.com.br', NULL, NULL, NULL, NULL, NULL, NULL, 2, '2017-05-26 09:17:39', 0, 0, 0, NULL, NULL, NULL),
	(37, 1, NULL, NULL, NULL, NULL, NULL, NULL, 'GILSON LUIZ MACHADO', NULL, 'gmachado@alumini-icsk-fjepc.com.br', NULL, NULL, NULL, NULL, NULL, NULL, 2, '2017-05-26 09:30:19', 0, 0, 0, NULL, NULL, NULL),
	(38, 1, NULL, NULL, NULL, NULL, NULL, NULL, 'ARILSON DA SILVA CABRAL', NULL, 'ascabral@alumini-icsk-fjepc.com.br', NULL, NULL, NULL, NULL, NULL, NULL, 2, '2017-05-26 09:37:12', 0, 0, 0, NULL, NULL, NULL),
	(39, 1, NULL, NULL, NULL, NULL, NULL, NULL, 'PABLO MONTEZE COSTA', NULL, 'pmonteze@alumini-icsk-fjepc.com.br', NULL, NULL, NULL, NULL, NULL, NULL, 2, '2017-05-26 13:52:39', 0, 0, 0, NULL, NULL, NULL),
	(40, 1, NULL, NULL, NULL, NULL, NULL, NULL, 'OSMAR YUNES JUNIOR', NULL, 'oyunes@alumini-icsk-fjepc.com.br', NULL, NULL, NULL, NULL, NULL, NULL, 2, '2017-05-26 13:54:43', 0, 0, 0, NULL, NULL, NULL),
	(41, 1, NULL, NULL, NULL, NULL, NULL, NULL, 'LUIZ ANTONIO DE AZEVEDO', NULL, 'lazevedo@alumini-icsk-fjepc.com.br', NULL, NULL, NULL, NULL, NULL, NULL, 2, '2017-05-26 13:57:34', 0, 0, 0, NULL, NULL, NULL),
	(42, 1, NULL, NULL, NULL, NULL, NULL, NULL, 'EDINALDO BARBOSA DE MELO JUNIOR', NULL, 'ebmelo@alumini-icsk-fjepc.com.br', NULL, NULL, NULL, NULL, NULL, NULL, 2, '2017-05-31 17:04:54', 0, 0, 0, NULL, NULL, NULL),
	(43, 1, NULL, NULL, NULL, NULL, NULL, NULL, 'MARCELO TACON', NULL, 'mtacon@aluminieng.com', NULL, NULL, NULL, NULL, NULL, NULL, 2, '2017-06-02 17:24:59', 0, 0, 0, NULL, NULL, NULL),
	(45, 1, NULL, NULL, NULL, NULL, NULL, NULL, 'MAYELLE BARROS DA SILVA', NULL, 'mbsilva@alumini-icsk-fjepc.com.br', NULL, NULL, NULL, NULL, NULL, NULL, 2, '2017-06-07 13:19:08', 0, 0, 0, NULL, NULL, NULL),
	(46, 1, NULL, NULL, NULL, NULL, NULL, NULL, 'JOSUEL FERREIRA DA SILVA', NULL, 'jfdsilva@alumini-icsk-fjepc.com.br', NULL, NULL, NULL, NULL, NULL, NULL, 2, '2017-06-27 10:08:58', 0, 0, 0, NULL, NULL, NULL),
	(47, 1, NULL, NULL, NULL, NULL, NULL, NULL, 'ALEXANDRE LUIZ RODHEN', NULL, 'arodhen@alumini-icsk-fjepc.com.br', NULL, NULL, NULL, NULL, NULL, NULL, 2, '2017-06-27 10:14:15', 0, 0, 0, NULL, NULL, NULL),
	(48, 1, NULL, NULL, NULL, NULL, NULL, NULL, 'MARCOS PAULO MONTEIRO', NULL, 'mpmonteiro@alumini-icsk-fjepc.com.br', NULL, NULL, NULL, NULL, NULL, NULL, 2, '2017-06-29 16:18:30', 0, 0, 0, NULL, NULL, NULL),
	(49, 1, NULL, NULL, NULL, NULL, NULL, NULL, 'GEDELLI LOPES COELHO', NULL, 'glcoelho@alumini-icsk-fjepc.com.br', NULL, NULL, NULL, NULL, NULL, NULL, 2, '2017-07-07 14:30:16', 0, 0, 0, NULL, NULL, NULL),
	(50, 1, NULL, NULL, NULL, NULL, NULL, NULL, 'AGNELO FERNANDES MAIA', NULL, 'afmaia@alumini-icsk-fjepc.com.br', NULL, NULL, NULL, NULL, NULL, NULL, 2, '2017-07-07 14:31:29', 0, 0, 0, NULL, NULL, NULL),
	(51, 1, NULL, NULL, NULL, NULL, NULL, NULL, 'JOAB SOUZA DO AMARAL', NULL, 'jsamaral@alumini-icsk-fjepc.com.br', NULL, NULL, NULL, NULL, NULL, NULL, 2, '2017-07-07 14:32:34', 0, 0, 0, NULL, NULL, NULL),
	(52, 1, NULL, NULL, NULL, NULL, NULL, NULL, 'ALEXANDRE MANOEL ROSA', NULL, 'amrosa@alumini-icsk-fjepc.com.br', NULL, NULL, NULL, NULL, NULL, NULL, 2, '2017-07-07 14:33:39', 0, 0, 0, NULL, NULL, NULL),
	(53, 1, NULL, NULL, NULL, NULL, NULL, NULL, 'ISMAEL DE OLIVEIRA RIBEIRO', NULL, 'ioribeiro@alumini-icsk-fjepc.com.br', NULL, NULL, NULL, NULL, NULL, NULL, 2, '2017-07-07 14:42:31', 0, 0, 0, NULL, NULL, NULL),
	(54, 1, NULL, NULL, NULL, NULL, NULL, NULL, 'JAILSON ALENCAR DOS SANTOS', NULL, 'jadsantos@alumini-icsk-fjepc.com.br', NULL, NULL, NULL, NULL, NULL, NULL, 2, '2017-07-10 10:47:27', 0, 0, 0, NULL, NULL, NULL),
	(55, 1, NULL, NULL, NULL, NULL, NULL, NULL, 'FABIANA REIS DA SILVA', NULL, 'frdsilva@alumini-icsk-fjepc.com.br', NULL, NULL, NULL, NULL, NULL, NULL, 2, '2017-07-14 09:10:39', 0, 0, 0, NULL, NULL, NULL),
	(56, 1, NULL, NULL, NULL, NULL, NULL, NULL, 'CLEITON JOSE DA SILVA', NULL, 'cleiton.dasilva@skic.com', NULL, NULL, NULL, NULL, NULL, NULL, 1, '2017-07-20 15:04:12', 0, 0, 0, NULL, NULL, NULL),
	(57, 1, NULL, NULL, NULL, NULL, NULL, NULL, 'MARCOS JOSE DORE RIZZARDI', NULL, 'mjrizzardi@alumini-icsk-fjepc.com.br', NULL, NULL, NULL, NULL, NULL, NULL, 2, '2017-07-25 08:51:30', 0, 0, 0, NULL, NULL, NULL),
	(58, 1, NULL, NULL, NULL, NULL, NULL, NULL, 'MICHEL DA SILVA GOMES', NULL, 'msgomes@alumini-icsk-fjepc.com.br', NULL, NULL, NULL, NULL, NULL, NULL, 2, '2017-07-25 08:52:28', 0, 0, 0, NULL, NULL, NULL),
	(59, 1, NULL, NULL, NULL, NULL, NULL, NULL, 'JUSCIELMA CUNHA DA CONCEIçãO', NULL, 'jcconceicao@alumini-icsk-fjepc.com.br', NULL, NULL, NULL, NULL, NULL, NULL, 2, '2017-08-02 15:27:41', 0, 0, 0, NULL, NULL, NULL),
	(60, 1, NULL, NULL, NULL, NULL, NULL, NULL, 'TALITA KAROLINE ALVES DA SILVA', NULL, 'tkasilva@alumini-icsk-fjepc.com.br', NULL, NULL, NULL, NULL, NULL, NULL, 2, '2017-08-14 08:31:06', 0, 0, 0, NULL, NULL, NULL),
	(61, 1, NULL, NULL, NULL, NULL, NULL, NULL, 'ADRIANO SANTOS CHAGAS', NULL, 'aschagas@alumini-icsk-fjepc.com.br', NULL, NULL, NULL, NULL, NULL, NULL, 2, '2017-08-14 11:28:58', 0, 0, 0, NULL, NULL, NULL),
	(62, 1, NULL, NULL, NULL, NULL, NULL, NULL, 'CARLOS EDUARDO DA SILVA', NULL, 'ecarlos359@yahoo.com.br', NULL, NULL, NULL, NULL, NULL, NULL, 2, '2017-08-17 08:44:16', 0, 0, 0, NULL, NULL, NULL),
	(63, 1, NULL, NULL, NULL, NULL, NULL, NULL, 'RONALDO DE ARAUJO SILVA', NULL, 'rdaraujo@alumini-icsk-fjepc.com.br', NULL, NULL, NULL, NULL, NULL, NULL, 2, '2017-08-17 08:50:32', 0, 0, 0, NULL, NULL, NULL),
	(64, 1, NULL, NULL, NULL, NULL, NULL, NULL, 'IGNACIO OCHOA', NULL, 'ignacio.ochoa@skchile.cl', NULL, NULL, NULL, NULL, NULL, NULL, 2, '2017-08-24 11:29:53', 0, 0, 0, NULL, NULL, NULL),
	(409, 1, NULL, NULL, NULL, NULL, NULL, NULL, 'HECTOR DANIEL VEGA', NULL, 'hector_daniel.vega@skchile.cl', NULL, NULL, NULL, NULL, NULL, NULL, 2, '2017-08-25 10:55:57', 0, 0, 0, NULL, NULL, NULL),
	(410, 1, NULL, NULL, NULL, NULL, NULL, NULL, 'JOSE PRADO', NULL, 'jose.prado@skchile.cl', NULL, NULL, NULL, NULL, NULL, NULL, 2, '2017-09-12 08:48:45', 0, 0, 0, NULL, NULL, NULL),
	(411, 1, NULL, NULL, NULL, NULL, NULL, NULL, 'GILBERTO DE JESUS BARRETO', NULL, 'gjbarreto@alumini-icsk-fjepc.com.br', NULL, NULL, NULL, NULL, NULL, NULL, 2, '2017-09-18 09:22:06', 0, 0, 0, NULL, NULL, NULL),
	(412, 1, NULL, NULL, NULL, NULL, NULL, NULL, 'MURILO MENDES', NULL, 'murilomendes38@yahoo.com.br', NULL, NULL, NULL, NULL, NULL, NULL, 2, '2017-09-18 11:41:27', 0, 0, 0, NULL, NULL, NULL),
	(413, 1, NULL, NULL, NULL, NULL, NULL, NULL, 'RITIELLY BORGES', NULL, 'rbmacaubas@alumini-icsk-fjepc.com.br', NULL, NULL, NULL, NULL, NULL, NULL, 2, '2017-09-18 16:33:43', 0, 0, 0, NULL, NULL, NULL),
	(414, 1, NULL, NULL, NULL, NULL, NULL, NULL, 'LAYHISTON BRENDO CAVALCANTE FONSECA', NULL, 'lbfonseca@alumini-icsk-fjepc.com.br', NULL, NULL, NULL, NULL, NULL, NULL, 2, '2017-09-19 09:04:21', 0, 0, 0, NULL, NULL, NULL),
	(415, 1, NULL, NULL, NULL, NULL, NULL, NULL, 'BLAS ANIBAL MARIN ALQUINTA', NULL, 'blas.marin@skic.com', NULL, NULL, NULL, NULL, NULL, NULL, 2, '2017-09-19 11:43:12', 0, 0, 0, NULL, NULL, NULL),
	(416, 1, NULL, NULL, NULL, NULL, NULL, NULL, 'HEBER GONCALVES DE MENEZES', NULL, 'hebergoncalves@live.com', NULL, NULL, NULL, NULL, NULL, NULL, 2, '2017-09-21 13:10:26', 0, 0, 0, NULL, NULL, NULL),
	(417, 1, NULL, NULL, NULL, NULL, NULL, NULL, 'LUCAS NASCIMENTO', NULL, 'lanascimento@alumini-icsk-fjepc.com.br', NULL, NULL, NULL, NULL, NULL, NULL, 2, '2017-09-27 08:40:29', 0, 0, 0, NULL, NULL, NULL),
	(419, 1, NULL, NULL, NULL, NULL, NULL, NULL, 'LETICIA AMARANTE RODRIGUES', NULL, 'leticia.rodrigues@skic.com', NULL, NULL, NULL, NULL, NULL, NULL, 2, '2017-09-29 08:35:49', 0, 0, 0, NULL, NULL, NULL),
	(472, 1, NULL, NULL, NULL, NULL, NULL, NULL, 'ANDREA DA COSTA SOARES', NULL, 'andrea.soares@skic.com', NULL, NULL, NULL, NULL, NULL, NULL, 2, '2017-10-05 14:59:51', 0, 0, 0, NULL, NULL, NULL),
	(693, 1, NULL, NULL, NULL, NULL, NULL, NULL, 'SANDRO FARIAS DOS SANTOS', NULL, 'sfsantos@alumini-icsk-fjepc.com.br', NULL, NULL, NULL, NULL, NULL, NULL, 2, '2017-10-06 16:29:37', 0, 0, 0, NULL, NULL, NULL),
	(2579, 1, NULL, NULL, NULL, NULL, NULL, NULL, 'VITOR FERREIRA DE LIMA', NULL, 'vflima@alumini-icsk-fjepc.com.br', NULL, NULL, NULL, NULL, NULL, NULL, 2, '2017-10-20 09:11:40', 0, 0, 0, NULL, NULL, NULL),
	(2580, 1, NULL, NULL, NULL, NULL, NULL, NULL, 'JAVAN CARLOS LINS NEVES', NULL, 'jclneves@alumini-icsk-fjepc.com.br', NULL, NULL, NULL, NULL, NULL, NULL, 2, '2017-10-31 12:08:21', 0, 0, 0, NULL, NULL, NULL),
	(2581, 1, 1, NULL, NULL, NULL, NULL, NULL, 'LUCAS VEIGA DE SOUZA', NULL, 'lucas.souza@skic.com', NULL, NULL, NULL, NULL, NULL, NULL, 2, '2017-10-31 12:11:03', 0, 0, 0, NULL, NULL, NULL),
	(2582, 1, NULL, NULL, NULL, NULL, NULL, NULL, 'REINALDO MARTINS GUIMARAES FILHO', NULL, 'rmguimaraes@alumini-icsk-fjepc.com.br', NULL, NULL, NULL, NULL, NULL, NULL, 2, '2017-10-31 12:17:51', 0, 0, 0, NULL, NULL, NULL),
	(2583, 1, NULL, NULL, NULL, NULL, NULL, NULL, 'JOSE ROBERTO GOMES DE LIMA', NULL, 'jrglima@alumini-icsk-fjepc.com.br', NULL, NULL, NULL, NULL, NULL, NULL, 2, '2017-10-31 14:24:25', 0, 0, 0, NULL, NULL, NULL),
	(2584, 1, NULL, NULL, NULL, NULL, NULL, NULL, 'GILDENES LIMA CARVALHO DA SILVA', NULL, 'gildenes.silva@sbeisk.com.br', NULL, NULL, NULL, NULL, NULL, NULL, 2, '2017-10-31 14:28:23', 0, 0, 0, NULL, NULL, NULL),
	(2711, 1, NULL, NULL, NULL, NULL, NULL, NULL, 'WILLANS DA COSTA ALVES', NULL, 'wcalves@alumini-icsk-fjepc.com.br', NULL, NULL, NULL, NULL, NULL, NULL, 2, '2017-11-22 09:46:29', 0, 0, 0, NULL, NULL, NULL),
	(2712, 1, NULL, NULL, NULL, NULL, NULL, NULL, 'ERNESTO BERGUECIO POZO', NULL, 'ernesto.berguecio@alumini-icsk-fjepc.com.br', NULL, NULL, NULL, NULL, NULL, NULL, 2, '2017-12-01 10:55:12', 0, 0, 0, NULL, NULL, NULL),
	(2713, 1, NULL, NULL, NULL, NULL, NULL, NULL, 'GERALDO DE CASTRO FILHO', NULL, 'gdcastro@alumini-icsk-fjepc.com.br', NULL, NULL, NULL, NULL, NULL, NULL, 2, '2018-01-09 12:58:46', 0, 0, 0, NULL, NULL, NULL),
	(2714, 1, NULL, NULL, NULL, NULL, NULL, NULL, 'ABÍLIO RODRIGUES RAMOS', NULL, 'aramos@alimini-icsk-fjepc.com.br', NULL, NULL, NULL, NULL, NULL, NULL, 2, '2018-01-11 14:16:03', 0, 0, 0, NULL, NULL, NULL),
	(2715, 1, NULL, NULL, NULL, NULL, NULL, NULL, 'ELTON ARAUJO DE MENEZES', NULL, 'eamenezes@alumini-icsk-fjepc.com.br', NULL, NULL, NULL, NULL, NULL, NULL, 2, '2018-01-23 11:39:16', 0, 0, 0, NULL, NULL, NULL),
	(2716, 1, NULL, NULL, NULL, NULL, NULL, NULL, 'JOÃO PAULO SILVA MARCIEL', NULL, 'joao.maciel@skic.com', NULL, NULL, NULL, NULL, NULL, NULL, 2, '2018-02-01 09:45:28', 0, 0, 0, NULL, NULL, NULL),
	(2717, 1, NULL, NULL, NULL, NULL, NULL, NULL, 'PAULO ROBERTO MIRANDA DE SOUSA', NULL, 'prmiranda@alumini-icsk-fjepc.com.br', NULL, NULL, NULL, NULL, NULL, NULL, 2, '2018-02-02 10:13:32', 0, 0, 0, NULL, NULL, NULL),
	(2718, 1, NULL, NULL, NULL, NULL, NULL, NULL, 'WASHINGTON KNOP HENRIQUES ', NULL, 'wkhenriques@alumini-icsk-fjepc.com.br', NULL, NULL, NULL, NULL, NULL, NULL, 2, '2018-02-02 10:34:56', 0, 0, 0, NULL, NULL, NULL),
	(2719, 1, NULL, NULL, NULL, NULL, NULL, NULL, 'ALESON RAUL PEREIRA DE MORAIS ', NULL, 'aleson.morais@alumini-icsk-fjepc.com.br', NULL, NULL, NULL, NULL, NULL, NULL, 2, '2018-02-06 08:58:38', 0, 0, 0, NULL, NULL, NULL),
	(2721, 1, NULL, NULL, NULL, NULL, NULL, NULL, 'MAUREL EVANDRO LAPINSKI', NULL, 'mlapinski@alumini-icsk-fjepc.com.br', NULL, NULL, NULL, NULL, NULL, NULL, 2, '2018-02-07 15:13:58', 0, 0, 0, NULL, NULL, NULL),
	(2722, 1, NULL, NULL, NULL, NULL, NULL, NULL, 'ITALLO CAMBRONE', NULL, 'italloc@alumini-icsk-fjepc.com.br', NULL, NULL, NULL, NULL, NULL, NULL, 2, '2018-02-19 08:10:59', 0, 0, 0, NULL, NULL, NULL),
	(2723, 1, NULL, NULL, NULL, NULL, NULL, NULL, 'PHELIPE BATELANI DE LIMA MUNIZ', NULL, 'pbmuniz@alumini-icsk-fjepc.com.br', NULL, NULL, NULL, NULL, NULL, NULL, 2, '2018-02-22 15:09:50', 0, 0, 0, NULL, NULL, NULL),
	(2724, 1, NULL, NULL, NULL, NULL, NULL, NULL, 'LUIZ MARCELO RAMOS', NULL, 'lmramos@alumini-icsk-fjepc.com.br', NULL, NULL, NULL, NULL, NULL, NULL, 2, '2018-02-27 11:25:43', 0, 0, 0, NULL, NULL, NULL),
	(2725, 1, NULL, NULL, NULL, NULL, NULL, NULL, 'MURILO BIAVA CORDOVA', NULL, 'mbcordova@alumini-icsk-fjepc.com.br', NULL, NULL, NULL, NULL, NULL, NULL, 2, '2018-03-01 09:57:42', 0, 0, 0, NULL, NULL, NULL),
	(2726, 1, NULL, NULL, NULL, NULL, NULL, NULL, 'NATHIEL RODRIGUES SILVA', NULL, 'nathielrodriguessilva@gmail.com', NULL, NULL, NULL, NULL, NULL, NULL, 2, '2018-03-14 09:11:41', 0, 0, 0, NULL, NULL, NULL),
	(2727, 1, NULL, NULL, NULL, NULL, NULL, NULL, 'DHEKSON OLIVEIRA LOBAO', NULL, 'dolobao@alumini-icsk-fjepc.com.br', NULL, NULL, NULL, NULL, NULL, NULL, 2, '2018-03-14 09:58:49', 0, 0, 0, NULL, NULL, NULL),
	(2728, 1, NULL, NULL, NULL, NULL, NULL, NULL, 'ADRIANO RIBEIRO DE SOUZA', NULL, 'arsouza@alumini-icsk-fjepc.com.br', NULL, NULL, NULL, NULL, NULL, NULL, 2, '2018-03-23 08:16:28', 0, 0, 0, NULL, NULL, NULL),
	(2729, 1, NULL, NULL, NULL, NULL, NULL, NULL, 'RENATA RANZANI MIRANDA', NULL, 'renata.ranzani@alumini-icsk-fjepc.com.br', NULL, NULL, NULL, NULL, NULL, NULL, 2, '2018-03-28 09:50:02', 0, 0, 0, NULL, NULL, NULL),
	(2730, 1, NULL, NULL, NULL, NULL, NULL, NULL, 'EMERSON MATOS LOIOLA', NULL, 'emloiola@alumini-icsk-fjepc.com.br', NULL, NULL, NULL, NULL, NULL, NULL, 2, '2018-04-05 09:42:58', 0, 0, 0, NULL, NULL, NULL),
	(2731, 1, NULL, NULL, NULL, NULL, NULL, NULL, 'HAMILTON YUJI SHIMA', NULL, 'hamilton.shima@skic.com', NULL, NULL, NULL, NULL, NULL, NULL, 1, '2018-04-24 09:48:10', 0, 0, 0, NULL, NULL, NULL),
	(2732, 1, NULL, NULL, NULL, NULL, NULL, NULL, 'CLODOALDO JESUINO DE MELO', NULL, 'cjdemelo@alumini-icsk-fjepc.com.br', NULL, NULL, NULL, NULL, NULL, NULL, 2, '2018-04-24 15:18:00', 0, 0, 0, NULL, NULL, NULL),
	(2733, 1, NULL, NULL, NULL, NULL, NULL, NULL, 'WELLINGTON DE SOUZA ALMEIDA', NULL, 'wsalmeida.me@alumini-icsk-fjepc.com.br', NULL, NULL, NULL, NULL, NULL, NULL, 2, '2018-05-18 08:26:46', 0, 0, 0, NULL, NULL, NULL),
	(2734, 1, NULL, NULL, NULL, NULL, NULL, NULL, 'LEANDRO OLIVEIRA SOARES', NULL, 'lsoares@alumini-icsk-fjepc.com.br', NULL, NULL, NULL, NULL, NULL, NULL, 2, '2018-05-28 15:05:28', 0, 0, 0, NULL, NULL, NULL),
	(2735, 1, NULL, NULL, NULL, NULL, NULL, NULL, 'RONDNEY BEZERRA COSTA', NULL, 'rondney.costa@skic.com', NULL, NULL, NULL, NULL, NULL, NULL, 2, '2018-05-28 15:06:55', 0, 0, 0, NULL, NULL, NULL),
	(2736, 1, NULL, NULL, NULL, NULL, NULL, NULL, 'JON LENO DOS SANTOS', NULL, 'jon@alumini-icsk-fjepc.com.br', NULL, NULL, NULL, NULL, NULL, NULL, 2, '2018-06-07 18:18:30', 0, 0, 0, NULL, NULL, NULL),
	(2737, 1, NULL, NULL, NULL, NULL, NULL, NULL, 'CARLOS ALBERTO BARREIROS MOREIRA JUNIOR', NULL, 'camoreira@alumini-icsk-fjepc.com.br', NULL, NULL, NULL, NULL, NULL, NULL, 2, '2018-06-11 18:30:10', 0, 0, 0, NULL, NULL, NULL),
	(2738, 1, NULL, NULL, NULL, NULL, NULL, NULL, 'NILTON PEçANHA DE SOUZA', NULL, 'npecanha@alumini-icsk-fjepc.com.br', NULL, NULL, NULL, NULL, NULL, NULL, 2, '2018-06-14 13:34:38', 0, 0, 0, NULL, NULL, NULL),
	(2739, 1, NULL, NULL, NULL, NULL, NULL, NULL, 'ANDERSON PINHO DA CONCEIçãO', NULL, 'apconceicao@alumini-icsk-fjepc.com.br', NULL, NULL, NULL, NULL, NULL, NULL, 2, '2018-06-18 09:05:07', 0, 0, 0, NULL, NULL, NULL),
	(2740, 1, NULL, NULL, NULL, NULL, NULL, NULL, 'GLAUBERG FERREIRA SANTOS', NULL, 'glauberg.santos@sbeisk.com.br', NULL, NULL, NULL, NULL, NULL, NULL, 2, '2018-06-19 14:42:39', 0, 0, 0, NULL, NULL, NULL),
	(2741, 1, NULL, NULL, NULL, NULL, NULL, NULL, 'VICTOR GARCES', NULL, 'victor.garces@alumini-icsk-fjepc.com.br', NULL, NULL, NULL, NULL, NULL, NULL, 2, '2018-06-29 14:01:08', 0, 0, 0, NULL, NULL, NULL),
	(2742, 1, NULL, NULL, NULL, NULL, NULL, NULL, 'NILSON CARLOS MACHADO', NULL, 'ncmachado@alumini-icsk-fjepc.com.br', NULL, NULL, NULL, NULL, NULL, NULL, 2, '2018-07-02 10:05:44', 0, 0, 0, NULL, NULL, NULL),
	(2743, 1, NULL, NULL, NULL, NULL, NULL, NULL, 'ZHOU NAN XIN', NULL, 'znxin@alumini-icsk-fjepc.com.br', NULL, NULL, NULL, NULL, NULL, NULL, 2, '2018-07-05 09:44:03', 0, 0, 0, NULL, NULL, NULL),
	(2744, 1, NULL, NULL, NULL, NULL, NULL, NULL, 'VICTOR HSIAO', NULL, 'victor.hsiao@skic.com', NULL, NULL, NULL, NULL, NULL, NULL, 2, '2018-07-05 11:16:24', 0, 0, 0, NULL, NULL, NULL),
	(2745, 1, NULL, NULL, NULL, NULL, NULL, NULL, 'VANESSA VALERIO DE OLIVEIRA', NULL, 'vdoliveira@alumini-icsk-fjepc.com.br', NULL, NULL, NULL, NULL, NULL, NULL, 2, '2018-07-11 10:38:10', 0, 0, 0, NULL, NULL, NULL),
	(2746, 1, NULL, NULL, NULL, NULL, NULL, NULL, 'VINICIUS PINHATI BARBOSA', NULL, 'vinicius.barbosa@skic.com', NULL, NULL, NULL, NULL, NULL, NULL, 2, '2018-07-17 13:51:08', 0, 0, 0, NULL, NULL, NULL),
	(2747, 1, NULL, NULL, NULL, NULL, NULL, NULL, 'RAFAEL VIEIRA GOMES', NULL, 'rvgomes@alumini-icsk-fjepc.com.br', NULL, NULL, NULL, NULL, NULL, NULL, 2, '2018-07-18 08:12:53', 0, 0, 0, NULL, NULL, NULL),
	(2748, 1, NULL, NULL, NULL, NULL, NULL, NULL, 'RUI CALAZANS SOBRINHO', NULL, 'rui.calazans@alumini-icsk-fjepc.com', NULL, NULL, NULL, NULL, NULL, NULL, 2, '2018-07-26 11:16:11', 0, 0, 0, NULL, NULL, NULL),
	(2749, 1, NULL, NULL, NULL, NULL, NULL, NULL, 'FRANCISCO NAILTON FEITOSA MAGALHAES', NULL, 'nailtonf729@gmail.com', NULL, NULL, NULL, NULL, NULL, NULL, 2, '2018-08-16 13:35:57', 0, 0, 0, NULL, NULL, NULL),
	(2750, 1, NULL, NULL, NULL, NULL, NULL, NULL, 'ANDRÉ DE OLIVEIRA SANTOS ', NULL, 'andredeosantos@hotmail.com', NULL, NULL, NULL, NULL, NULL, NULL, 2, '2018-08-27 15:26:07', 0, 0, 0, NULL, NULL, NULL),
	(2751, 1, NULL, NULL, NULL, NULL, NULL, NULL, 'JOSE ROBERTO DIPE', NULL, 'jrdipe@alumini-icsk-fjepc.com.br', NULL, NULL, NULL, NULL, NULL, NULL, 2, '2018-08-29 16:56:54', 0, 0, 0, NULL, NULL, NULL),
	(2752, 1, NULL, NULL, NULL, NULL, NULL, NULL, 'MAX VINICIUS NOVELLINO GOMES', NULL, 'mnovellino@alumini-icsk-fjepc.com.br', NULL, NULL, NULL, NULL, NULL, NULL, 2, '2018-09-03 16:02:47', 0, 0, 0, NULL, NULL, NULL),
	(2753, 1, NULL, NULL, NULL, NULL, NULL, NULL, 'ROBSON FERNANDO DOS SANTOS', NULL, 'rfsantos@alumini-icsk-fjepc.com.br', NULL, NULL, NULL, NULL, NULL, NULL, 2, '2018-09-04 09:09:00', 0, 0, 0, NULL, NULL, NULL),
	(2754, 1, NULL, NULL, NULL, NULL, NULL, NULL, 'CLAUDIO JESUINO DA SILVA  ', NULL, 'cjesuino@alumini-icsk-fjepc.com.br', NULL, NULL, NULL, NULL, NULL, NULL, 2, '2018-09-17 16:43:03', 0, 0, 0, NULL, NULL, NULL),
	(2755, 1, NULL, NULL, NULL, NULL, NULL, NULL, 'APARECIDO DONIZETE FLORES ', NULL, 'adflores@alumini-icsk-fjepc.com.br', NULL, NULL, NULL, NULL, NULL, NULL, 2, '2018-09-17 16:44:54', 0, 0, 0, NULL, NULL, NULL),
	(2756, 1, NULL, NULL, NULL, NULL, NULL, NULL, 'RAFAEL WILLIAM BELINI', NULL, 'rbelini@alumini-icsk-fjepc.com.br', NULL, NULL, NULL, NULL, NULL, NULL, 2, '2018-09-21 10:15:13', 0, 0, 0, NULL, NULL, NULL),
	(2757, 1, NULL, NULL, NULL, NULL, NULL, NULL, 'ANDRE ANTONIO DA COSTA', NULL, 'andre.costa@sbeisk.com.br', NULL, NULL, NULL, NULL, NULL, NULL, 2, '2018-09-26 09:49:07', 0, 0, 0, NULL, NULL, NULL),
	(2759, 1, NULL, NULL, NULL, NULL, NULL, NULL, 'JOSE CARLOS BATISTA DOS SANTOS', NULL, 'jcbatista@alumini-icsk-fjepc.com.br', NULL, NULL, NULL, NULL, NULL, NULL, 2, '2018-10-05 15:45:57', 0, 0, 0, NULL, NULL, NULL),
	(2760, 1, NULL, NULL, NULL, NULL, NULL, NULL, 'VITOR DE OLIVEIRA MOTA', NULL, 'vitorom28@gmail.com', NULL, NULL, NULL, NULL, NULL, NULL, 2, '2018-10-17 08:29:13', 0, 0, 0, NULL, NULL, NULL),
	(2761, 1, NULL, NULL, NULL, NULL, NULL, NULL, 'KASSIO RODRIGUES MAIA', NULL, 'krmaia@alumini-icsk-fjepc.com.br', NULL, NULL, NULL, NULL, NULL, NULL, 2, '2018-10-19 09:46:31', 0, 0, 0, NULL, NULL, NULL),
	(2763, 1, NULL, NULL, NULL, NULL, NULL, NULL, 'MATHEUS DE ANDRADE CLAUDINO', NULL, 'andrade_malt@hotmail.com', NULL, NULL, NULL, NULL, NULL, NULL, 2, '2018-11-28 09:44:26', 0, 0, 0, NULL, NULL, NULL),
	(2764, 1, NULL, NULL, NULL, NULL, NULL, NULL, 'CARLOS RENATO ANTUNES LOPES', NULL, 'carlos.lopes@sbeisk.com.br', NULL, NULL, NULL, NULL, NULL, NULL, 2, '2018-11-29 09:04:02', 0, 0, 0, NULL, NULL, NULL),
	(2765, 1, NULL, NULL, NULL, NULL, NULL, NULL, 'LEONARDO LUIZ DA SILVA FRANÇA', NULL, 'leonardo.franca@alumini-icsk-fjepc.com.br', NULL, NULL, NULL, NULL, NULL, NULL, 2, '2018-11-30 10:16:50', 0, 0, 0, NULL, NULL, NULL),
	(2766, 1, NULL, NULL, NULL, NULL, NULL, NULL, 'MARCIO LUIZ SOARES SANTOS BAPTISTA', NULL, 'marcio.batista@sbeisk.com.br', NULL, NULL, NULL, NULL, NULL, NULL, 2, '2018-12-04 09:07:14', 0, 0, 0, NULL, NULL, NULL),
	(2767, 1, NULL, NULL, NULL, NULL, NULL, NULL, 'MAIARA SANTOS DA SILVA', NULL, 'msdsilva@alumini-icsk-fjepc.com.br', NULL, NULL, NULL, NULL, NULL, NULL, 2, '2018-12-06 14:20:19', 0, 0, 0, NULL, NULL, NULL),
	(2768, 1, NULL, NULL, NULL, NULL, NULL, NULL, 'SAMUEL SOARES DE AQUINO', NULL, 'saquino@alumini-icsk-fjepc.com.br', NULL, NULL, NULL, NULL, NULL, NULL, 2, '2018-12-06 16:35:56', 0, 0, 0, NULL, NULL, NULL),
	(2769, 1, NULL, NULL, NULL, NULL, NULL, NULL, 'RENAN DA SILVA FERMINO', NULL, 'renan.fermino@skic.com', NULL, NULL, NULL, NULL, NULL, NULL, 1, '2018-12-11 12:24:14', 0, 0, 0, NULL, NULL, NULL),
	(2770, 1, NULL, NULL, NULL, NULL, NULL, NULL, 'RENAN DA SILVA FERMINO', NULL, 'renan.fermino@sbeisk.com.br', NULL, NULL, NULL, NULL, NULL, NULL, 0, '2018-12-11 12:24:16', 0, 0, 0, NULL, NULL, NULL),
	(2771, 1, NULL, NULL, NULL, NULL, NULL, NULL, 'EDUARDO ROGÉRIO MONTEIRO COSTA', NULL, 'eduardo.costa@alumini-icsk-fjepc.com.br', NULL, NULL, NULL, NULL, NULL, NULL, 2, '2018-12-20 09:01:01', 0, 0, 0, NULL, NULL, NULL),
	(2772, 1, NULL, NULL, NULL, NULL, NULL, NULL, 'EVANILDO WENCESLAU PEREIRA', NULL, 'evanildo.pereira@alumini-icsk-fjepc.com.br', NULL, NULL, NULL, NULL, NULL, NULL, 2, '2018-12-20 09:04:26', 0, 0, 0, NULL, NULL, NULL),
	(2773, 1, NULL, NULL, NULL, NULL, NULL, NULL, 'JEFFERSON DA SILVA FERREIRA', NULL, 'jefferson.ferreira@sbeisk.com.br', NULL, NULL, NULL, NULL, NULL, NULL, 2, '2019-01-08 07:47:01', 0, 0, 0, NULL, NULL, NULL),
	(2774, 1, NULL, NULL, NULL, NULL, NULL, NULL, 'ROLDÃO GODOI ROSA', NULL, 'roldao.godoi@skic.com', NULL, NULL, NULL, NULL, NULL, NULL, 2, '2019-01-08 07:50:13', 0, 0, 0, NULL, NULL, NULL),
	(2775, 1, NULL, NULL, NULL, NULL, NULL, NULL, 'JAMES BARROS DE ARRUDA', NULL, 'james.arruda@sbeisk.com.br ', NULL, NULL, NULL, NULL, NULL, NULL, 2, '2019-01-08 07:51:31', 0, 0, 0, NULL, NULL, NULL),
	(2776, 1, NULL, NULL, NULL, NULL, NULL, NULL, 'SERGIO PEREIRA DE SOUZA', NULL, 'spsouza@alumini-icsk-fjepc.com.br', NULL, NULL, NULL, NULL, NULL, NULL, 2, '2019-01-14 13:24:14', 0, 0, 0, NULL, NULL, NULL),
	(2777, 1, NULL, NULL, NULL, NULL, NULL, NULL, 'MONIQUE PINHEIRO', NULL, 'mpinheiro@alumini-icsk-fjepc.com.br', NULL, NULL, NULL, NULL, NULL, NULL, 2, '2019-02-04 12:23:07', 0, 0, 0, NULL, NULL, NULL),
	(2778, 1, NULL, NULL, NULL, NULL, NULL, NULL, 'THALLES DE MENDONçA OLIVEIRA', NULL, 'tdmoliveira@alumini-icsk-fjepc.com.br', NULL, NULL, NULL, NULL, NULL, NULL, 2, '2019-02-04 12:30:19', 0, 0, 0, NULL, NULL, NULL),
	(2779, 1, NULL, NULL, NULL, NULL, NULL, NULL, 'EDNILSON ALVES DOS SANTOS', NULL, 'eadsantos@alumini-icsk-fjepc.com.br', NULL, NULL, NULL, NULL, NULL, NULL, 2, '2019-03-13 11:31:21', 0, 0, 0, NULL, NULL, NULL),
	(2780, 1, NULL, NULL, NULL, NULL, NULL, NULL, 'JAYRON GUILHERME SILVA CRUZ', NULL, 'jayron.cruz@sbeisk.com.br', NULL, NULL, NULL, NULL, NULL, NULL, 2, '2019-03-18 13:33:40', 0, 0, 0, NULL, NULL, NULL),
	(2781, 1, NULL, NULL, NULL, NULL, NULL, NULL, 'JOSE ANDRE DO NASCIMENTO', NULL, 'jose.donascimento@skic.com', NULL, NULL, NULL, NULL, NULL, NULL, 1, '2019-04-01 14:05:03', 0, 0, 0, NULL, NULL, NULL),
	(2782, 1, NULL, NULL, NULL, NULL, NULL, NULL, 'CAIO BRENNER NOGUEIRA CALASANS', NULL, 'caio.calasans@skic.com', NULL, NULL, NULL, NULL, NULL, NULL, 2, '2019-04-04 11:35:25', 0, 0, 0, NULL, NULL, NULL),
	(2783, 1, NULL, NULL, NULL, NULL, NULL, NULL, 'ANDRE LUIS DA SILVA CUNHA', NULL, 'andre.cunha@skic.com', NULL, NULL, NULL, NULL, NULL, NULL, 2, '2019-04-10 16:39:24', 0, 0, 0, NULL, NULL, NULL),
	(2784, 1, NULL, NULL, NULL, NULL, NULL, NULL, 'FRANCISCO BARROS DE SOUZA FILHO', NULL, 'fbdsouza@alumini-icsk-fjepc.com.br', NULL, NULL, NULL, NULL, NULL, NULL, 2, '2019-04-22 10:34:24', 0, 0, 0, NULL, NULL, NULL),
	(2785, 1, NULL, NULL, NULL, NULL, NULL, NULL, 'KATIELI SOUZA DO NASCIMENTO', NULL, 'ksnacimento@alumini-icsk-fjepc.com.br', NULL, NULL, NULL, NULL, NULL, NULL, 2, '2019-04-24 10:47:11', 0, 0, 0, NULL, NULL, NULL),
	(2786, 1, NULL, NULL, NULL, NULL, NULL, NULL, 'JANARY SANTANA', NULL, 'janary.santana@skic.com', NULL, NULL, NULL, NULL, NULL, NULL, 2, '2019-04-26 10:55:36', 0, 0, 0, NULL, NULL, NULL),
	(2787, 1, NULL, NULL, NULL, NULL, NULL, NULL, 'IRAILSON DOS SANTOS MEDEIROS', NULL, 'irailson.medeiros@sbeisk.com.br', NULL, NULL, NULL, NULL, NULL, NULL, 2, '2019-04-26 13:45:40', 0, 0, 0, NULL, NULL, NULL),
	(2788, 1, NULL, NULL, NULL, NULL, NULL, NULL, 'BRUNO CHAVES TAVARES', NULL, 'bruno.tavares@alumini-icsk-fjepc.com.br', NULL, NULL, NULL, NULL, NULL, NULL, 2, '2019-04-30 09:06:00', 0, 0, 0, NULL, NULL, NULL),
	(2789, 1, NULL, NULL, NULL, NULL, NULL, NULL, 'LUIZ FERNANDO LOPES', NULL, 'llopes@alumini-icsk-fjepc.com.br', NULL, NULL, NULL, NULL, NULL, NULL, 2, '2019-05-03 09:22:22', 0, 0, 0, NULL, NULL, NULL),
	(2790, 1, NULL, NULL, NULL, NULL, NULL, NULL, 'WELLINGTON MARTINS MACHADO', NULL, 'wellingtonmmachado@hotmail.com', NULL, NULL, NULL, NULL, NULL, NULL, 2, '2019-05-07 09:24:29', 0, 0, 0, NULL, NULL, NULL),
	(2791, 1, NULL, NULL, NULL, NULL, NULL, NULL, 'JOSE RONALDO ALVES MARQUES', NULL, 'jose.marques@sbeisk.com.br', NULL, NULL, NULL, NULL, NULL, NULL, 2, '2019-05-13 08:55:53', 0, 0, 0, NULL, NULL, NULL),
	(2792, 1, NULL, NULL, NULL, NULL, NULL, NULL, 'NIEDJA CONCEIÇÃO FONSECA DE MELO', NULL, 'niedja.melo@skic.com', NULL, NULL, NULL, NULL, NULL, NULL, 2, '2019-05-22 16:42:37', 0, 0, 0, NULL, NULL, NULL),
	(2793, 1, NULL, NULL, NULL, NULL, NULL, NULL, 'RODRIGO CARVALHO DO CARMO', NULL, 'rodrigo.carmo@skic.com', NULL, NULL, NULL, NULL, NULL, NULL, 1, '2019-05-27 10:06:03', 0, 0, 0, NULL, NULL, NULL),
	(2794, 1, NULL, NULL, NULL, NULL, NULL, NULL, 'TARCISIO ALVES BRANDÃO', NULL, 'tarciso.brandao@sbeisk.com.br', NULL, NULL, NULL, NULL, NULL, NULL, 2, '2019-06-29 08:54:39', 0, 0, 0, NULL, NULL, NULL),
	(2795, 1, NULL, NULL, NULL, NULL, NULL, NULL, 'ILDECASSIO FERREIRA FARIAS', NULL, 'ildecassio.farias@sbeisk.com.br', NULL, NULL, NULL, NULL, NULL, NULL, 2, '2019-06-29 08:59:39', 0, 0, 0, NULL, NULL, NULL),
	(2796, 1, NULL, NULL, NULL, NULL, NULL, NULL, 'CARLOS DE SOUSA ANDRADE', NULL, 'carlos.andrade@skic.com', NULL, NULL, NULL, NULL, NULL, NULL, 1, '2019-06-29 09:02:22', 0, 0, 0, NULL, NULL, NULL),
	(2797, 1, NULL, NULL, NULL, NULL, NULL, NULL, 'ANDRE ANTONIO DA COSTA ', NULL, 'andre.costa@sbeisk.com.br', NULL, NULL, NULL, NULL, NULL, NULL, 2, '2019-07-08 14:54:56', 0, 0, 0, NULL, NULL, NULL),
	(2798, 1, NULL, NULL, NULL, NULL, NULL, NULL, 'ANDRE ANTONIO DA COSTA ', NULL, 'andre.costa@sbeisk.com.br', NULL, NULL, NULL, NULL, NULL, NULL, 2, '2019-07-08 14:54:56', 0, 0, 0, NULL, NULL, NULL),
	(2799, 1, NULL, NULL, NULL, NULL, NULL, NULL, 'LUCAS ALVES MOREIRA DOS REIS', NULL, 'lamoreira@alumini-icsk-fjepc.com.br', NULL, NULL, NULL, NULL, NULL, NULL, 2, '2019-07-09 10:11:34', 0, 0, 0, NULL, NULL, NULL),
	(2800, 1, NULL, NULL, NULL, NULL, NULL, NULL, 'LUCAS ALVES MOREIRA DOS REIS', NULL, 'lamoreira@alumini-icsk-fjepc.com.br', NULL, NULL, NULL, NULL, NULL, NULL, 2, '2019-07-09 10:11:34', 0, 0, 0, NULL, NULL, NULL),
	(2801, 1, NULL, NULL, NULL, NULL, NULL, NULL, 'MARCIO LUIZ DHEIN', NULL, 'mldhein@alumini-icsk-fjepc.com.br', NULL, NULL, NULL, NULL, NULL, NULL, 2, '2019-07-09 16:16:04', 0, 0, 0, NULL, NULL, NULL),
	(2802, 1, NULL, NULL, NULL, NULL, NULL, NULL, 'MARCIO LUIZ DHEIN', NULL, 'mldhein@alumini-icsk-fjepc.com.br', NULL, NULL, NULL, NULL, NULL, NULL, 2, '2019-07-09 16:16:04', 0, 0, 0, NULL, NULL, NULL),
	(2803, 1, NULL, NULL, NULL, NULL, NULL, NULL, 'FERNANDO JULIO GAGO JUNIOR', NULL, 'fernando.gago@sbeisk.com.br', NULL, NULL, NULL, NULL, NULL, NULL, 2, '2019-07-16 13:35:45', 0, 0, 0, NULL, NULL, NULL),
	(2804, 1, NULL, NULL, NULL, NULL, NULL, NULL, 'FERNANDO JULIO GAGO JUNIOR', NULL, 'fernando.gago@sbeisk.com.br', NULL, NULL, NULL, NULL, NULL, NULL, 2, '2019-07-16 13:35:45', 0, 0, 0, NULL, NULL, NULL),
	(2805, 1, NULL, NULL, NULL, NULL, NULL, NULL, 'ALESSANDRO LEAO TAVARES', NULL, 'alessandro.tavares@sbeisk.com.br', NULL, NULL, NULL, NULL, NULL, NULL, 2, '2019-07-23 09:18:04', 0, 0, 0, NULL, NULL, NULL),
	(2806, 1, NULL, NULL, NULL, NULL, NULL, NULL, 'ALESSANDRO LEAO TAVARES', NULL, 'alessandro.tavares@sbeisk.com.br', NULL, NULL, NULL, NULL, NULL, NULL, 2, '2019-07-23 09:18:05', 0, 0, 0, NULL, NULL, NULL),
	(2807, 1, NULL, NULL, NULL, NULL, NULL, NULL, 'DIEGO FRANCISCO MIRANDA DE SOUSA', NULL, 'diego.sousa@sbeisk.com.br', NULL, NULL, NULL, NULL, NULL, NULL, 2, '2019-08-08 14:09:05', 0, 0, 0, NULL, NULL, NULL),
	(2808, 1, NULL, NULL, NULL, NULL, NULL, NULL, 'DIEGO FRANCISCO MIRANDA DE SOUZA', NULL, 'diego.sousa@sbeisk.com.br', NULL, NULL, NULL, NULL, NULL, NULL, 2, '2019-08-08 14:09:05', 0, 0, 0, NULL, NULL, NULL),
	(2811, 1, NULL, NULL, NULL, NULL, NULL, NULL, 'LEONARDO GARCIA DE ARRUDA', NULL, 'leonardo.arruda@sbeisk.com.br', NULL, NULL, NULL, NULL, NULL, NULL, 2, '2019-08-15 10:33:51', 0, 0, 0, NULL, NULL, NULL),
	(2812, 1, NULL, NULL, NULL, NULL, NULL, NULL, 'LEONARDO GARCIA DE ARRUDA', NULL, 'leonardo.arruda@sbeisk.com.br', NULL, NULL, NULL, NULL, NULL, NULL, 0, '2019-08-15 10:33:51', 0, 0, 0, NULL, NULL, NULL),
	(2813, 1, NULL, NULL, NULL, NULL, NULL, NULL, 'MARIO SANTOS SILVA', NULL, 'mario.santos@skic.com', NULL, NULL, NULL, NULL, NULL, NULL, 2, '2019-08-21 14:12:04', 0, 0, 0, NULL, NULL, NULL),
	(2814, 1, NULL, NULL, NULL, NULL, NULL, NULL, 'MARIO SANTOS SILVA', NULL, 'mario.santos@sbeisk.com.br', NULL, NULL, NULL, NULL, NULL, NULL, 0, '2019-08-21 14:12:04', 0, 0, 0, NULL, NULL, NULL),
	(2815, 1, NULL, NULL, NULL, NULL, NULL, NULL, 'THIAGO CHIMENTI', NULL, 'thiago.chimenti@skic.com', NULL, NULL, NULL, NULL, NULL, NULL, 2, '2019-08-21 14:34:58', 0, 0, 0, NULL, NULL, NULL),
	(2816, 1, NULL, NULL, NULL, NULL, NULL, NULL, 'THIAGO CHIMENTI', NULL, 'thiago.chimenti@sbeisk.com.br', NULL, NULL, NULL, NULL, NULL, NULL, 0, '2019-08-21 14:34:58', 0, 0, 0, NULL, NULL, NULL),
	(2819, 1, NULL, NULL, NULL, NULL, NULL, NULL, 'DANILLO OLIVEIRA NASCIMENTO', NULL, 'danillo.silva@sbeisk.com.br', NULL, NULL, NULL, NULL, NULL, NULL, 2, '2019-08-26 15:03:32', 0, 0, 0, NULL, NULL, NULL),
	(2820, 1, NULL, NULL, NULL, NULL, NULL, NULL, 'DANILLO OLIVEIRA NASCIMENTO', NULL, 'danillo.silva@sbeisk.com.br', NULL, NULL, NULL, NULL, NULL, NULL, 0, '2019-08-26 15:03:32', 0, 0, 0, NULL, NULL, NULL),
	(2821, 1, NULL, NULL, NULL, NULL, NULL, NULL, 'TIAGO MARQUES BEZERRA', NULL, 'tiago.bezerra@skic.com', NULL, NULL, NULL, NULL, NULL, NULL, 2, '2019-09-03 08:37:02', 0, 0, 0, NULL, NULL, NULL),
	(2822, 1, NULL, NULL, NULL, NULL, NULL, NULL, 'TIAGO MARQUES BEZERRA', NULL, 'tiago.bezerra@sbeisk.com.br', NULL, NULL, NULL, NULL, NULL, NULL, 0, '2019-09-03 08:37:02', 0, 0, 0, NULL, NULL, NULL),
	(2823, 1, NULL, NULL, NULL, NULL, NULL, NULL, 'JOSÉ MARIA DE CARVALHO', NULL, 'jose.carvalho@skic.com', NULL, NULL, NULL, NULL, NULL, NULL, 1, '2019-10-16 15:00:50', 0, 0, 0, NULL, NULL, NULL),
	(2824, 1, NULL, NULL, NULL, NULL, NULL, NULL, 'JOSÉ MARIA DE CARVALHO', NULL, 'jose.carvalho@sbeisk.com.br', NULL, NULL, NULL, NULL, NULL, NULL, 0, '2019-10-16 15:00:50', 0, 0, 0, NULL, NULL, NULL),
	(2825, 1, NULL, NULL, NULL, NULL, NULL, NULL, 'LEANDRO DA SILVA REZENDE', NULL, 'leandro.rezende@sbeisk.com.br', NULL, NULL, NULL, NULL, NULL, NULL, 2, '2019-10-21 14:47:18', 0, 0, 0, NULL, NULL, NULL),
	(2826, 1, NULL, NULL, NULL, NULL, NULL, NULL, 'LEANDRO REZENDE', NULL, 'leandro.rezende@sbeisk.com.br', NULL, NULL, NULL, NULL, NULL, NULL, 2, '2019-10-21 14:47:18', 0, 0, 0, NULL, NULL, NULL),
	(2827, 1, NULL, NULL, NULL, NULL, NULL, NULL, 'LUIZ SERGIO FRIGGI RODRIGUES', NULL, 'luiz.rodrigues@skic.com', NULL, NULL, NULL, NULL, NULL, NULL, 2, '2019-10-28 14:09:13', 0, 0, 0, NULL, NULL, NULL),
	(2828, 1, NULL, NULL, NULL, NULL, NULL, NULL, 'LUIZ SERGIO FRIGGI RODRIGUES', NULL, 'luiz.rodrigues@sbeisk.com.br', NULL, NULL, NULL, NULL, NULL, NULL, 0, '2019-10-28 14:09:13', 0, 0, 0, NULL, NULL, NULL),
	(2829, 1, NULL, NULL, NULL, NULL, NULL, NULL, 'MARVIM ARAUJO DA SILVA', NULL, 'marvim.silva@alumini-icsk-fjepc.com.br', NULL, NULL, NULL, NULL, NULL, NULL, 2, '2019-11-04 16:19:48', 0, 0, 0, NULL, NULL, NULL),
	(2830, 1, NULL, NULL, NULL, NULL, NULL, NULL, 'MARVIM ARAUJO DA SILVA', NULL, 'marvim.silva@alumini-icsk-fjepc.com.br', NULL, NULL, NULL, NULL, NULL, NULL, 2, '2019-11-04 16:19:48', 0, 0, 0, NULL, NULL, NULL),
	(2831, 1, NULL, NULL, NULL, NULL, NULL, NULL, 'STANLEY SHEN DOS SANTOS', NULL, 'stanley.santos@skic.com', NULL, NULL, NULL, NULL, NULL, NULL, 2, '2019-11-13 16:27:54', 0, 0, 0, NULL, NULL, NULL),
	(2832, 1, NULL, NULL, NULL, NULL, NULL, NULL, 'STANLEY SHEN DOS SANTOS', NULL, 'stanley.santos@sbeisk.com.br', NULL, NULL, NULL, NULL, NULL, NULL, 0, '2019-11-13 16:27:58', 0, 0, 0, NULL, NULL, NULL),
	(2833, 1, NULL, NULL, NULL, NULL, NULL, NULL, 'ITALO CAMARDELLI SANTOS', NULL, 'italo.camardelli@skic.com', NULL, NULL, NULL, NULL, NULL, NULL, 1, '2019-11-19 14:52:57', 0, 0, 0, NULL, NULL, NULL),
	(2834, 1, NULL, NULL, NULL, NULL, NULL, NULL, 'ITALO CAMARDELLI SANTOS', NULL, 'italo.santos@isbeisk.com.br', NULL, NULL, NULL, NULL, NULL, NULL, 0, '2019-11-19 14:52:57', 0, 0, 0, NULL, NULL, NULL),
	(2835, 1, NULL, NULL, NULL, NULL, NULL, NULL, 'SAMUEL ALEXANDRE GOMES MOREIRA GONZAGA', NULL, 'samuel.gonzaga@sbeisk.com.br', NULL, NULL, NULL, NULL, NULL, NULL, 2, '2019-11-20 08:59:01', 0, 0, 0, NULL, NULL, NULL),
	(2836, 1, NULL, NULL, NULL, NULL, NULL, NULL, 'SAMUEL ALEXANDRE GOMES MOREIRA GONZAGA', NULL, 'samuel.gonzaga@skic.com', NULL, NULL, NULL, NULL, NULL, NULL, 2, '2019-11-20 08:59:01', 0, 0, 0, NULL, NULL, NULL),
	(2837, 1, NULL, NULL, NULL, NULL, NULL, NULL, 'DOUGLAS PALADIM MUNHOZ', NULL, 'douglas.munhoz@sbeisk.com.br', NULL, NULL, NULL, NULL, NULL, NULL, 2, '2019-11-20 09:35:48', 0, 0, 0, NULL, NULL, NULL),
	(2838, 1, NULL, NULL, NULL, NULL, NULL, NULL, 'DOUGLAS PALADIM MUNHOZ', NULL, 'douglas.munhoz@sbeisk.com.br', NULL, NULL, NULL, NULL, NULL, NULL, 0, '2019-11-20 09:35:48', 0, 0, 0, NULL, NULL, NULL),
	(2839, 1, NULL, NULL, NULL, NULL, NULL, NULL, 'JORGE ALESSANDRO FORMIGONI', NULL, 'jorge.formigoni@skic.com', NULL, NULL, NULL, NULL, NULL, NULL, 2, '2019-11-21 09:21:58', 0, 0, 0, NULL, NULL, NULL),
	(2840, 1, NULL, NULL, NULL, NULL, NULL, NULL, 'JORGE ALESSANDRO FORMIGONI', NULL, 'jorge.formigoni@sbeisk.com.br', NULL, NULL, NULL, NULL, NULL, NULL, 0, '2019-11-21 09:21:58', 0, 0, 0, NULL, NULL, NULL),
	(2841, 1, NULL, NULL, NULL, NULL, NULL, NULL, 'JOSE LEANDRO DA SILVA', NULL, 'jose.leandro@sbeisk.com.br', NULL, NULL, NULL, NULL, NULL, NULL, 2, '2019-11-26 08:30:32', 0, 0, 0, NULL, NULL, NULL),
	(2842, 1, NULL, NULL, NULL, NULL, NULL, NULL, 'JOSE LEANDRO DA SILVA', NULL, 'jose.leandro@sbeisk.com.br', NULL, NULL, NULL, NULL, NULL, NULL, 0, '2019-11-26 08:30:32', 0, 0, 0, NULL, NULL, NULL),
	(2843, 1, NULL, NULL, NULL, NULL, NULL, NULL, 'ANTONIO EDSON SILVA DUARTE', NULL, 'antonio.duarte@skic.com', NULL, NULL, NULL, NULL, NULL, NULL, 2, '2019-11-28 13:37:18', 0, 0, 0, NULL, NULL, NULL),
	(2844, 1, NULL, NULL, NULL, NULL, NULL, NULL, 'ANTONIO EDSON SILVA DUARTE', NULL, 'antonio.duarte@sbeisk.com.br', NULL, NULL, NULL, NULL, NULL, NULL, 0, '2019-11-28 13:37:18', 0, 0, 0, NULL, NULL, NULL),
	(2845, 1, NULL, NULL, NULL, NULL, NULL, NULL, 'JOSE LEONICIO', NULL, 'jose.leonicio@skchile.cl', NULL, NULL, NULL, NULL, NULL, NULL, 2, '2019-12-06 15:42:08', 0, 0, 0, NULL, NULL, NULL),
	(2846, 1, NULL, NULL, NULL, NULL, NULL, NULL, 'JOSE LEONICIO', NULL, 'jose.leonicio@skchile.cl', NULL, NULL, NULL, NULL, NULL, NULL, 0, '2019-12-06 15:42:09', 0, 0, 0, NULL, NULL, NULL),
	(2847, 1, NULL, NULL, NULL, NULL, NULL, NULL, 'CLAUDIA REGINA RASINI', NULL, 'claudia.rasini@skic.com', NULL, NULL, NULL, NULL, NULL, NULL, 2, '2019-12-09 09:32:32', 0, 0, 0, NULL, NULL, NULL),
	(2848, 1, NULL, NULL, NULL, NULL, NULL, NULL, 'CLAUDIA REGINA RASINI', NULL, 'claudia.rasini@sbeisk.com.br', NULL, NULL, NULL, NULL, NULL, NULL, 0, '2019-12-09 09:32:33', 0, 0, 0, NULL, NULL, NULL),
	(2849, 1, NULL, NULL, NULL, NULL, NULL, NULL, 'DIOGENES GOMES PEREIRA', NULL, 'diogenes.gomes@skic.com', NULL, NULL, NULL, NULL, NULL, NULL, 2, '2019-12-10 14:10:01', 0, 0, 0, NULL, NULL, NULL),
	(2850, 1, NULL, NULL, NULL, NULL, NULL, NULL, 'DIOGENES GOMES PEREIRA', NULL, 'diogenes.gomes@skic.com', NULL, NULL, NULL, NULL, NULL, NULL, 0, '2019-12-10 14:10:01', 0, 0, 0, NULL, NULL, NULL),
	(2851, 1, NULL, NULL, NULL, NULL, NULL, NULL, 'GUSTAVO PERES DO NASCIMENTO', NULL, 'gustavo.nascimento@skic.com', NULL, NULL, NULL, NULL, NULL, NULL, 2, '2020-01-08 10:53:49', 0, 0, 0, NULL, NULL, NULL),
	(2852, 1, NULL, NULL, NULL, NULL, NULL, NULL, 'RODRIGO BENDITO RODRIGUES DE JESUS', NULL, 'rodrigo.rodrigues@sbeisk.com.br', NULL, NULL, NULL, NULL, NULL, NULL, 2, '2020-01-20 14:16:47', 0, 0, 0, NULL, NULL, NULL),
	(2853, 1, NULL, NULL, NULL, NULL, NULL, NULL, 'JOSEMIR FAUSTINO DA SILVA', NULL, 'josemir.silva@skic.com', NULL, NULL, NULL, NULL, NULL, NULL, 2, '2020-02-05 09:36:18', 0, 0, 0, NULL, NULL, NULL),
	(2854, 1, NULL, NULL, NULL, NULL, NULL, NULL, 'JOSE BARAUNA DE OLIVEIRA NETO', NULL, 'jose.barauna@sbeisk.com.br', NULL, NULL, NULL, NULL, NULL, NULL, 2, '2020-03-12 08:25:55', 0, 0, 0, NULL, NULL, NULL),
	(2855, 1, NULL, NULL, NULL, NULL, NULL, NULL, 'ROBSON JOAO DA SILVA', NULL, 'robson.silva@skic.com', NULL, NULL, NULL, NULL, NULL, NULL, 2, '2020-03-12 08:32:44', 0, 0, 0, NULL, NULL, NULL),
	(2856, 1, NULL, NULL, NULL, NULL, NULL, NULL, 'VALDEMI AVELINO BENTO', NULL, 'valdemi.bento@skic.com', NULL, NULL, NULL, NULL, NULL, NULL, 2, '2020-03-17 13:33:08', 0, 0, 0, NULL, NULL, NULL),
	(2857, 1, NULL, NULL, NULL, NULL, NULL, NULL, 'ANA PAULA MAGALHÃES SILVA', NULL, 'ana.silva@skic.com', NULL, NULL, NULL, NULL, NULL, NULL, 2, '2020-04-24 14:39:07', 0, 0, 0, NULL, NULL, NULL),
	(2858, 1, NULL, NULL, NULL, NULL, NULL, NULL, 'RENATO ADAILSON DA SILVA', NULL, 'renato.silva@skic.com', NULL, NULL, NULL, NULL, NULL, NULL, 2, '2020-05-11 13:39:34', 0, 0, 0, NULL, NULL, NULL),
	(2859, 1, NULL, NULL, NULL, NULL, NULL, NULL, 'WILSON LUIZ FERNANDEZ PRADO', NULL, 'wilson.prado@skic.com', NULL, NULL, NULL, NULL, NULL, NULL, 2, '2020-05-13 12:28:32', 0, 0, 0, NULL, NULL, NULL),
	(2860, 1, NULL, NULL, NULL, NULL, NULL, NULL, 'FABIO PEREIRA LACERDA', NULL, 'fabio.lacerda@skic.com', NULL, NULL, NULL, NULL, NULL, NULL, 2, '2020-05-13 14:48:09', 0, 0, 0, NULL, NULL, NULL),
	(2861, 1, NULL, NULL, NULL, NULL, NULL, NULL, 'ANDRÉ TEDDY GIFFORD', NULL, 'andre.gifford@sbeisk.com.br', NULL, NULL, NULL, NULL, NULL, NULL, 2, '2020-05-28 17:50:29', 0, 0, 0, NULL, NULL, NULL),
	(2862, 1, NULL, NULL, NULL, NULL, NULL, NULL, 'DOUGLAS ANIZIO PINHEIRO', NULL, 'douglas.pinheiro@sbeisk.com.br', NULL, NULL, NULL, NULL, NULL, NULL, 2, '2020-05-28 17:51:35', 0, 0, 0, NULL, NULL, NULL),
	(2863, 1, NULL, NULL, NULL, NULL, NULL, NULL, 'KELVIN NUNES PAULO', NULL, 'kelvin.nunes@sbeisk.com.br', NULL, NULL, NULL, NULL, NULL, NULL, 2, '2020-06-01 10:36:08', 0, 0, 0, NULL, NULL, NULL),
	(2864, 1, NULL, NULL, NULL, NULL, NULL, NULL, 'ERIVAN DE VASCONCELOS GONÇALVES', NULL, 'erivan.goncalves@skic.com', NULL, NULL, NULL, NULL, NULL, NULL, 2, '2020-06-01 11:18:38', 0, 0, 0, NULL, NULL, NULL),
	(2865, 1, NULL, NULL, NULL, NULL, NULL, NULL, 'ANTONIO EDSON DA SILVA GOMES', NULL, 'nooffcs@gmail.com', NULL, NULL, NULL, NULL, NULL, NULL, 2, '2020-06-17 17:38:17', 0, 0, 0, NULL, NULL, NULL),
	(2866, 1, NULL, NULL, NULL, NULL, NULL, NULL, 'DAVID MONÇÃO CUNHA', NULL, 'david.cunha@skic.com', NULL, NULL, NULL, NULL, NULL, NULL, 2, '2020-06-18 12:01:59', 0, 0, 0, NULL, NULL, NULL),
	(2867, 1, NULL, NULL, NULL, NULL, NULL, NULL, 'JELL LIMA DE ANDRADE', NULL, 'jell.andrade@skic.com', NULL, NULL, NULL, NULL, NULL, NULL, 2, '2020-08-04 14:03:48', 0, 0, 0, NULL, NULL, NULL),
	(2868, 1, NULL, NULL, NULL, NULL, NULL, NULL, 'SAMUEL ALEXANDRE GOMES MOREIRA GONZAGA', NULL, 'samuel.gonzaga@sbeisk.com.br', NULL, NULL, NULL, NULL, NULL, NULL, 0, '2020-08-06 17:41:50', 0, 0, 0, NULL, NULL, NULL),
	(2869, 1, NULL, NULL, NULL, NULL, NULL, NULL, 'ANNY GLLETHE COSTA DA SILVA', NULL, 'anny.silva@skic.com', NULL, NULL, NULL, NULL, NULL, NULL, 2, '2020-08-06 17:45:51', 0, 0, 0, NULL, NULL, NULL),
	(2870, 1, NULL, NULL, NULL, NULL, NULL, NULL, 'ALEX AZEREDO SOUSA', NULL, 'alex.sousa@skic.com', NULL, NULL, NULL, NULL, NULL, NULL, 2, '2020-08-18 16:51:32', 0, 0, 0, NULL, NULL, NULL),
	(2871, 1, NULL, NULL, NULL, NULL, NULL, NULL, 'BRUNO CHAVES TAVARES', NULL, 'bruno.tavares@skic.com', NULL, NULL, NULL, NULL, NULL, NULL, 2, '2020-08-25 09:43:02', 0, 0, 0, NULL, NULL, NULL),
	(2873, 1, NULL, NULL, NULL, NULL, NULL, NULL, 'RIGELDO RODRIGUES BARROS', NULL, 'rigeldo.barros@skic.com', NULL, NULL, NULL, NULL, NULL, NULL, 2, '2020-09-23 13:36:20', 0, 0, 0, NULL, NULL, NULL),
	(2874, 1, NULL, NULL, NULL, NULL, NULL, NULL, 'BRUNNO CESAR SILVESTRINI', NULL, 'brunno.silvestrini@skic.com', NULL, NULL, NULL, NULL, NULL, NULL, 2, '2020-11-04 20:32:02', 0, 0, 0, NULL, NULL, NULL),
	(2875, 1, NULL, NULL, NULL, NULL, NULL, NULL, 'JERYSSA NEGRINI SENE', NULL, 'jeryssa.sene@skic.com', NULL, NULL, NULL, NULL, NULL, NULL, 2, '2020-11-04 20:33:47', 0, 0, 0, NULL, NULL, NULL),
	(2876, 1, NULL, NULL, NULL, NULL, NULL, NULL, 'ARLAN MARQUES DA SILVA', NULL, 'arlan.silva@skic.com', NULL, NULL, NULL, NULL, NULL, NULL, 2, '2020-11-27 14:28:22', 0, 0, 0, NULL, NULL, NULL),
	(2877, 1, NULL, NULL, NULL, NULL, NULL, NULL, 'RAFAELA BATISTA AFONSO', NULL, 'rafaela.afonso@skic.com', NULL, NULL, NULL, NULL, NULL, NULL, 2, '2021-01-07 13:59:15', 0, 0, 0, NULL, NULL, NULL),
	(2878, 1, NULL, NULL, NULL, NULL, NULL, NULL, 'PEDRO HENRIQUE RIOS DE REZENDE', NULL, 'pedro.rezende@skic.com', NULL, NULL, NULL, NULL, NULL, NULL, 2, '2021-01-07 16:45:55', 0, 0, 0, NULL, NULL, NULL),
	(2879, 1, NULL, NULL, NULL, NULL, NULL, NULL, 'LAYSSE ALVES FERREIRA', NULL, 'laysse.ferreira@skic.com', NULL, NULL, NULL, NULL, NULL, NULL, 2, '2021-01-07 16:47:08', 0, 0, 0, NULL, NULL, NULL),
	(2880, 1, NULL, NULL, NULL, NULL, NULL, NULL, 'FRANKE LIMA DA SILVA', NULL, 'franke.silva@skic.com', NULL, NULL, NULL, NULL, NULL, NULL, 2, '2021-01-07 16:50:38', 0, 0, 0, NULL, NULL, NULL),
	(2881, 1, NULL, NULL, NULL, NULL, NULL, NULL, 'WELITON SANTOS CRUZ', NULL, 'weliton.cruz@skic.com', NULL, NULL, NULL, NULL, NULL, NULL, 2, '2021-01-07 16:51:24', 0, 0, 0, NULL, NULL, NULL),
	(2882, 1, NULL, NULL, NULL, NULL, NULL, NULL, 'KAIQUE DIAS CAETANO', NULL, 'kaique.caetano@skic.com', NULL, NULL, NULL, NULL, NULL, NULL, 1, '2021-01-07 16:52:18', 0, 0, 0, NULL, NULL, NULL),
	(2883, 1, NULL, NULL, NULL, NULL, NULL, NULL, 'DIEGO DIAS DE LUCENA', NULL, 'diego.lucena@skic.com', NULL, NULL, NULL, NULL, NULL, NULL, 2, '2021-01-07 16:54:02', 0, 0, 0, NULL, NULL, NULL),
	(2884, 1, NULL, NULL, NULL, NULL, NULL, NULL, 'RANGEL GLEIGUISSON SILVA DE MELO', NULL, 'rangel.melo@skic.com', NULL, NULL, NULL, NULL, NULL, NULL, 2, '2021-01-07 16:55:26', 0, 0, 0, NULL, NULL, NULL),
	(2885, 1, NULL, NULL, NULL, NULL, NULL, NULL, 'ALEX DA LUZ BRASIL', NULL, 'alex.brasil@skic.com', NULL, NULL, NULL, NULL, NULL, NULL, 2, '2021-01-07 16:57:38', 0, 0, 0, NULL, NULL, NULL),
	(2886, 1, NULL, NULL, NULL, NULL, NULL, NULL, 'FRANCISCO ALENCAR DOS SANTOS', NULL, 'francisco.alencar@skic.com', NULL, NULL, NULL, NULL, NULL, NULL, 2, '2021-01-08 09:47:12', 0, 0, 0, NULL, NULL, NULL),
	(2887, 1, NULL, NULL, NULL, NULL, NULL, NULL, 'EDUARDO NASCIMENTO', NULL, 'eduardo.nascimento@skic.com', NULL, NULL, NULL, NULL, NULL, NULL, 1, '2021-01-08 09:57:53', 0, 0, 0, NULL, NULL, NULL),
	(2888, 1, NULL, NULL, NULL, NULL, NULL, NULL, 'DEIVID NUNES', NULL, 'deivid.nunes@skic.com', NULL, NULL, NULL, NULL, NULL, NULL, 2, '2021-01-08 09:59:08', 0, 0, 0, NULL, NULL, NULL),
	(2889, 1, NULL, NULL, NULL, NULL, NULL, NULL, 'JEFERSON FERNANDES', NULL, 'jeferson.fernandes@skic.com', NULL, NULL, NULL, NULL, NULL, NULL, 2, '2021-01-08 10:04:40', 0, 0, 0, NULL, NULL, NULL),
	(2890, 1, NULL, NULL, NULL, NULL, NULL, NULL, 'ADILENO SILVA', NULL, 'adileno.silva@skic.com', NULL, NULL, NULL, NULL, NULL, NULL, 2, '2021-01-08 10:06:31', 0, 0, 0, NULL, NULL, NULL),
	(2891, 1, NULL, NULL, NULL, NULL, NULL, NULL, 'RAIMUNDO GUIMARAES', NULL, 'raimundo.guimaraes@skic.com', NULL, NULL, NULL, NULL, NULL, NULL, 2, '2021-01-08 10:07:48', 0, 0, 0, NULL, NULL, NULL),
	(2892, 1, NULL, NULL, NULL, NULL, NULL, NULL, 'DANIEL SILVA SANTOS', NULL, 'daniel.santos@skic.com', NULL, NULL, NULL, NULL, NULL, NULL, 2, '2021-01-08 14:56:13', 0, 0, 0, NULL, NULL, NULL),
	(2893, 1, NULL, NULL, NULL, NULL, NULL, NULL, 'CELSO CRISTIANO DOS SANTOS', NULL, 'celso.santos@skic.com', NULL, NULL, NULL, NULL, NULL, NULL, 2, '2021-01-08 14:57:10', 0, 0, 0, NULL, NULL, NULL),
	(2894, 1, NULL, NULL, NULL, NULL, NULL, NULL, 'ROBSON DA CRUZ DA SILVA', NULL, 'robson.cruz@skic.com', NULL, NULL, NULL, NULL, NULL, NULL, 2, '2021-01-08 14:58:44', 0, 0, 0, NULL, NULL, NULL),
	(2895, 1, NULL, NULL, NULL, NULL, NULL, NULL, 'ERIDAN LUIZ DA SILVA', NULL, 'eridan.silva@skic.com', NULL, NULL, NULL, NULL, NULL, NULL, 2, '2021-01-08 14:59:40', 0, 0, 0, NULL, NULL, NULL),
	(2896, 1, NULL, NULL, NULL, NULL, NULL, NULL, 'ROMÁRIO MORAIS MENESES', NULL, 'romario.meneses@skic.com', NULL, NULL, NULL, NULL, NULL, NULL, 2, '2021-01-08 15:00:59', 0, 0, 0, NULL, NULL, NULL),
	(2897, 1, NULL, NULL, NULL, NULL, NULL, NULL, 'ANTONIO CURTY', NULL, 'antonio.curty@skic.com', NULL, NULL, NULL, NULL, NULL, NULL, 2, '2021-01-08 15:01:56', 0, 0, 0, NULL, NULL, NULL),
	(2898, 1, NULL, NULL, NULL, NULL, NULL, NULL, 'THIAGO CORADO DA SILVA', NULL, 'thiago.silva@skic.com', NULL, NULL, NULL, NULL, NULL, NULL, 2, '2021-01-08 15:57:39', 0, 0, 0, NULL, NULL, NULL),
	(2899, 1, NULL, NULL, NULL, NULL, NULL, NULL, 'FLÁVIO MARINS', NULL, 'flavio.marins@skic.com', NULL, NULL, NULL, NULL, NULL, NULL, 2, '2021-01-08 16:22:23', 0, 0, 0, NULL, NULL, NULL),
	(2900, 1, NULL, NULL, NULL, NULL, NULL, NULL, 'LOURIVAL BRITO', NULL, 'lourival.brito@skic.com', NULL, NULL, NULL, NULL, NULL, NULL, 2, '2021-01-08 16:23:09', 0, 0, 0, NULL, NULL, NULL),
	(2901, 1, NULL, NULL, NULL, NULL, NULL, NULL, 'JACIARA SOUZA', NULL, 'jaciara.souza@skic.com', NULL, NULL, NULL, NULL, NULL, NULL, 2, '2021-01-08 16:24:00', 0, 0, 0, NULL, NULL, NULL),
	(2902, 1, NULL, NULL, NULL, NULL, NULL, NULL, 'JAIRA HOLANDA', NULL, 'jaira.holanda@skic.com', NULL, NULL, NULL, NULL, NULL, NULL, 2, '2021-01-08 16:24:41', 0, 0, 0, NULL, NULL, NULL),
	(2903, 1, NULL, NULL, NULL, NULL, NULL, NULL, 'FERNANDO VASCONCELOS', NULL, 'fernando.vasconcelos@skic.com', NULL, NULL, NULL, NULL, NULL, NULL, 2, '2021-01-20 14:17:00', 0, 0, 0, NULL, NULL, NULL),
	(2904, 1, NULL, NULL, NULL, NULL, NULL, NULL, 'IVO MICCHI PEREIRA', NULL, 'ivo.micchi@skic.com', NULL, NULL, NULL, NULL, NULL, NULL, 2, '2021-02-03 10:15:03', 0, 0, 0, NULL, NULL, NULL),
	(2905, 1, NULL, NULL, NULL, NULL, NULL, NULL, 'ZHENG XIN', NULL, 'zheng.xin@fjepc.com.br', NULL, NULL, NULL, NULL, NULL, NULL, 2, '2021-02-04 11:10:09', 0, 0, 0, NULL, NULL, NULL),
	(2906, 1, NULL, NULL, NULL, NULL, NULL, NULL, 'PABLO  CONTARDO', NULL, 'jorgepablo.contardo@skic.com', NULL, NULL, NULL, NULL, NULL, NULL, 2, '2021-02-25 11:14:49', 0, 0, 0, NULL, NULL, NULL),
	(2907, 1, NULL, NULL, NULL, NULL, NULL, NULL, 'MARCO AROS', NULL, 'marco.aros@skic.com', NULL, NULL, NULL, NULL, NULL, NULL, 2, '2021-02-27 09:10:05', 0, 0, 0, NULL, NULL, NULL),
	(2908, 1, NULL, NULL, NULL, NULL, NULL, NULL, 'MARCELO URÍA PARRA', NULL, 'marcelo.uria@skic.com', NULL, NULL, NULL, NULL, NULL, NULL, 2, '2021-02-27 09:11:01', 0, 0, 0, NULL, NULL, NULL),
	(2909, 1, NULL, NULL, NULL, NULL, NULL, NULL, 'ANTONIO GUTIERREZ RAMIREZ', NULL, 'antonio.gutierrez@skic.com', NULL, NULL, NULL, NULL, NULL, NULL, 2, '2021-02-27 09:11:56', 0, 0, 0, NULL, NULL, NULL),
	(2910, 1, NULL, NULL, NULL, NULL, NULL, NULL, 'NERLITH SANTILLAN', NULL, 'Nerlith.Santillan@skic.com', NULL, NULL, NULL, NULL, NULL, NULL, 2, '2021-03-05 09:09:49', 0, 0, 0, NULL, NULL, NULL),
	(2911, 1, NULL, NULL, NULL, NULL, NULL, NULL, 'CÉSAR RODRIGUES DE OLIVEIRA', NULL, 'cesar.rodrigues@skic.com', NULL, NULL, NULL, NULL, NULL, NULL, 2, '2021-03-16 10:08:17', 0, 0, 0, NULL, NULL, NULL),
	(2912, 1, NULL, NULL, NULL, NULL, NULL, NULL, 'TATIANA VIANA MATOS', NULL, 'tatiana.matos@skic.com', NULL, NULL, NULL, NULL, NULL, NULL, 2, '2021-03-17 15:36:38', 0, 0, 0, NULL, NULL, NULL),
	(2913, 1, NULL, NULL, NULL, NULL, NULL, NULL, 'DAPHINY NOEMY MONTEIRO', NULL, 'daphiny.monteiro@skic.com', NULL, NULL, NULL, NULL, NULL, NULL, 2, '2021-04-05 10:31:37', 0, 0, 0, NULL, NULL, NULL),
	(2914, 1, NULL, NULL, NULL, NULL, NULL, NULL, 'PAULO HENRIQUE FRANCISCO REIS', NULL, 'paulo.reis@skic.com', NULL, NULL, NULL, NULL, NULL, NULL, 2, '2021-04-07 17:59:04', 0, 0, 0, NULL, NULL, NULL),
	(2915, 1, NULL, NULL, NULL, NULL, NULL, NULL, 'JEZAIAS SILVA FIRMINO', NULL, 'jezaias.silva@skic.com', NULL, NULL, NULL, NULL, NULL, NULL, 2, '2021-04-08 18:35:03', 0, 0, 0, NULL, NULL, NULL),
	(2916, 1, NULL, NULL, NULL, NULL, NULL, NULL, 'LUAN BARCELOS BORGES', NULL, 'luan.borges@skic.com', NULL, NULL, NULL, NULL, NULL, NULL, 2, '2021-04-20 12:53:28', 0, 0, 0, NULL, NULL, NULL),
	(2917, 1, NULL, NULL, NULL, NULL, NULL, NULL, 'EDSON BATISTA DA SILVA ROCHA', NULL, 'edson.batista@skic.com', NULL, NULL, NULL, NULL, NULL, NULL, 2, '2021-04-20 12:54:16', 0, 0, 0, NULL, NULL, NULL),
	(2918, 1, NULL, NULL, NULL, NULL, NULL, NULL, 'MIKE PRETER ALVES', NULL, 'mike.preter@skic.com', NULL, NULL, NULL, NULL, NULL, NULL, 2, '2021-04-20 12:55:08', 0, 0, 0, NULL, NULL, NULL),
	(2919, 1, NULL, NULL, NULL, NULL, NULL, NULL, 'WARLEY MARTINS COSTA', NULL, 'warley.martins@skic.com', NULL, NULL, NULL, NULL, NULL, NULL, 2, '2021-04-25 11:21:44', 0, 0, 0, NULL, NULL, NULL),
	(2920, 1, NULL, NULL, NULL, NULL, NULL, NULL, 'MARCOS ANDRÉ DE OLIVEIRA', NULL, 'marcos.oliveira@skic.com', NULL, NULL, NULL, NULL, NULL, NULL, 1, '2021-04-27 10:05:27', 0, 0, 0, NULL, NULL, NULL),
	(2921, 1, NULL, NULL, NULL, NULL, NULL, NULL, 'REINALDO CESAR BUENO', NULL, 'reinaldo.cesar@skic.com', NULL, NULL, NULL, NULL, NULL, NULL, 2, '2021-04-27 10:14:45', 0, 0, 0, NULL, NULL, NULL),
	(2922, 1, NULL, NULL, NULL, NULL, NULL, NULL, 'JOÃO MARCOS FERREIRA BORGES', NULL, 'joao.ferreira@skic.com', NULL, NULL, NULL, NULL, NULL, NULL, 2, '2021-05-12 10:16:42', 0, 0, 0, NULL, NULL, NULL),
	(2923, 1, NULL, NULL, NULL, NULL, NULL, NULL, 'EVANDRO DOS SANTOS OLIVEIRA', NULL, 'evandro.dossantos@skic.com', NULL, NULL, NULL, NULL, NULL, NULL, 2, '2021-05-13 09:52:23', 0, 0, 0, NULL, NULL, NULL),
	(2924, 1, NULL, NULL, NULL, NULL, NULL, NULL, 'ADRIANO GARCIA GOUVEIA', NULL, 'adriano.garcia@skic.com', NULL, NULL, NULL, NULL, NULL, NULL, 2, '2021-05-13 09:53:39', 0, 0, 0, NULL, NULL, NULL),
	(2925, 1, NULL, NULL, NULL, NULL, NULL, NULL, 'WELLITON FABIO DA SILVA MAGALHAES', NULL, 'welliton.dasilva@skic.com', NULL, NULL, NULL, NULL, NULL, NULL, 2, '2021-05-13 09:54:22', 0, 0, 0, NULL, NULL, NULL),
	(2926, 1, NULL, NULL, NULL, NULL, NULL, NULL, 'WILLIAN RODRIGUES DA SILVEIRA CHAVES', NULL, 'willian.rodrigues@skic.com', NULL, NULL, NULL, NULL, NULL, NULL, 2, '2021-05-19 08:08:36', 0, 0, 0, NULL, NULL, NULL),
	(2927, 1, NULL, NULL, NULL, NULL, NULL, NULL, 'TENISE LOPES', NULL, 'tenise.lopes@skic.com', NULL, NULL, NULL, NULL, NULL, NULL, 2, '2021-05-26 20:25:58', 0, 0, 0, NULL, NULL, NULL),
	(2928, 1, NULL, NULL, NULL, NULL, NULL, NULL, 'ITARGINO VIEIRA', NULL, 'itargino.vieira@skic.com', NULL, NULL, NULL, NULL, NULL, NULL, 2, '2021-05-26 20:26:42', 0, 0, 0, NULL, NULL, NULL),
	(2929, 1, NULL, NULL, NULL, NULL, NULL, NULL, 'VALERIA CONCEICAO', NULL, 'valeria.conceicao@skic.com', NULL, NULL, NULL, NULL, NULL, NULL, 2, '2021-05-26 20:27:32', 0, 0, 0, NULL, NULL, NULL),
	(2930, 1, NULL, NULL, NULL, NULL, NULL, NULL, 'ANNE CAROLINE LUSTOSA CORREIA', NULL, 'anne.correa@skic.com', NULL, NULL, NULL, NULL, NULL, NULL, 2, '2021-05-26 20:28:15', 0, 0, 0, NULL, NULL, NULL),
	(2931, 1, NULL, NULL, NULL, NULL, NULL, NULL, 'FLAVIO MENEZES', NULL, 'flavio.menezes@skic.com', NULL, NULL, NULL, NULL, NULL, NULL, 2, '2021-05-26 20:29:56', 0, 0, 0, NULL, NULL, NULL),
	(2932, 1, NULL, NULL, NULL, NULL, NULL, NULL, 'JOANA GENIPAPEIRO', NULL, 'joana.genipapeiro@skic.com', NULL, NULL, NULL, NULL, NULL, NULL, 2, '2021-05-26 20:30:38', 0, 0, 0, NULL, NULL, NULL),
	(2933, 1, NULL, NULL, NULL, NULL, NULL, NULL, 'ITARGINO VIEIRA', NULL, 'itargino.vieira@skic.com', NULL, NULL, NULL, NULL, NULL, NULL, 2, '2021-05-26 20:32:54', 0, 0, 0, NULL, NULL, NULL),
	(2934, 1, NULL, NULL, NULL, NULL, NULL, NULL, 'CLAUDIO JESUINO DA SILVA', NULL, 'claudio.jesuino@skic.com', NULL, NULL, NULL, NULL, NULL, NULL, 2, '2021-06-02 08:27:11', 0, 0, 0, NULL, NULL, NULL),
	(2935, 1, NULL, NULL, NULL, NULL, NULL, NULL, 'RAIANNE COELHO ARAUJO', NULL, 'raianne.coelho@skic.com', NULL, NULL, NULL, NULL, NULL, NULL, 2, '2021-06-07 09:49:35', 0, 0, 0, NULL, NULL, NULL),
	(2936, 1, NULL, NULL, NULL, NULL, NULL, NULL, 'FELIPE DA SILVA BONFIM', NULL, 'felipe.bonfim@skic.com', NULL, NULL, NULL, NULL, NULL, NULL, 2, '2021-06-10 13:02:39', 0, 0, 0, NULL, NULL, NULL),
	(2937, 1, NULL, NULL, NULL, NULL, NULL, NULL, 'GEOVANE ROSENO DA SILVA', NULL, 'geovane.silva@skic.com', NULL, NULL, NULL, NULL, NULL, NULL, 2, '2021-06-10 14:21:59', 0, 0, 0, NULL, NULL, NULL),
	(2938, 1, NULL, NULL, NULL, NULL, NULL, NULL, 'PEDRO FERREIRA DA ROSA', NULL, 'pedro.ferreira@skic.com', NULL, NULL, NULL, NULL, NULL, NULL, 2, '2021-06-10 14:22:53', 0, 0, 0, NULL, NULL, NULL),
	(2939, 1, NULL, NULL, NULL, NULL, NULL, NULL, 'HILDELENE SOARES DA SILVA', NULL, 'hildelene.silva@skic.com', NULL, NULL, NULL, NULL, NULL, NULL, 2, '2021-06-10 14:23:32', 0, 0, 0, NULL, NULL, NULL),
	(2940, 1, NULL, NULL, NULL, NULL, NULL, NULL, 'EDUARDO SILVA DOS ANJOS', NULL, 'eduardo.silva@skic.com', NULL, NULL, NULL, NULL, NULL, NULL, 2, '2021-06-10 14:24:11', 0, 0, 0, NULL, NULL, NULL),
	(2941, 1, NULL, NULL, NULL, NULL, NULL, NULL, 'MAX WANDER DOS SANTOS PINTO', NULL, 'max.pinto@skic.com', NULL, NULL, NULL, NULL, NULL, NULL, 2, '2021-06-10 14:24:50', 0, 0, 0, NULL, NULL, NULL),
	(2942, 1, NULL, NULL, NULL, NULL, NULL, NULL, 'FRANCISCO AYRES DE JESUS SANTOS', NULL, 'francisco.santos@skic.com', NULL, NULL, NULL, NULL, NULL, NULL, 2, '2021-06-10 14:25:39', 0, 0, 0, NULL, NULL, NULL),
	(2943, 1, NULL, NULL, NULL, NULL, NULL, NULL, 'GEORGE ROZENO DA SILVA', NULL, 'george.rozeno@skic.com', NULL, NULL, NULL, NULL, NULL, NULL, 2, '2021-06-10 14:26:22', 0, 0, 0, NULL, NULL, NULL),
	(2944, 1, NULL, NULL, NULL, NULL, NULL, NULL, 'MARCOS PAULO RODRIGUES SILVA', NULL, 'marcos.rodrigues@skic.com', NULL, NULL, NULL, NULL, NULL, NULL, 2, '2021-06-10 14:27:05', 0, 0, 0, NULL, NULL, NULL),
	(2945, 1, NULL, NULL, NULL, NULL, NULL, NULL, 'ELIAS SILVA DO NASCIMENTO', NULL, 'elias.silva@skic.com', NULL, NULL, NULL, NULL, NULL, NULL, 2, '2021-06-10 14:27:45', 0, 0, 0, NULL, NULL, NULL),
	(2946, 1, NULL, NULL, NULL, NULL, NULL, NULL, 'GERALDO SALIM ARAUJO', NULL, 'geraldo.salim@skic.com', NULL, NULL, NULL, NULL, NULL, NULL, 2, '2021-06-10 15:30:32', 0, 0, 0, NULL, NULL, NULL),
	(2947, 1, NULL, NULL, NULL, NULL, NULL, NULL, 'ADRIANA MOREIRA LEAL', NULL, 'adriana.leal@skic.com', NULL, NULL, NULL, NULL, NULL, NULL, 1, '2021-06-10 16:34:37', 0, 0, 0, NULL, NULL, NULL),
	(2948, 1, NULL, NULL, NULL, NULL, NULL, NULL, 'JOSÉ EDUARDO DA SILVA', NULL, 'jose.dasilva@skic.com', NULL, NULL, NULL, NULL, NULL, NULL, 1, '2021-06-10 16:35:39', 0, 0, 0, NULL, NULL, NULL),
	(2949, 1, NULL, NULL, NULL, NULL, NULL, NULL, 'SILVIO FELISMINO DA CRUZ', NULL, 'silvio.felismino@skic.com', NULL, NULL, NULL, NULL, NULL, NULL, 2, '2021-06-14 09:52:46', 0, 0, 0, NULL, NULL, NULL),
	(2950, 1, NULL, NULL, NULL, NULL, NULL, NULL, 'REGIS MENDES ALVES', NULL, 'regis.mendes@skic.com', NULL, NULL, NULL, NULL, NULL, NULL, 2, '2021-06-14 12:36:46', 0, 0, 0, NULL, NULL, NULL),
	(2951, 1, NULL, NULL, NULL, NULL, NULL, NULL, 'CLEA COSTA SILVA', NULL, 'clea.costa@skic.com', NULL, NULL, NULL, NULL, NULL, NULL, 2, '2021-06-17 10:04:44', 0, 0, 0, NULL, NULL, NULL),
	(2952, 155, NULL, NULL, NULL, NULL, NULL, NULL, 'JHONATAN REIS DE SOUZA', NULL, 'jhonathan.reis@skic.com', NULL, NULL, NULL, NULL, NULL, NULL, 2, '2021-06-18 11:34:34', 0, 0, 0, NULL, NULL, NULL),
	(2953, 155, NULL, NULL, NULL, NULL, NULL, NULL, 'REGINALDO APARECIDO DA SILVA', NULL, 'reginaldo.aparecido@skic.com', NULL, NULL, NULL, NULL, NULL, NULL, 2, '2021-06-20 13:49:54', 0, 0, 0, NULL, NULL, NULL),
	(2954, 1, NULL, NULL, NULL, NULL, NULL, NULL, 'RONAN LIMA SOUSA', NULL, 'ronan.lima@skic.com', NULL, NULL, NULL, NULL, NULL, NULL, 2, '2021-06-24 08:49:43', 0, 0, 0, NULL, NULL, NULL),
	(2955, 1, NULL, NULL, NULL, NULL, NULL, NULL, 'DJAILSON DE SOUZA SANTOS ', NULL, 'djailson.souza@skic.com', NULL, NULL, NULL, NULL, NULL, NULL, 2, '2021-06-25 14:50:59', 0, 0, 0, NULL, NULL, NULL),
	(2956, 1, NULL, NULL, NULL, NULL, NULL, NULL, 'JUAN CARLOS LOPES SANTO', NULL, 'juancarlos.lopes@skic.com', NULL, NULL, NULL, NULL, NULL, NULL, 2, '2021-06-25 14:51:49', 0, 0, 0, NULL, NULL, NULL),
	(2957, 1, NULL, NULL, NULL, NULL, NULL, NULL, 'LEONARDO BARBOSA DE AZEREDO', NULL, 'leonardo.barbosa@skic.com', NULL, NULL, NULL, NULL, NULL, NULL, 2, '2021-06-25 14:52:40', 0, 0, 0, NULL, NULL, NULL),
	(2958, 1, NULL, NULL, NULL, NULL, NULL, NULL, 'MADSON LOBO DE ARAUJO', NULL, 'madson.lobo@skic.com', NULL, NULL, NULL, NULL, NULL, NULL, 2, '2021-06-25 14:53:20', 0, 0, 0, NULL, NULL, NULL),
	(2959, 1, NULL, NULL, NULL, NULL, NULL, NULL, 'RANIEL GONCALVES PEREIRA', NULL, 'raniel.goncalves@skic.com', NULL, NULL, NULL, NULL, NULL, NULL, 2, '2021-06-25 14:54:02', 0, 0, 0, NULL, NULL, NULL),
	(2960, 1, NULL, NULL, NULL, NULL, NULL, NULL, 'VITOR ALEX BORGES DA SILVA', NULL, 'vitor.borges@skic.com', NULL, NULL, NULL, NULL, NULL, NULL, 2, '2021-06-25 14:54:51', 0, 0, 0, NULL, NULL, NULL),
	(2961, 1, NULL, NULL, NULL, NULL, NULL, NULL, 'CARLOS BEZERRA BISPO', NULL, 'carlos.bezerra@skic.com', NULL, NULL, NULL, NULL, NULL, NULL, 2, '2021-06-25 14:56:52', 0, 0, 0, NULL, NULL, NULL),
	(2962, 1, NULL, NULL, NULL, NULL, NULL, NULL, 'JONATHAS GOIS DE SOUZA', NULL, 'jonathas.gois@skic.com', NULL, NULL, NULL, NULL, NULL, NULL, 2, '2021-07-07 10:04:25', 0, 0, 0, NULL, NULL, NULL),
	(2963, 1, NULL, NULL, NULL, NULL, NULL, NULL, 'DANIEL OLIVEIRA DE ANDRADE', NULL, 'daniel.oliveira@skic.com', NULL, NULL, NULL, NULL, NULL, NULL, 2, '2021-07-07 10:07:14', 0, 0, 0, NULL, NULL, NULL),
	(2964, 1, NULL, NULL, NULL, NULL, NULL, NULL, 'JOSE CASSIMIRO DOS SANTOS', NULL, 'jose.cassimiro@skic.com', NULL, NULL, NULL, NULL, NULL, NULL, 2, '2021-07-07 17:12:34', 0, 0, 0, NULL, NULL, NULL),
	(2965, 1, NULL, NULL, NULL, NULL, NULL, NULL, 'DANIEL MESSIAS DE SOUZA', NULL, 'daniel.messias@skic.com', NULL, NULL, NULL, NULL, NULL, NULL, 2, '2021-07-20 08:37:52', 0, 0, 0, NULL, NULL, NULL),
	(2966, 1, NULL, NULL, NULL, NULL, NULL, NULL, 'DAYANI VIANA DE ARAUJO', NULL, ' dayani.viana@skic.com', NULL, NULL, NULL, NULL, NULL, NULL, 2, '2021-08-05 12:37:05', 0, 0, 0, NULL, NULL, NULL),
	(2967, 1, NULL, NULL, NULL, NULL, NULL, NULL, 'DANYELLA ALEXANDRA FRANCISCA CRUZ LIMA', NULL, 'danyella.lima@skic.com', NULL, NULL, NULL, NULL, NULL, NULL, 2, '2021-08-09 09:25:21', 0, 0, 0, NULL, NULL, NULL),
	(2968, 1, NULL, NULL, NULL, NULL, NULL, NULL, 'MARCOS FREITAS DOS SANTOS', NULL, 'marcos.freitas@skic.com', NULL, NULL, NULL, NULL, NULL, NULL, 2, '2021-08-24 16:15:16', 0, 0, 0, NULL, NULL, NULL),
	(2969, 1, NULL, NULL, NULL, NULL, NULL, NULL, 'UALLACE SALARINI AZOTTO', NULL, 'uallace.sallarini@skic.com', NULL, NULL, NULL, NULL, NULL, NULL, 2, '2021-09-02 12:02:28', 0, 0, 0, NULL, NULL, NULL),
	(2971, 1, NULL, NULL, NULL, NULL, NULL, NULL, 'GEISIANE DE OLIVEIRA SANTOS', NULL, 'geisiane.deoliveira@skic.com', NULL, NULL, NULL, NULL, NULL, NULL, 2, '2021-09-15 11:09:46', 0, 0, 0, NULL, NULL, NULL),
	(2972, 1, NULL, NULL, NULL, NULL, NULL, NULL, 'RILDO DOMINGOS DE SOUZA', NULL, 'rildo.domingos@skic.com', NULL, NULL, NULL, NULL, NULL, NULL, 1, '2021-09-16 10:49:04', 0, 0, 0, NULL, NULL, NULL),
	(2973, 1, NULL, NULL, NULL, NULL, NULL, NULL, 'AGNELO FERNANDES MAIA', NULL, 'agnelo.fernandes@skic.com', NULL, NULL, NULL, NULL, NULL, NULL, 2, '2021-09-23 10:02:37', 0, 0, 0, NULL, NULL, NULL),
	(2974, 1, NULL, NULL, NULL, NULL, NULL, NULL, 'FREDERICO ASSIS TORRES', NULL, 'frederico.assis@skic.com', NULL, NULL, NULL, NULL, NULL, NULL, 2, '2021-10-05 14:09:31', 0, 0, 0, NULL, NULL, NULL),
	(2975, 1, NULL, NULL, NULL, NULL, NULL, NULL, 'IVAN FERREIRA ALVES', NULL, 'ivan.ferreira@skic.com', NULL, NULL, NULL, NULL, NULL, NULL, 2, '2021-10-07 13:22:28', 0, 0, 0, NULL, NULL, NULL),
	(2976, 1, NULL, NULL, NULL, NULL, NULL, NULL, 'ERNESTO DE SOUSA MELO LOPES', NULL, 'ernesto.desouza@skic.com', NULL, NULL, NULL, NULL, NULL, NULL, 2, '2021-10-07 13:24:06', 0, 0, 0, NULL, NULL, NULL),
	(2977, 1, NULL, NULL, NULL, NULL, NULL, NULL, 'CARLOS FERREIRA RODRIGUES', NULL, ' carlos.ferreira@skic.com', NULL, NULL, NULL, NULL, NULL, NULL, 2, '2021-10-20 13:37:05', 0, 0, 0, NULL, NULL, NULL),
	(2978, 1, NULL, NULL, NULL, NULL, NULL, NULL, 'EBERSON GUIMARAES CAPANEMA', NULL, 'eberson.guimaraes@skic.com', NULL, NULL, NULL, NULL, NULL, NULL, 2, '2021-10-20 13:38:59', 0, 0, 0, NULL, NULL, NULL),
	(2979, 1, NULL, NULL, NULL, NULL, NULL, NULL, 'VALTER SILVA SOARES', NULL, 'valter.silva@skic.com', NULL, NULL, NULL, NULL, NULL, NULL, 2, '2021-10-22 14:29:52', 0, 0, 0, NULL, NULL, NULL),
	(2980, 1, NULL, NULL, NULL, NULL, NULL, NULL, 'RODRIGO RODRIGUES DE JESUS', NULL, 'rodrigo.rodrigues@skic.com', NULL, NULL, NULL, NULL, NULL, NULL, 1, '2021-11-08 10:14:36', 0, 0, 0, NULL, NULL, NULL),
	(2981, 1, NULL, NULL, NULL, NULL, NULL, NULL, 'ANDERSON ANTONIO VIEIRA', NULL, 'anderson.vieira@skic.com', NULL, NULL, NULL, NULL, NULL, NULL, 2, '2021-12-13 11:39:25', 0, 0, 0, NULL, NULL, NULL),
	(2982, 1, NULL, NULL, NULL, NULL, NULL, NULL, 'VINICIUS SOUZA DE OLIVEIRA', NULL, 'vinicius.souza@skic.com', NULL, NULL, NULL, NULL, NULL, NULL, 2, '2022-01-10 15:57:04', 0, 0, 0, NULL, NULL, NULL),
	(2983, 1, NULL, NULL, NULL, NULL, NULL, NULL, 'ESLAN DE JESUS ANTUNES', NULL, 'eslan.antunes@skic.com', NULL, NULL, NULL, NULL, NULL, NULL, 2, '2022-01-11 10:28:37', 0, 0, 0, NULL, NULL, NULL),
	(2984, 1, NULL, NULL, NULL, NULL, NULL, NULL, 'ANDREZZA MAYARA DA SILVA MELO', NULL, 'andrezza.melo@skic.com', NULL, NULL, NULL, NULL, NULL, NULL, 1, '2022-02-23 13:49:21', 0, 0, 0, NULL, NULL, NULL),
	(2985, 1, NULL, NULL, NULL, NULL, NULL, NULL, 'ALEXANDRE GAMA CIOFFI', NULL, 'alexandre.gama@skic.com', NULL, NULL, NULL, NULL, NULL, NULL, 2, '2022-02-23 13:51:09', 0, 0, 0, NULL, NULL, NULL),
	(2986, 1, NULL, NULL, NULL, NULL, NULL, NULL, 'MARCO SUEL VICENTE DE LANDES', NULL, 'marco.vicente@skic.com', NULL, NULL, NULL, NULL, NULL, NULL, 2, '2022-02-23 16:25:44', 0, 0, 0, NULL, NULL, NULL),
	(2987, 1, NULL, NULL, NULL, NULL, NULL, NULL, 'DIEGO LIMA GOMES', NULL, 'diego.lima@skic.com', NULL, NULL, NULL, NULL, NULL, NULL, 1, '2022-03-09 16:35:14', 0, 0, 0, NULL, NULL, NULL),
	(2988, 1, NULL, NULL, NULL, NULL, NULL, NULL, 'DEBORA CANDIDO CORREIA', NULL, 'debora.correia@maxifrota.com.br>', NULL, NULL, NULL, NULL, NULL, NULL, 2, '2022-05-23 14:18:47', 0, 0, 0, NULL, NULL, NULL),
	(2989, 1, NULL, NULL, NULL, NULL, NULL, NULL, 'CARLOS MAGNO DOS SANTOS', NULL, 'carlos.dossantos@skic.com', NULL, NULL, NULL, NULL, NULL, NULL, 2, '2022-05-23 14:25:55', 0, 0, 0, NULL, NULL, NULL),
	(2990, 1, NULL, NULL, NULL, NULL, NULL, NULL, 'VITÓRIA KAROLINE CARVALHO DE SOUSA', NULL, 'vitoria.sousa@skic.com', NULL, NULL, NULL, NULL, NULL, NULL, 1, '2022-06-28 15:10:39', 0, 0, 0, NULL, NULL, NULL),
	(2991, 219, NULL, NULL, NULL, NULL, NULL, NULL, 'CRISTINA LARA ZANELLA', NULL, 'cristina.zanella@skic.com', NULL, NULL, NULL, NULL, NULL, NULL, 2, '2022-06-30 14:36:43', 0, 0, 0, NULL, NULL, NULL),
	(2992, 219, NULL, NULL, NULL, NULL, NULL, NULL, 'MARCIA CRISTINA PINTO DOS SANTOS', NULL, 'marcia.santos@skic.com', NULL, NULL, NULL, NULL, NULL, NULL, 1, '2022-07-11 17:02:37', 0, 0, 0, NULL, NULL, NULL),
	(2993, 219, NULL, NULL, NULL, NULL, NULL, NULL, 'CLEDJON JOSE DOS SANTOS', NULL, 'cledjon.dossantos@skic.com', NULL, NULL, NULL, NULL, NULL, NULL, 2, '2022-08-03 12:24:29', 0, 0, 0, NULL, NULL, NULL),
	(2994, 219, NULL, NULL, NULL, NULL, NULL, NULL, 'CLEDJON JOSE DOS SANTOS', NULL, 'cledjon.dossantos@skic.com', NULL, NULL, NULL, NULL, NULL, NULL, 2, '2022-08-03 12:29:49', 0, 0, 0, NULL, NULL, NULL),
	(2996, 219, NULL, NULL, NULL, NULL, NULL, NULL, 'IVAN FERREIRA ALVES', NULL, 'ivan.ferreira@skic.com', NULL, NULL, NULL, NULL, NULL, NULL, 2, '2022-09-08 16:20:08', 0, 0, 0, NULL, NULL, NULL),
	(2997, 219, NULL, NULL, NULL, NULL, NULL, NULL, 'GLEISER SOARES COSTA', NULL, 'gleiser.soares@skic.com', NULL, NULL, NULL, NULL, NULL, NULL, 2, '2022-09-09 11:43:11', 0, 0, 0, NULL, NULL, NULL),
	(2998, 219, NULL, NULL, NULL, NULL, NULL, NULL, 'ROLDAO GODOI DA ROSA', NULL, 'roldao.godoi@skic.com', NULL, NULL, NULL, NULL, NULL, NULL, 2, '2022-09-23 11:17:12', 0, 0, 0, NULL, NULL, NULL),
	(2999, 219, NULL, NULL, NULL, NULL, NULL, NULL, 'DIOGENES BATISTA MARQUES', NULL, 'diogenes.batista@skic.com', NULL, NULL, NULL, NULL, NULL, NULL, 2, '2022-09-28 10:06:55', 0, 0, 0, NULL, NULL, NULL),
	(3000, 219, NULL, NULL, NULL, NULL, NULL, NULL, 'JEAN CARLOS SIMAO MARGARIDA', NULL, 'jean.simao@skic.com', NULL, NULL, NULL, NULL, NULL, NULL, 1, '2022-10-18 09:07:40', 0, 0, 0, NULL, NULL, NULL),
	(3001, 219, NULL, NULL, NULL, NULL, NULL, NULL, 'PAULO AFONSO ANTUNES PEDROSA', NULL, 'paulo.pedrosa@skic.com', NULL, NULL, NULL, NULL, NULL, NULL, 1, '2022-11-07 09:45:53', 0, 0, 0, NULL, NULL, NULL),
	(3002, 219, NULL, NULL, NULL, NULL, NULL, NULL, 'JANARY SANTANA', NULL, 'janary.santana@skic.com', NULL, NULL, NULL, NULL, NULL, NULL, 1, '2022-11-16 11:45:04', 0, 0, 0, NULL, NULL, NULL),
	(3003, 219, NULL, NULL, NULL, NULL, NULL, NULL, 'SILMARA DOMINGOS', NULL, 'silmara.domingos@skic.com', NULL, NULL, NULL, NULL, NULL, NULL, 1, '2022-11-16 11:45:58', 0, 0, 0, NULL, NULL, NULL),
	(3004, 219, NULL, NULL, NULL, NULL, NULL, NULL, 'GLEYSON DE OLIVEIRA', NULL, 'gleyson.oliveira@skic.com', NULL, NULL, NULL, NULL, NULL, NULL, 2, '2022-11-16 11:46:53', 0, 0, 0, NULL, NULL, NULL),
	(3005, 219, NULL, NULL, NULL, NULL, NULL, NULL, 'CRISTIANO FONSECA DO NASCIMENTO', NULL, 'cristiano.fonseca@skic.com', NULL, NULL, NULL, NULL, NULL, NULL, 1, '2022-11-21 17:42:45', 0, 0, 0, NULL, NULL, NULL),
	(3006, 219, NULL, NULL, NULL, NULL, NULL, NULL, 'KRETELLY DA SILVA SOUSA', NULL, 'kretelly.sousa@skic.com', NULL, NULL, NULL, NULL, NULL, NULL, 1, '2022-12-22 07:34:23', 0, 0, 0, NULL, NULL, NULL),
	(3007, 219, NULL, NULL, NULL, NULL, NULL, NULL, 'CARLOS HENRIQUE BRAGA LEITE', NULL, 'carlos.braga@skic.com', NULL, NULL, NULL, NULL, NULL, NULL, 1, '2022-12-22 07:35:27', 0, 0, 0, NULL, NULL, NULL),
	(3008, 219, NULL, NULL, NULL, NULL, NULL, NULL, 'RAFAEL RODRIGUES BRAGA', NULL, 'rafael.rodrigues@skic.com', NULL, NULL, NULL, NULL, NULL, NULL, 2, '2023-01-10 15:55:55', 0, 0, 0, NULL, NULL, NULL),
	(3009, 219, NULL, NULL, NULL, NULL, NULL, NULL, 'CARLOS MAXIMILIANO DE SOUZA', NULL, 'carlos.souza@skic.com', NULL, NULL, NULL, NULL, NULL, NULL, 1, '2023-01-10 16:52:45', 0, 0, 0, NULL, NULL, NULL),
	(3010, 219, NULL, NULL, NULL, NULL, NULL, NULL, 'ADRIANO LINO DE SANTANA', NULL, 'adriano.desantana@skic.com', NULL, NULL, NULL, NULL, NULL, NULL, 1, '2023-01-26 13:39:51', 0, 0, 0, NULL, NULL, NULL),
	(3011, 219, NULL, NULL, NULL, NULL, NULL, NULL, 'MARIO DOS SANTOS SILVA', NULL, 'mario.silva@skic.com', NULL, NULL, NULL, NULL, NULL, NULL, 2, '2023-01-30 10:27:03', 0, 0, 0, NULL, NULL, NULL),
	(3012, 219, NULL, NULL, NULL, NULL, NULL, NULL, 'GILBERTO GOMES CHAVES', NULL, 'gilberto.gomes@skic.com', NULL, NULL, NULL, NULL, NULL, NULL, 1, '2023-03-15 10:36:41', 0, 0, 0, NULL, NULL, NULL),
	(3013, 219, NULL, NULL, NULL, NULL, NULL, NULL, 'DIOGO JOSE RODRIGUES', NULL, 'diogo.rodrigues@skic.com', NULL, NULL, NULL, NULL, NULL, NULL, 2, '2023-03-17 13:47:54', 0, 0, 0, NULL, NULL, NULL),
	(3014, 219, NULL, NULL, NULL, NULL, NULL, NULL, 'ALINE RODRIGUES SOUZA', NULL, 'aline.rodrigues@skic.com', NULL, NULL, NULL, NULL, NULL, NULL, 1, '2023-03-28 09:40:02', 0, 0, 0, NULL, NULL, NULL),
	(3015, 219, NULL, NULL, NULL, NULL, NULL, NULL, 'DANILO BERDOLDI', NULL, 'danilo.berdoldi@skic.com', NULL, NULL, NULL, NULL, NULL, NULL, 1, '2023-03-30 12:00:51', 0, 0, 0, NULL, NULL, NULL),
	(3016, 219, NULL, NULL, NULL, NULL, NULL, NULL, 'ROMARIO FEITOSA DOS SANTOS', NULL, 'romario.feitosa@skic.com', NULL, NULL, NULL, NULL, NULL, NULL, 1, '2023-05-23 14:48:39', 0, 0, 0, NULL, NULL, NULL),
	(3017, 219, NULL, NULL, NULL, NULL, NULL, NULL, 'FABIO HENRIQUE RODRIGUES DA SILVA', NULL, 'fabio.rodrigues@skic.com', NULL, NULL, NULL, NULL, NULL, NULL, 1, '2023-06-05 15:03:46', 0, 0, 0, NULL, NULL, NULL),
	(3018, 219, NULL, NULL, NULL, NULL, NULL, NULL, 'CAMILA GONÇALVES DOS SANTOS', NULL, 'camila.goncalves@skic.com', NULL, NULL, NULL, NULL, NULL, NULL, 2, '2023-06-14 07:43:16', 0, 0, 0, NULL, NULL, NULL),
	(3019, 1, NULL, NULL, NULL, NULL, NULL, NULL, 'DANIEL ROCHA SOBRINHO', NULL, 'daniel.rocha@skic.com', NULL, NULL, NULL, NULL, NULL, NULL, 2, '2023-06-22 10:28:04', 0, 0, 0, NULL, NULL, NULL),
	(3020, 1, NULL, NULL, NULL, NULL, NULL, NULL, 'YARGO SOARES SANTOS', NULL, 'yargo.soares@skic.com', NULL, NULL, NULL, NULL, NULL, NULL, 1, '2023-06-28 16:12:10', 0, 0, 0, NULL, NULL, NULL),
	(3021, 219, NULL, NULL, NULL, NULL, NULL, NULL, 'ARNALDO RIBEIRO DOS SANTOS ', NULL, 'arnaldo.ribeiro@skic.com', NULL, NULL, NULL, NULL, NULL, NULL, 1, '2023-07-10 10:38:54', 0, 0, 0, NULL, NULL, NULL),
	(3022, 219, NULL, NULL, NULL, NULL, NULL, NULL, 'LUIZ MARTINS SILVEIRA JUNIOR', NULL, 'luiz.martins@skic.com', NULL, NULL, NULL, NULL, NULL, NULL, 2, '2023-07-26 16:00:21', 0, 0, 0, NULL, NULL, NULL),
	(3023, 219, NULL, NULL, NULL, NULL, NULL, NULL, 'MARCO GUERRERO', NULL, 'marco.guerrero@skic.com', NULL, NULL, NULL, NULL, NULL, NULL, 1, '2023-08-11 14:34:09', 0, 0, 0, NULL, NULL, NULL),
	(3024, 219, NULL, NULL, NULL, NULL, NULL, NULL, 'ANGELO RECLA JUNIOR', NULL, 'angelo.recla@skic.com', NULL, NULL, NULL, NULL, NULL, NULL, 1, '2023-08-31 09:38:39', 0, 0, 0, NULL, NULL, NULL),
	(3025, 219, NULL, NULL, NULL, NULL, NULL, NULL, 'EZEQUIEL PEREIRA ANTUNES', NULL, 'ezequiel.pereira@skic.com', NULL, NULL, NULL, NULL, NULL, NULL, 1, '2023-09-14 07:29:17', 0, 0, 0, NULL, NULL, NULL),
	(3026, 219, NULL, NULL, NULL, NULL, NULL, NULL, 'FERNÃO LENARDUZZI MACHADO', NULL, 'fernao.lenarduzzi@skic.com', NULL, NULL, NULL, NULL, NULL, NULL, 1, '2023-09-15 10:52:05', 0, 0, 0, NULL, NULL, NULL),
	(3027, 219, NULL, NULL, NULL, NULL, NULL, NULL, 'DANIELLE SALOMÃO JOSÉ', NULL, 'danielle.salomao@externos.skic.com', NULL, NULL, NULL, NULL, NULL, NULL, 1, '2023-09-27 12:04:35', 0, 0, 0, NULL, NULL, NULL),
	(3028, 219, NULL, NULL, NULL, NULL, NULL, NULL, 'GEORGE VIANA BARRETTO', NULL, 'george.viana@skic.com', NULL, NULL, NULL, NULL, NULL, NULL, 1, '2023-09-29 17:09:06', 0, 0, 0, NULL, NULL, NULL),
	(3029, 219, NULL, NULL, NULL, NULL, NULL, NULL, 'ANDERSON LIMA MENDONÇA', NULL, 'anderson.mendonca@skic.com', NULL, NULL, NULL, NULL, NULL, NULL, 1, '2023-10-17 15:28:03', 0, 0, 0, NULL, NULL, NULL),
	(3030, 219, NULL, NULL, NULL, NULL, NULL, NULL, 'THALES RAMALHO ALVES PEREIRA', NULL, 'thales.ramalho@skic.com', NULL, NULL, NULL, NULL, NULL, NULL, 1, '2023-10-26 15:25:51', 0, 0, 0, NULL, NULL, NULL),
	(3031, 1, NULL, NULL, NULL, NULL, NULL, NULL, 'FELIPE TEIXEIRA DANTAS', NULL, 'felipe.dantas@skic.com', NULL, NULL, NULL, NULL, NULL, NULL, 1, '2023-11-18 09:25:05', 0, 0, 0, NULL, NULL, NULL),
	(3032, 219, NULL, NULL, NULL, NULL, NULL, NULL, 'MATHEUS ALVES DE SOUSA', NULL, 'matheus.alves@skic.com', NULL, NULL, NULL, NULL, NULL, NULL, 1, '2023-11-29 16:11:12', 0, 0, 0, NULL, NULL, NULL),
	(3033, 219, NULL, NULL, NULL, NULL, NULL, NULL, 'HENRIQUE GONÇALVES', NULL, 'henrique.goncalves@skic.com', NULL, NULL, NULL, NULL, NULL, NULL, 1, '2023-12-12 08:58:16', 0, 0, 0, NULL, NULL, NULL),
	(3034, 219, NULL, NULL, NULL, NULL, NULL, NULL, 'MARCELO INACIO DIAS', NULL, 'marcelo.dias@skic.com', NULL, NULL, NULL, NULL, NULL, NULL, 1, '2023-12-28 10:01:57', 0, 0, 0, NULL, NULL, NULL),
	(3035, 219, NULL, NULL, NULL, NULL, NULL, NULL, 'ERICO FABIANO SANTOS CHAVES', NULL, 'erico.santos@skic.com', NULL, NULL, NULL, NULL, NULL, NULL, 1, '2024-01-15 09:17:48', 0, 0, 0, NULL, NULL, NULL),
	(3036, 219, NULL, NULL, NULL, NULL, NULL, NULL, 'CHARLES PEREIRA DE OLIVEIRA', NULL, 'charles.oliveira@skic.com', NULL, NULL, NULL, NULL, NULL, NULL, 1, '2024-01-23 10:55:07', 0, 0, 0, NULL, NULL, NULL),
	(3037, 219, NULL, NULL, NULL, NULL, NULL, NULL, 'MARIA CECILIA DIAS DOS SANTOS', NULL, 'maria.dias@skic.com', NULL, NULL, NULL, NULL, NULL, NULL, 1, '2024-01-23 14:56:33', 0, 0, 0, NULL, NULL, NULL),
	(3038, 219, NULL, NULL, NULL, NULL, NULL, NULL, 'ANTONINO TEIXEIRA PINTO', NULL, 'antonino.teixeira@skic.com', NULL, NULL, NULL, NULL, NULL, NULL, 1, '2024-02-06 13:30:39', 0, 0, 0, NULL, NULL, NULL),
	(3039, 219, NULL, NULL, NULL, NULL, NULL, NULL, 'WANER HUBERT', NULL, 'whubert.wh@skic.com', NULL, NULL, NULL, NULL, NULL, NULL, 1, '2024-04-05 09:06:23', 0, 0, 0, NULL, NULL, NULL),
	(3040, 219, NULL, NULL, NULL, NULL, NULL, NULL, 'ANDERSON ARAUJO DOS SANTOS', NULL, 'anderson.araujo@skic.com', NULL, NULL, NULL, NULL, NULL, NULL, 1, '2024-04-08 09:09:59', 0, 0, 0, NULL, NULL, NULL),
	(3041, 219, NULL, NULL, NULL, NULL, NULL, NULL, 'WESLEY OLIVEIRA FELICIANO', NULL, 'wesley.oliveira@skic.com', NULL, NULL, NULL, NULL, NULL, NULL, 1, '2024-04-22 09:53:18', 0, 0, 0, NULL, NULL, NULL),
	(3042, 219, NULL, NULL, NULL, NULL, NULL, NULL, 'PATRICK DAMIAO DE FREITAS PEREIRA', NULL, 'patrick.freitas@skic.com', NULL, NULL, NULL, NULL, NULL, NULL, 1, '2024-05-15 08:00:38', 0, 0, 0, NULL, NULL, NULL),
	(3043, 219, NULL, NULL, NULL, NULL, NULL, NULL, 'JIVALDO LIMA PINTO FILHO', NULL, 'jivaldo.lima@skic.com', NULL, NULL, NULL, NULL, NULL, NULL, 1, '2024-05-27 15:15:58', 0, 0, 0, NULL, NULL, NULL);
/*!40000 ALTER TABLE `persons` ENABLE KEYS */;

-- Copiando estrutura para tabela toll_db.projects
CREATE TABLE IF NOT EXISTS `projects` (
  `id` int(11) NOT NULL AUTO_INCREMENT,
  `client_id` int(11) DEFAULT NULL,
  `trade_id` int(11) unsigned DEFAULT NULL,
  `code` varchar(20) DEFAULT NULL,
  `contract_number` varchar(30) DEFAULT NULL,
  `signature_date` date DEFAULT NULL,
  `coi` varchar(30) DEFAULT NULL,
  `licence` varchar(30) DEFAULT NULL,
  `name` varchar(120) DEFAULT NULL,
  `project_manager` varchar(50) DEFAULT NULL,
  `start_date` date DEFAULT NULL,
  `contract_value` decimal(12,2) DEFAULT NULL,
  `finish_date` date DEFAULT NULL,
  `street` varchar(80) DEFAULT NULL,
  `city` varchar(50) DEFAULT NULL,
  `state` varchar(50) DEFAULT NULL,
  `country` varchar(50) DEFAULT NULL,
  `zip_code` varchar(20) DEFAULT NULL,
  `is_activated` int(11) DEFAULT '1',
  `created_at` timestamp NULL DEFAULT CURRENT_TIMESTAMP,
  `updated_at` timestamp NULL DEFAULT NULL,
  `deleted_at` timestamp NULL DEFAULT NULL,
  PRIMARY KEY (`id`),
  KEY `client_id_fk123x` (`client_id`),
  KEY `trade_id_fk100` (`trade_id`),
  CONSTRAINT `client_id_fk123x` FOREIGN KEY (`client_id`) REFERENCES `clients` (`id`),
  CONSTRAINT `trade_id_fk100` FOREIGN KEY (`trade_id`) REFERENCES `trades` (`id`)
) ENGINE=InnoDB AUTO_INCREMENT=43 DEFAULT CHARSET=utf8;

-- Copiando dados para a tabela toll_db.projects: ~3 rows (aproximadamente)
/*!40000 ALTER TABLE `projects` DISABLE KEYS */;
INSERT INTO `projects` (`id`, `client_id`, `trade_id`, `code`, `contract_number`, `signature_date`, `coi`, `licence`, `name`, `project_manager`, `start_date`, `contract_value`, `finish_date`, `street`, `city`, `state`, `country`, `zip_code`, `is_activated`, `created_at`, `updated_at`, `deleted_at`) VALUES
	(40, 8, 1, '0011', '6456789', '2024-12-02', NULL, NULL, 'PROJECT XXXX', 'JOHN BUIUD', '2024-12-03', 1000000000.00, '2026-10-15', '99 VIEW STREE', 'MIAMI', 'FLORIDA', 'EUA', '11553213', 1, '2024-12-19 18:08:44', '2024-12-23 17:13:05', NULL),
	(41, 2, 7, '0022', '887788', '2023-12-04', NULL, NULL, 'PROJECT NAME YYYY', 'MICHAEL RIBS', '1970-10-16', 1000000000.00, '2025-01-08', '80 ST', 'JUREIA', 'NEW YORK', 'EUA', '135', 1, '2024-12-19 19:19:12', '2024-12-23 17:13:16', NULL),
	(42, 13, 3, 'AMERCICA0123', '999999', '2024-12-20', NULL, NULL, 'PROJECT OMEGA TESTE', 'ANTONY FALCON', '2025-01-01', 165485.00, '2026-01-01', 'RUA ERMELINDA C PENHA, 19', 'VILA VELHA', 'ES', 'BRASIL', '29105-260', 1, '2024-12-20 12:27:55', '2024-12-21 12:23:56', NULL);
/*!40000 ALTER TABLE `projects` ENABLE KEYS */;

-- Copiando estrutura para tabela toll_db.rfis
CREATE TABLE IF NOT EXISTS `rfis` (
  `id` int(11) unsigned NOT NULL AUTO_INCREMENT,
  `project_id` int(11) NOT NULL,
  `received_from` int(11) DEFAULT NULL,
  `reference` text,
  `rfi_date` date NOT NULL,
  `cost_impact` int(11) unsigned DEFAULT NULL,
  `schedule_impact` int(11) unsigned DEFAULT NULL,
  `status` int(11) DEFAULT '1',
  `is_activated` int(11) DEFAULT '1',
  `created_at` timestamp NULL DEFAULT CURRENT_TIMESTAMP,
  `updated_at` timestamp NULL DEFAULT NULL,
  `deleted_at` timestamp NULL DEFAULT NULL,
  PRIMARY KEY (`id`),
  KEY `project_id_fkrfi` (`project_id`),
  CONSTRAINT `project_id_fkrfi` FOREIGN KEY (`project_id`) REFERENCES `projects` (`id`)
) ENGINE=InnoDB AUTO_INCREMENT=3 DEFAULT CHARSET=latin1;

-- Copiando dados para a tabela toll_db.rfis: ~0 rows (aproximadamente)
/*!40000 ALTER TABLE `rfis` DISABLE KEYS */;
INSERT INTO `rfis` (`id`, `project_id`, `received_from`, `reference`, `rfi_date`, `cost_impact`, `schedule_impact`, `status`, `is_activated`, `created_at`, `updated_at`, `deleted_at`) VALUES
	(1, 40, 3, 'Lorem Ipsum is simply dummy text of the printing and typesetting industry. Lorem Ipsum has been the industry\'s standard dummy text ever since the 1500s, when an unknown printer took a galley of type and scrambled', '2025-01-20', NULL, NULL, 1, 1, '2025-01-23 18:16:42', NULL, NULL),
	(2, 40, 3, 'when an unknown printer took a galley of type and scrambled', '2025-01-23', NULL, NULL, 1, 1, '2025-01-23 18:16:42', NULL, NULL);
/*!40000 ALTER TABLE `rfis` ENABLE KEYS */;

-- Copiando estrutura para tabela toll_db.rfi_overviews
CREATE TABLE IF NOT EXISTS `rfi_overviews` (
  `id` int(11) unsigned NOT NULL AUTO_INCREMENT,
  `rfi_id` int(11) unsigned DEFAULT NULL,
  `user_id` bigint(20) unsigned DEFAULT NULL,
  `question` text,
  `sugestion` text,
  `client_answear` text,
  `deadline` date DEFAULT NULL,
  `created_at` timestamp NULL DEFAULT CURRENT_TIMESTAMP,
  `updated_at` timestamp NULL DEFAULT NULL,
  `deleted_at` timestamp NULL DEFAULT NULL,
  PRIMARY KEY (`id`),
  KEY `rfi_id` (`rfi_id`),
  KEY `user_id_fkmotov` (`user_id`),
  CONSTRAINT `rfi_id` FOREIGN KEY (`rfi_id`) REFERENCES `rfis` (`id`),
  CONSTRAINT `user_id_fkmotov` FOREIGN KEY (`user_id`) REFERENCES `users` (`id`)
) ENGINE=InnoDB DEFAULT CHARSET=latin1;

-- Copiando dados para a tabela toll_db.rfi_overviews: ~0 rows (aproximadamente)
/*!40000 ALTER TABLE `rfi_overviews` DISABLE KEYS */;
/*!40000 ALTER TABLE `rfi_overviews` ENABLE KEYS */;

-- Copiando estrutura para tabela toll_db.service_items
CREATE TABLE IF NOT EXISTS `service_items` (
  `id` int(11) unsigned NOT NULL AUTO_INCREMENT,
  `user_id` bigint(20) unsigned DEFAULT NULL,
  `pco_id` int(11) unsigned DEFAULT NULL,
  `level_01` int(11) DEFAULT NULL,
  `level_02` int(11) DEFAULT NULL,
  `identification_level` int(11) unsigned DEFAULT NULL,
  `item_number` varchar(20) DEFAULT NULL,
  `item_description` varchar(120) DEFAULT NULL,
  `item_cost` decimal(12,2) DEFAULT '0.00',
  `is_activated` int(11) DEFAULT '1',
  `created_at` timestamp NULL DEFAULT CURRENT_TIMESTAMP,
  `updated_at` timestamp NULL DEFAULT NULL,
  `deleted_at` timestamp NULL DEFAULT NULL,
  PRIMARY KEY (`id`),
  KEY `pco_id_fkpc` (`pco_id`),
  KEY `user_id_fkpco1` (`user_id`),
  CONSTRAINT `pco_id_fkpc` FOREIGN KEY (`pco_id`) REFERENCES `pcos` (`id`),
  CONSTRAINT `user_id_fkpco1` FOREIGN KEY (`user_id`) REFERENCES `users` (`id`)
) ENGINE=InnoDB AUTO_INCREMENT=125 DEFAULT CHARSET=latin1;

-- Copiando dados para a tabela toll_db.service_items: ~12 rows (aproximadamente)
/*!40000 ALTER TABLE `service_items` DISABLE KEYS */;
INSERT INTO `service_items` (`id`, `user_id`, `pco_id`, `level_01`, `level_02`, `identification_level`, `item_number`, `item_description`, `item_cost`, `is_activated`, `created_at`, `updated_at`, `deleted_at`) VALUES
	(106, 1, NULL, 1, 0, 1, '001000', 'EXTENDING THE WALL OF ELECTRICAL CLOSET B10 TESTE', 0.00, 1, '2025-01-15 12:34:48', '2025-01-22 19:29:59', NULL),
	(107, 1, NULL, 1, 1, 2, '001001', 'MATERIAL PROCUREMENT AND LAYOUT', 370.00, 1, '2025-01-15 12:35:06', '2025-01-23 19:50:11', NULL),
	(108, 1, NULL, 1, 2, 2, '001002', 'EXTENDING THE WALL FRAME IN THE B10 ELECTRICAL CLOSET - WALL TYPE 5D', 800.00, 1, '2025-01-15 12:35:27', '2025-01-24 00:26:00', NULL),
	(109, 1, NULL, 1, 3, 2, '001003', 'INSTALLATION OF DRYWALL.', 0.00, 1, '2025-01-15 12:35:45', '2025-01-23 22:38:13', NULL),
	(110, 1, NULL, 1, 4, 2, '001004', 'FINISH AND TAPE LEVEL 4', 960.00, 1, '2025-01-15 12:35:59', '2025-01-24 00:22:30', NULL),
	(111, 1, NULL, 1, 5, 2, '001005', 'CLEAN UP', 910.00, 1, '2025-01-15 12:36:19', '2025-01-23 23:00:07', NULL),
	(112, 1, NULL, 2, 0, 1, '002000', 'PERIMETER WALL CHANGES', 0.00, 1, '2025-01-15 12:37:07', '2025-01-15 12:37:07', NULL),
	(113, 1, NULL, 2, 1, 2, '002001', 'MATERIAL PROCUREMENT', 0.00, 1, '2025-01-15 12:38:11', '2025-01-15 12:38:11', NULL),
	(114, 1, NULL, 2, 2, 2, '002002', 'LAYOUT AND PROPER INSTALLATION OF SHIMMING CORRECT UNEVEN SURFACE OF FOUNDATION ENSURING SMOOTH TRANSITION', 0.00, 1, '2025-01-15 12:38:39', '2025-01-15 12:38:39', NULL),
	(115, 1, NULL, 2, 3, 2, '002003', 'INSTALLATION OF NEW Z-GIRT TO SECURE THE 1" RIGID INSULATION', 0.00, 1, '2025-01-15 12:39:01', '2025-01-15 12:39:01', NULL),
	(116, 1, NULL, 4, 0, 1, '004000', 'DESCONTO AQUI', 0.00, 1, '2025-01-15 12:39:51', '2025-01-17 02:11:21', NULL);
/*!40000 ALTER TABLE `service_items` ENABLE KEYS */;

-- Copiando estrutura para tabela toll_db.supplyers
CREATE TABLE IF NOT EXISTS `supplyers` (
  `id` int(10) unsigned NOT NULL AUTO_INCREMENT,
  `name` varchar(80) DEFAULT NULL,
  `is_activated` int(10) unsigned DEFAULT '1',
  `user_id_deleted` int(11) DEFAULT NULL,
  `document_number` varchar(18) DEFAULT NULL,
  `fantasy_name` varchar(80) DEFAULT NULL,
  `created_at` timestamp NULL DEFAULT CURRENT_TIMESTAMP,
  `updated_at` timestamp NULL DEFAULT NULL,
  `deleted_at` timestamp NULL DEFAULT NULL,
  PRIMARY KEY (`id`),
  KEY `cd_usuar_exc_fkx4` (`user_id_deleted`),
  CONSTRAINT `cd_usuar_exc_fkx4` FOREIGN KEY (`user_id_deleted`) REFERENCES `tbl_usuar` (`cd_usuar`)
) ENGINE=InnoDB AUTO_INCREMENT=479 DEFAULT CHARSET=utf8;

-- Copiando dados para a tabela toll_db.supplyers: ~395 rows (aproximadamente)
/*!40000 ALTER TABLE `supplyers` DISABLE KEYS */;
INSERT INTO `supplyers` (`id`, `name`, `is_activated`, `user_id_deleted`, `document_number`, `fantasy_name`, `created_at`, `updated_at`, `deleted_at`) VALUES
	(29, 'DACAR SERVIÇOS LTDA', 1, NULL, '34.613.273/0001-23', 'DACAR SERVICOS CAR', '2024-06-11 08:58:47', NULL, NULL),
	(30, 'S.R. LOCH LOCAÇÕES E SERVIÇOS LTDA-ME', 1, NULL, '15.320.165/0001-18', 'S R LOCH LOCACOES E SERVICOS - ME', '2024-06-11 08:58:47', NULL, NULL),
	(31, 'REAL CAR LOCAÇÕES E SERVIÇOS LTDA-ME', 1, NULL, '12.442.821/0001-67', 'REAL CAR LOCADORA DE VEICULOS', '2024-06-11 08:58:47', NULL, NULL),
	(32, 'FC GUINCHOS EIRL-ME', 1, NULL, '27.763.698/0001-53', 'FC GUINCHOS', '2024-06-11 08:58:47', NULL, NULL),
	(34, 'MOVIDA LOCAÇÃO DE VEICULOS S.A', 1, NULL, '07.976.147/0022-95', 'MOVIDA RENT A CAR', '2024-06-11 08:58:47', NULL, NULL),
	(35, 'ALUMINI ENGENHARIA', 1, NULL, '58.580.465/0043-06', 'ALUMINI ENGENHARIA S.A.', '2024-06-11 08:58:47', NULL, NULL),
	(36, 'J.F INÁCIO LOCAÇÕES DE VEÍCULOS - ME', 1, NULL, '17.827.897/0001-24', 'J C A LOCAÇÕES DE VEICULOS ', '2024-06-11 08:58:47', NULL, NULL),
	(37, 'TOPLINE', 1, NULL, '06.330.812/0001-81', 'TOP LINE - LOCADORA DE VEICULOS LTDA', '2024-06-11 08:58:47', NULL, NULL),
	(38, 'CAR RENTAL SYS DO B LOC DE VEICULOS', 0, 219, NULL, NULL, '2024-06-11 08:58:47', NULL, NULL),
	(39, 'LOCA WOLLF LOCAÇÕES DE VEICULOS E EQUIP.', 1, NULL, '16.857.284/0001-77', 'LOCA WOLFF LOCACOES DE VEICULOS E EQUIP', '2024-06-11 08:58:47', NULL, NULL),
	(40, 'MARCUS ANTONIO RIBEIRO DE CASTRO ME', 1, NULL, '01.685.492/0001-69', 'BAR E RESTAURANTE BEIRA RIO', '2024-06-11 08:58:47', NULL, NULL),
	(41, 'ALMEIDA BRAGA LOCAÇÕES E TRANSPORTES LTDA', 1, NULL, '16.622.034/0001-58', 'UNIFORTE LOCAÇÕES', '2024-06-11 08:58:47', NULL, NULL),
	(42, 'MARIA DA CONCEIÇÃO MENDONÇA', 0, 219, NULL, NULL, '2024-06-11 08:58:47', NULL, NULL),
	(44, 'V. POMPILHO SERVIÇOS - ME', 1, NULL, '23.883.740/0001-19', 'AUTO SOCORRO POMPILHO', '2024-06-11 08:58:47', NULL, NULL),
	(45, 'COOPGRANEIS TRANSPORTES', 1, NULL, '24.713.063/0001-53', 'CONSORCIO ALUMINI-ICSK-FJEPC', '2024-06-11 08:58:47', NULL, NULL),
	(47, 'DESTAQUE CONSTRUTORA', 1, NULL, '01.226.482/0001-65', 'CASIMIRO SERVIÇOS', '2024-06-11 08:58:47', NULL, NULL),
	(48, 'GONTIJO LOCAÇÕES DE VEÍCULOS', 1, NULL, '23.217.902/0001-80', 'GONTIJO LOCAÇÕES DE VEICULOS', '2024-06-11 08:58:47', NULL, NULL),
	(49, 'PARANÁ EQUIPAMENTOS', 1, NULL, '23.635.392/0001-60', 'PARANA EQUIPAMENTOS E TRANSPORTES', '2024-06-11 08:58:47', NULL, NULL),
	(50, 'VOLCAN', 1, NULL, '10.334.101/0001-52', 'VOLCAN', '2024-06-11 08:58:47', NULL, NULL),
	(51, 'AL INCORPORAÇÕES E PARTICIPAÇÕES LTDA', 1, NULL, '07.960.913/0001-07', 'SOLLO CONSTRUCOES', '2024-06-11 08:58:47', NULL, NULL),
	(52, 'G DA CUNHA', 0, 219, NULL, NULL, '2024-06-11 08:58:47', NULL, NULL),
	(53, 'MARIANA', 0, 219, NULL, NULL, '2024-06-11 08:58:47', NULL, NULL),
	(54, 'MT GUINDASTES', 1, NULL, '09.647.950/0001-87', 'MT GUINDASTES E GUINCHOS', '2024-06-11 08:58:47', NULL, NULL),
	(55, 'G.OCCI TRANSPORTES', 0, 219, NULL, NULL, '2024-06-11 08:58:47', NULL, NULL),
	(56, 'LINEA LOCAÇÕES E SERVIÇOS LTDA - ME', 1, NULL, '21.023.420/0001-63', 'LINEA LOCACOES E SERVICOS LTDA', '2024-06-11 08:58:47', NULL, NULL),
	(58, 'W BAUER SERVIÇOS E LOCAÇÕES LTDA ME', 1, NULL, '01.525.247/0001-94', 'WBAUER SERVIÇOS E LOC. CONSULT E ASSESSORIA', '2024-06-11 08:58:47', NULL, NULL),
	(60, 'ZM TRANSPORTES LTDA', 1, NULL, '28.173.592/0001-62', 'ZM TRANSPORTES', '2024-06-11 08:58:47', NULL, NULL),
	(61, 'GEOLOGUS', 1, NULL, '30.017.321/0001-60', 'GEOLOGUS ENGENHARIA LTDA', '2024-06-11 08:58:47', NULL, NULL),
	(62, 'GCS LOCAÇÕES', 0, 219, NULL, NULL, '2024-06-11 08:58:47', NULL, NULL),
	(63, 'CALIBRI LOCADORA', 1, NULL, '27.980.564/0001-94', 'CALIBRI', '2024-06-11 08:58:47', NULL, NULL),
	(64, 'ZORTRAN LOCAÇÕES E SERVIÇOS LTDA', 1, NULL, '02.598.140/0001-39', 'ZORTRAN LOCACOES E SERVICOS LTDA', '2024-06-11 08:58:47', NULL, NULL),
	(65, 'GALPER ENGENHARIA LTDA', 1, NULL, '05.754.360/0001-00', 'GP LOCAÇÕES & SERVIÇOS', '2024-06-11 08:58:47', NULL, NULL),
	(66, 'M2GUINDASTE', 1, NULL, '17.659.663/0001-15', 'M2 GUINDASTES', '2024-06-11 08:58:47', NULL, NULL),
	(68, 'CALIBRI LOCADORA LTDA.', 0, 84, NULL, NULL, '2024-06-11 08:58:47', NULL, NULL),
	(69, 'FUNERÁRIA CAMPOS ALTOS - ME', 1, NULL, '65.233.413/0001-61', 'MINAS PAX', '2024-06-11 08:58:47', NULL, NULL),
	(70, 'THARA LOCAÇAO MUNK LTDA - ME', 1, NULL, '04.937.853/0001-05', 'THARA, MONTAGENS LTDA', '2024-06-11 08:58:47', NULL, NULL),
	(71, 'CONSTRUTORA DEBS PROCÓPIO LTDA', 1, NULL, '24.406.583/0001-13', 'DEBS PROCOPIO FUNDAÇÕES TERRAPLANAGEM  GEOTECNIA', '2024-06-11 08:58:47', NULL, NULL),
	(72, 'METALURGICA CELEIRO', 1, NULL, '32.981.557/0001-47', 'CELEIRO METALURGICA E CONSTRUTORA LTDA.', '2024-06-11 08:58:47', NULL, NULL),
	(74, 'RETRONORTE TERRAPLANAGENS', 1, NULL, '19.344.287/0001-03', 'RETRONORTE', '2024-06-11 08:58:47', NULL, NULL),
	(75, 'G ALMEIDA CONSTRUÇÕES GERAIS LTDA.', 1, NULL, '10.776.137/0001-96', 'G ALMEIDA CONSTRUTORA', '2024-06-11 08:58:47', NULL, NULL),
	(76, 'AMAZONAS LOCAÇÕES DE EQUIPAMENTOS', 1, NULL, '10.778.254/0001-99', 'AMAZONAS LOCAÇÕES', '2024-06-11 08:58:47', NULL, NULL),
	(78, 'LOBA LOCAÇÕES LTDA', 1, NULL, '20.437.123/0001-00', 'LOBA LOCAÇÕES', '2024-06-11 08:58:47', NULL, NULL),
	(80, 'CRS LOCAÇÕES DE VEÍCULOS', 1, NULL, '28.373.865/0001-12', 'CRS LOCAÇÕES DE VEÍCULOS', '2024-06-11 08:58:47', NULL, NULL),
	(81, 'CCB TRANSPORTE, LOCAÇÕES E PRESTADORA DE SERVIÇOS', 1, NULL, '06.207.737/0001-66', 'CCB TRANSPORTE & PRESTADORA DE SERVIÇOS', '2024-06-11 08:58:47', NULL, NULL),
	(82, 'ELETRO 3', 1, NULL, '08.153.986/0001-41', 'ELETRO TRES', '2024-06-11 08:58:47', NULL, NULL),
	(83, 'ATHENAS LOCAÇOES SERVIÇOS EPP', 0, 219, NULL, NULL, '2024-06-11 08:58:47', NULL, NULL),
	(85, 'FILIPE BUCKMAYER WOLFF ME', 1, NULL, '14.555.675/0001-01', 'WOLFF LOCAÇÕES DE VEICULOS E EQUIPAMENTOS', '2024-06-11 08:58:47', NULL, NULL),
	(88, 'QUADRI LOCAÇOES', 0, 219, NULL, NULL, '2024-06-11 08:58:47', NULL, NULL),
	(89, 'RH SILVA APOIO ADMINISTRATIVO', 1, NULL, '11.083.473/0001-16', 'RHSILVA APOIO ADMINISTRATIVO LTDA - ME', '2024-06-11 08:58:47', NULL, NULL),
	(91, 'SAFAMA LOCAÇÃO DE MAQUINAS E EQUIPAMENTOS LTDA-EPP', 1, NULL, '13.193.973/0001-36', 'SAFAMA LOCAÇÃO DE MAQUINAS E EQUIPAMENTOS LTDA- EPP ', '2024-06-11 08:58:47', NULL, NULL),
	(92, 'SOLIDEZ TRANSPORTE LTDA', 1, NULL, '08.768.230/0001-07', 'SOLIDEZ TRANSPORTES LTDA ', '2024-06-11 08:58:47', NULL, NULL),
	(93, 'M&M DE JESUS EMPREENDIMENTOS EIRELI - EPP', 1, NULL, '27.652.284/0001-57', 'M & M DE JESUS EMPREENDIMENTOS', '2024-06-11 08:58:47', NULL, NULL),
	(94, 'TOYOTOCA LOCAÇÕES LTDA', 1, NULL, '31.246.042/0001-30', 'TOYOTOCA TRANSPORTES DE PASSAGEIROS E SERVICOS EIRELLE', '2024-06-11 08:58:47', NULL, NULL),
	(95, 'M GOMES FERNANDES EIRELI', 1, NULL, '17.931.613/0001-45', 'CONCRE-LOC CONCRETAGEM E LOCAÇÕES', '2024-06-11 08:58:47', NULL, NULL),
	(96, 'AGROPECUÁRIA CAJUEIRO EIRELLI - EPP', 0, 1, '18.070.080/0001-17', NULL, '2024-06-11 08:58:47', NULL, NULL),
	(97, '2000 LOCAÇÕES LTDA', 0, 219, NULL, NULL, '2024-06-11 08:58:47', NULL, NULL),
	(98, 'ESPERANÇA LOCAÇÕES LTDA', 0, 219, NULL, NULL, '2024-06-11 08:58:47', NULL, NULL),
	(99, 'COMERCIAL SANTA RITA E COSTA LTDA-ME', 1, NULL, '42.968.586/0001-22', 'COMERCIAL SANTA RITA E COSTA LTDA', '2024-06-11 08:58:47', NULL, NULL),
	(100, 'AGNOLIM TERRAPLANAGEM - ME LTDA', 0, 219, NULL, NULL, '2024-06-11 08:58:47', NULL, NULL),
	(101, 'SOLUTION LOCADORA', 1, NULL, '28.007.901/0001-24', 'SOLUTION LOCADORA', '2024-06-11 08:58:47', NULL, NULL),
	(102, 'LUANDA LOCAÇÕES LTDA', 0, 219, NULL, NULL, '2024-06-11 08:58:47', NULL, NULL),
	(103, 'TOYOFROTA LOCAÇÕES LTDA', 1, NULL, '15.219.948/0001-00', 'TOYOFROTA', '2024-06-11 08:58:47', NULL, NULL),
	(104, 'FORTEGAS LOCAÇÕES LTDA', 1, NULL, '13.448.795/0001-47', 'FORTEGÁS', '2024-06-11 08:58:47', NULL, NULL),
	(105, 'TOYOPRATA LOCAÇÕES LTDA - ME', 1, NULL, '20.280.380/0001-72', 'TOYOPRATA LOCACAO LTDA', '2024-06-11 08:58:47', NULL, NULL),
	(106, 'ALMEIDA E SANTANA LOCAÇÕES LTDA', 1, NULL, '83.835.744/0001-53', 'REGIONAL EMPREENDIMENTOS', '2024-06-11 08:58:47', NULL, NULL),
	(107, 'LUMAK LOCAÇÕES LTDA', 1, NULL, '16.571.513/0001-92', 'LUMAK', '2024-06-11 08:58:47', NULL, NULL),
	(114, 'CJ INDUSTRIA COMERCIO E PRESTADOR DE SERVIÇOS LTDA- ME', 1, NULL, '05.561.474/0001-26', 'CJ CONSTRUTORA', '2024-06-11 08:58:47', NULL, NULL),
	(115, 'LENZ EQUIPAMENTOS', 1, NULL, '19.276.881/0001-04', 'LENZ EQUIPAMENTOS', '2024-06-11 08:58:47', NULL, NULL),
	(116, 'N A CARVALHO LOCAÇOES - ME', 1, NULL, '20.655.119/0001-00', 'BRANCO77LOCACOES', '2024-06-11 08:58:47', NULL, NULL),
	(117, 'CORTESIA SERVIÇO DE CONCRETAGEM', 1, NULL, '49.803.158/0001-99', 'CORTESIA SERVIÇOS DE CONCRETAGEM LTDA', '2024-06-11 08:58:47', NULL, NULL),
	(118, 'ADRIANO ROBERTO RODRIGUES-ME', 1, NULL, '21.861.758/0001-94', 'ARR LOCAÇÕES', '2024-06-11 08:58:47', NULL, NULL),
	(119, 'ROGÉRIO RODRIGUES GALVÃO 06918408658', 1, NULL, '28.032.024/0001-41', 'GALVÃO SERVIÇOS DE LOCAÇÃO', '2024-06-11 08:58:47', NULL, NULL),
	(120, 'ENGETECH ENG. E CONSTRUÇÕES LTDA', 1, NULL, '16.733.835/0001-90', 'ENGETECH ENGENHARIA E CONSTRUCOES', '2024-06-11 08:58:47', NULL, NULL),
	(121, 'DORTPREV MEDICINA OCUPACIONAL LTDA', 1, NULL, '22.223.221/0001-61', 'DORTPREV MEDICINA OCUPACIONAL LTDA', '2024-06-11 08:58:47', NULL, NULL),
	(122, 'FROTA 1000 LOCAÇÕES E SERVIÇOS', 1, NULL, '08.915.479/0001-06', 'FROTA 1.000 LOCADORA  DE VEÍCULOS', '2024-06-11 08:58:47', NULL, NULL),
	(123, 'PADRÃO LOCAÇÕES E SERVIÇOS EIRELI-ME', 1, NULL, '12.019.571/0001-57', 'PADRÃO LOCAÇÕES E SERVIÇOS ME', '2024-06-11 08:58:47', NULL, NULL),
	(124, 'SETE SERVIÇOS TECNICOS DE ENGENHARIA LTDA', 1, NULL, '37.264.066/0001-07', 'SETE SERVICOS TECNICOS DE ENGENHARIA LTDA', '2024-06-11 08:58:47', NULL, NULL),
	(125, 'ATUAL SERVICE', 1, NULL, '12.069.960/0001-97', 'ATUAL SERVICE', '2024-06-11 08:58:47', NULL, NULL),
	(126, 'ALMEIDA PESSANHA LOCAÇÕES E TRANSPORTES LTDA ', 1, NULL, '16.622.034/0001-58', 'UNIFORTE LOCAÇÕES', '2024-06-11 08:58:47', NULL, NULL),
	(128, 'C.A.Z CONSTRUÇÕES LTDA', 1, NULL, '10.429.399/0001-84', 'C.A.Z. CONSTRUÇÕES LTDA - ME', '2024-06-11 08:58:47', NULL, NULL),
	(129, 'GOMES FUNDAÇÕES LTDA', 0, 219, NULL, NULL, '2024-06-11 08:58:47', NULL, NULL),
	(130, 'SALMO 23 LOCAÇÕES LTDA', 1, NULL, '07.530.893/0001-26', 'SERVICOS E REPRESENTACOES SALMO 23', '2024-06-11 08:58:47', NULL, NULL),
	(131, 'FONTANA TERRAPLANAGEM E SERVIÇOS LTDA', 1, NULL, '11.613.606/0001-19', 'FONTANA TERRAPLANAGEM E SERVIÇOS LTDA', '2024-06-11 08:58:47', NULL, NULL),
	(132, 'GOMES E MOURA LOCAÇÕES LTDA', 1, NULL, '13.792.260/0001-99', 'GM LOCAÇÕES', '2024-06-11 08:58:47', NULL, NULL),
	(134, 'TECNOLOC LOCAÇÕES DE MÁQUINAS E EQUIPAMENTOS S/A', 1, NULL, '04.772.464/0001-77', 'TECNOLOC LOCACOES DE MAQUINAS E EQUIPAMENTOS S.A.', '2024-06-11 08:58:47', NULL, NULL),
	(135, 'AR LUG COMPRESSORES E EQUIPAMENTOS EURELI-EPP', 1, NULL, '54.308.838/0001-76', 'AR LUG COMPRESSORES E EQUIPAMENTOS LTDA - EPP', '2024-06-11 08:58:47', NULL, NULL),
	(136, 'GLOBAL LOCAÇÕES DE MÁQUINAS E EQUIPAMENTOS', 1, NULL, '11.031.410/0001-16', 'GLOBAL LOCAÇÕES DE MÁQUINAS E EQUIPAMENTOS', '2024-06-11 08:58:47', NULL, NULL),
	(137, 'JVH SERVIÇOS E TRANSPORTES', 1, NULL, '08.598.786/0001-00', 'MIRO HIPPLER & CIA LTDA', '2024-06-11 08:58:47', NULL, NULL),
	(139, 'MW GUINDASTES LTDA EPP', 1, NULL, '02.401.697/0001-38', 'MW MONTAGENS EM SERVIÇOS DE GUINDASTES', '2024-06-11 08:58:47', NULL, NULL),
	(140, 'PESADOS TRANSPORTES', 0, 84, NULL, NULL, '2024-06-11 08:58:47', NULL, NULL),
	(141, 'D&M LOCAÇÕES', 1, NULL, '28.226.767/0001-52', 'D & M LOCAÇÕES E SERVIÇOS', '2024-06-11 08:58:47', NULL, NULL),
	(142, 'POLIDO CONCRETO', 0, 219, NULL, NULL, '2024-06-11 08:58:47', NULL, NULL),
	(143, 'CRISTINA RESENDE DE SOUZA ME', 0, 219, NULL, NULL, '2024-06-11 08:58:47', NULL, NULL),
	(144, 'DBMAXX', 1, NULL, '09.373.953/0001-70', 'DBMAXX LOCACAO DE MAQUINAS E EQUIPAMENTOS LTDA', '2024-06-11 08:58:47', NULL, NULL),
	(145, 'ATS- LOCAçõES DE EQUIPAMENTOS LTDA - ME', 1, NULL, '06.916.625/0001-84', 'ATS - LOCAÇÕES', '2024-06-11 08:58:47', NULL, NULL),
	(146, 'TOYOSERV LOCADORA DE VEÍCULOS', 1, NULL, '10.687.646/0001-42', 'TOYOSERV', '2024-06-11 08:58:47', NULL, NULL),
	(147, 'MATILDE BIAZUS CAZAROTTO', 1, NULL, '20.718.811/0001-30', 'MATILDE BIAZUS CAZAROTTO', '2024-06-11 08:58:47', NULL, NULL),
	(148, 'I.C MAQUINAS', 0, 219, NULL, NULL, '2024-06-11 08:58:47', NULL, NULL),
	(149, 'DOM CONSTRUTORA E LOCAÇÃO DE EQUIPAMENTOS LTDA', 1, NULL, '16.670.829/0001-31', 'DOM CONSTRUTORA', '2024-06-11 08:58:47', NULL, NULL),
	(150, 'CLT - CENTRAL DE LOCAÇÕES E TRANSPORTES LTDA', 1, NULL, '90.333.667/0001-07', 'CLT CENTRAL DE LOCAÇÕES', '2024-06-11 08:58:47', NULL, NULL),
	(151, 'MD LOCAÇÕES LTDA', 1, NULL, '70.081.229/0001-83', 'MD LOCACOES DE VEICULOS E EQUIPAMENTOS LTDA', '2024-06-11 08:58:47', NULL, NULL),
	(152, 'TOSHIBA', 1, NULL, '78.230.182/0001-84', 'TOSHIBA', '2024-06-11 08:58:47', NULL, NULL),
	(153, 'SHARON TRANSPORTES', 0, 219, NULL, NULL, '2024-06-11 08:58:47', NULL, NULL),
	(155, 'GENERAL LOCAÇÕES', 1, NULL, '17.303.064/0001-64', 'GENERAL LOCAÇÕES', '2024-06-11 08:58:47', NULL, NULL),
	(157, 'CAZAROTTO LOCAÇÕES LTDA', 0, 219, NULL, NULL, '2024-06-11 08:58:47', NULL, NULL),
	(158, 'CARVALHO GOMES E GOMES LTDA.-ME', 1, NULL, '09.076.307/0001-40', 'LIDER SERVICOS E LOCACAO', '2024-06-11 08:58:47', NULL, NULL),
	(159, 'LP LOCAÇÕES', 0, 219, NULL, NULL, '2024-06-11 08:58:47', NULL, NULL),
	(160, 'TRANSPORTADORA COLSIL LTDA - EPP', 1, NULL, '20.036.045/0001-23', 'TRANSPORTADORA COLSIL', '2024-06-11 08:58:47', NULL, NULL),
	(161, 'MARTINI', 1, NULL, '05.063.709/0001-50', 'MARTINI RENTAL MIX', '2024-06-11 08:58:47', NULL, NULL),
	(162, 'JDS SERVIÇOS DE MANUTENÇÃO ELETROMECANICA LTDA ME', 1, NULL, '24.700.580/0001-98', 'JDS SERVIÇOS DE MANUTENÇÃO ELETROMECÂNICA LTDA - ME', '2024-06-11 08:58:47', NULL, NULL),
	(163, 'FREITAS LOCAÇOES', 1, NULL, '21.371.012/0001-00', 'FREITAS TRANSPORTES', '2024-06-11 08:58:47', NULL, NULL),
	(164, 'OTOMAR CIVA JUNIOR - ME', 1, NULL, '10.759.742/0001-59', 'OTOMAR CIVA JUNIOR - ME', '2024-06-11 08:58:47', NULL, NULL),
	(165, 'CG LOCAÇÃO DE GUINDASTE LTDA', 1, NULL, '08.226.396/0001-00', 'CG LOCACAO DE GUINDASTES LTDA', '2024-06-11 08:58:47', NULL, NULL),
	(166, 'F.R.P. SERVICOS LTDA - ME', 1, NULL, '28.123.688/0001-16', 'F.R.P. SERVIÇOS', '2024-06-11 08:58:47', NULL, NULL),
	(167, 'MA3 CONSTRUCOES E TERRAPLENAGEM LTDA - ME', 1, NULL, '23.291.563/0001-81', 'MA3 CONSTRUÇÕES', '2024-06-11 08:58:47', NULL, NULL),
	(169, 'R&D LOCAÇÕES E SERVIÇOS', 1, NULL, '22.918.225/0001-64', 'R&D LOCAÇÕES E SERVIÇOS', '2024-06-11 08:58:47', NULL, NULL),
	(171, 'F B LOCAÇÕES', 0, 219, NULL, NULL, '2024-06-11 08:58:47', NULL, NULL),
	(172, 'V F - GAVIAO LOCAÇOES - ME', 1, NULL, '01.797.798/0001-07', 'VF GAVIÃO LOCAÇÕES', '2024-06-11 08:58:47', NULL, NULL),
	(173, 'AVIS BUDGET BRASIL S.A', 0, 219, NULL, NULL, '2024-06-11 08:58:47', NULL, NULL),
	(174, 'LOCALIZA RENT A CAR AS', 0, 219, NULL, NULL, '2024-06-11 08:58:47', NULL, NULL),
	(175, 'CONSORCIO ALUMINI - ICSK - FJEPC', 1, NULL, '24.713.063/0001-53', 'CONSORCIO ALUMINI-ICSK-FJEPC', '2024-06-11 08:58:47', NULL, NULL),
	(177, 'MINAS MEIO AMBIENTE', 1, NULL, '11.397.334/0001-67', 'MINAS MEIO AMBIENTE', '2024-06-11 08:58:47', NULL, NULL),
	(180, 'P.H.C LOCAÇÕES', 1, NULL, '27.510.705/0001-05', 'PHC LOCACOES', '2024-06-11 08:58:47', NULL, NULL),
	(181, 'ACHEI LOCADORA DE VEÍCULOS LTDA - ME', 1, NULL, '13.950.567/0001-70', 'ACHEI LOCADORA', '2024-06-11 08:58:47', NULL, NULL),
	(183, 'ALFER CONSTRUTORA', 1, NULL, '03.009.104/0001-55', 'CONSTRUTORA ALFER', '2024-06-11 08:58:47', NULL, NULL),
	(184, 'S. A. DE OLIVEIRA TRANSPORTES RODOVIARIO', 1, NULL, '03.901.985/0001-14', 'S.A. DE OLIVEIRA TRANSPORTES RODOVIARIO EPP', '2024-06-11 08:58:47', NULL, NULL),
	(185, 'POSTAL TERRA PLANAGEM', 1, NULL, '19.807.317/0001-62', 'POSTAL TERRAPLANAGEM ', '2024-06-11 08:58:47', NULL, NULL),
	(186, 'J.A. DIESEL', 1, NULL, '26.602.668/0001-00', 'J A DIESEL LOCACOES PECAS E SERVICOS ', '2024-06-11 08:58:47', NULL, NULL),
	(187, 'RD TRANSPORTADORA LTDA - EPP', 1, NULL, '19.106.952/0001-12', 'HIDRAUNORTE ', '2024-06-11 08:58:47', NULL, NULL),
	(188, 'GALI LOCAÇÕES', 1, NULL, '11.830.523/0001-81', 'GALLI LOCAÇÕES LTDA', '2024-06-11 08:58:47', NULL, NULL),
	(189, 'JR RENTAL', 1, NULL, '06.058.958/0001-10', 'LONGUE CENTER ALUQUEL DE MAQUINAS E EQUIPAMENTOS LTDA', '2024-06-11 08:58:47', NULL, NULL),
	(190, 'DIZAZI LOCAÇÕES', 1, NULL, '07.671.173/0001-80', 'DIZAZI SERVIÇOS E LOCAÇÕES DE EQUIPAMENTOS LTDA', '2024-06-11 08:58:47', NULL, NULL),
	(191, 'MF LOCAÇÕES - marislene fernandes da silva marques - me', 1, NULL, '13.893.224/0001-11', 'MARISLENE FERNANDES DA SILVA MARQUES-ME', '2024-06-11 08:58:47', NULL, NULL),
	(193, 'LUV - X LOCADORA E TURISMO LTDA', 1, NULL, '14.194.671/0001-45', 'LUV-X LOCADORA E TURISMO LTDA', '2024-06-11 08:58:47', NULL, NULL),
	(195, 'D & C COMERCIO E SERVIÇOS LTDA-EPP', 1, NULL, '10.567.947/0001-32', 'D E C COMERCIO E SERVIÇOS LTDA', '2024-06-11 08:58:47', NULL, NULL),
	(196, 'ICSK', 0, 84, NULL, NULL, '2024-06-11 08:58:47', NULL, NULL),
	(197, 'PROCEL CONSTRUTORA LTDA', 1, NULL, '03.849.999/0001-36', 'PROCEL CONSTRUTORA LTDA', '2024-06-11 08:58:47', NULL, NULL),
	(198, 'GIRASSOL L. E TRANSP. EIREL ME', 1, NULL, '21.597.157/0001-16', 'GIRASSOL LOCAÇÕES E TRANSPORTES', '2024-06-11 08:58:47', NULL, NULL),
	(199, 'GERENCIAR LOGÍSTICA - NEDERLAINE DE CASTRO NEDER', 1, NULL, '28.663.214/0001-67', 'NEDERLAINE DE CASTRO NEDER - 82521468649', '2024-06-11 08:58:47', NULL, NULL),
	(201, 'SOLO SUL TRANSMISSAO BRASIL', 1, NULL, '74.600.842/0001-10', 'SOLOSUL - ROMPESSOLO', '2024-06-11 08:58:47', NULL, NULL),
	(203, 'AUTO SOCORRO DO PINHO LTDA', 1, NULL, '01.502.476/0001-93', 'AUTO SOCORRO DO PINHO LTDA ME', '2024-06-11 08:58:47', NULL, NULL),
	(204, 'R J W TRANSPORTE MESQUITA EIRELI', 1, NULL, '29.566.256/0001-42', 'R J W TRANSPORTE MESQUITA ', '2024-06-11 08:58:47', NULL, NULL),
	(205, 'AGS LOGISTICA LTDA', 1, NULL, '18.210.737/0001-02', 'AGS LOCAÇÕES E EQUIPAMENTOS', '2024-06-11 08:58:47', NULL, NULL),
	(207, 'FN SONDAGENS FUNDAÇÕES', 1, NULL, '15.821.368/0001-98', 'FN SONDAGENS, FUNDACOES E OBRAS ESPECIAIS', '2024-06-11 08:58:47', NULL, NULL),
	(208, 'J F DE BRITO EIRELI', 1, NULL, '06.993.633/0001-24', 'J F DE BRITO EIRELI', '2024-06-11 08:58:47', NULL, NULL),
	(209, 'LUAL RIO TURISMO LTDA', 1, NULL, '18.871.854/0001-09', 'LUAL RIO TURISMO', '2024-06-11 08:58:47', NULL, NULL),
	(210, 'JG LOCAÇOES LTDA', 1, NULL, '12.140.156/0001-57', 'JG LOCAÇÕES LTDA', '2024-06-11 08:58:47', NULL, NULL),
	(211, 'BELL BRASIL ENGENHARIA E LOCAÇÕES LTDA', 1, NULL, '13.518.309/0002-09', 'BELL - BRASIL ENGENHARIA E LOCACOES LTDA. ', '2024-06-11 08:58:47', NULL, NULL),
	(212, 'LOCCATO LOCAÇÕES LTDA', 1, NULL, '12.394.564/0001-35', 'LOCCATO-LOCACAO DE MAQUINAS E EQUIPAMENTOS EIRELI', '2024-06-11 08:58:47', NULL, NULL),
	(213, 'LOCMAQ LOCAÇÃO DE EQUIPAMENTOS INDUSTRIAIS LTDA ME', 0, 219, NULL, NULL, '2024-06-11 08:58:47', NULL, NULL),
	(214, 'ENGEM DE IGUAÇU COMERCIO E LOCAÇÕES LTDA', 1, NULL, '06.184.928/0001-50', NULL, '2024-06-11 08:58:47', NULL, NULL),
	(216, 'PUMA TRANSPORTE LTDA', 1, NULL, '15.241.287/0001-19', 'PUMA TRANSPORTES', '2024-06-11 08:58:47', NULL, NULL),
	(217, 'BR 22 AUTO LOCADORA', 1, NULL, '06.177.379/0001-96', 'BR 22 AUTO LOCADORA', '2024-06-11 08:58:47', NULL, NULL),
	(218, 'CAMILLE LOCACOES EIRELI', 1, NULL, '25.124.596/0001-62', 'CAMILLE LOCAÇÕES EIRELI', '2024-06-11 08:58:47', NULL, NULL),
	(220, 'G & M TRANSPORTE E LOCAÇÕES EIRELI ME', 1, NULL, '23.697.226/0001-99', 'G & M TRANSPORTE E LOCAÇÕES EIRELI ME', '2024-06-11 08:58:47', NULL, NULL),
	(222, 'CONSTRUTORA GUIMARAES LAGE LTDA', 1, NULL, '02.153.002/0001-46', 'CGL', '2024-06-11 08:58:47', NULL, NULL),
	(223, 'VALERIA MIX', 0, 219, NULL, NULL, '2024-06-11 08:58:47', NULL, NULL),
	(226, 'PONTO FORTE', 1, NULL, '11.009.325/0001-51', 'PONTO FORTE LOCAÇÃO DE MÁQUINA E EQUIPAMENTOS LTDA', '2024-06-11 08:58:47', NULL, NULL),
	(227, 'MEGA SOLUÇÕES', 1, NULL, '04.992.728/0001-06', 'MEGA SOLUCOES CORPORATIVAS', '2024-06-11 08:58:47', NULL, NULL),
	(230, 'R.R CONSTRUÇÕES E LOCAÇÃO DE MAQUINAS E EQUIPAMENTOS EIRELI', 1, NULL, '03.241.894/0001-08', 'R. R LOCACAO', '2024-06-11 08:58:47', NULL, NULL),
	(231, 'MARINGÁ FUNDAÇÕES LTDA', 1, NULL, '13.358.115/0001-02', 'MARINGA FUNDAÇÕES LTDA', '2024-06-11 08:58:47', NULL, NULL),
	(232, 'PESADOTRANS', 1, NULL, '23.179.893/0001-80', 'PESANDO TRANS LTDA', '2024-06-11 08:58:47', NULL, NULL),
	(233, 'SOLUGUEL EQUIPAMENTOS PARA CONSTRUÇÃO LTDA', 1, NULL, '17.936.984/0001-10', 'SOLUGUEL EQUIPAMENTOS PARA CONSTRUÇÃO LTDA', '2024-06-11 08:58:47', NULL, NULL),
	(234, 'LOCAENGE COM E LOCAÇÃO DE MÃO E EQUIPAMENTOS LTDA', 1, NULL, '15.294.690/0001-06', 'LOCAENGE', '2024-06-11 08:58:47', NULL, NULL),
	(236, 'GG LOCAÇÃO DE GUINDASTES LTDA (GRUPO CORTESIA)', 0, 219, NULL, NULL, '2024-06-11 08:58:47', NULL, NULL),
	(239, 'VIVIDENCE LINHAS DE TRANSMISSÃO LTDA', 1, NULL, '76.995.984/0001-50', 'VIVIDENSE LINHAS DE TRANSMISSÃO LTDA.', '2024-06-11 08:58:47', NULL, NULL),
	(240, 'ICSK PARTICIPAÇOES E EMPREENDIMENTOS LTDA', 1, NULL, '24.301.458/0002-20', 'ICSK BRASIL CONSTRUCAO LTDA', '2024-06-11 08:58:47', NULL, NULL),
	(241, 'MT COMÉRCIO E SERVIÇOS', 1, NULL, '25.307.997/0001-58', 'ROSENILDO FERREIRA DA SILVA EPP', '2024-06-11 08:58:47', NULL, NULL),
	(242, 'A LOCAL - COM E LOCAÇÃO DE EQUIPAMENTO DE CONSTRUÇÃO CIVIL LTDA - ME', 0, 219, NULL, NULL, '2024-06-11 08:58:47', NULL, NULL),
	(243, 'J. ARAXA MAT DE CONSTRUÇÃO LTDA', 1, NULL, '20.578.456/0001-40', 'J. ARAXA MATERIAIS DE CONSTRUÇÃO', '2024-06-11 08:58:47', NULL, NULL),
	(244, 'BORRACHARIA UNAÍ', 0, 219, NULL, NULL, '2024-06-11 08:58:47', NULL, NULL),
	(245, 'VELG PREMOLDADOS LTDA ME', 0, 219, NULL, NULL, '2024-06-11 08:58:47', NULL, NULL),
	(246, 'FLANCAR DE IGUAÇU VEÍCULOS E. LOCAÇÕES LTDA', 1, NULL, '08.619.332/0001-60', 'FLANCAR DE IGUACU VEICULOS E LOCACOES EIRELI', '2024-06-11 08:58:47', NULL, NULL),
	(248, 'BMK TRANSP. E LOCAÇÃO DE EQUIPAMENTOS LTDA.', 1, NULL, '18.048.113/0001-22', 'BMK LOG', '2024-06-11 08:58:47', NULL, NULL),
	(249, 'SOTREL EQUIPAMENTOS', 1, NULL, '28.908.804/0001-02', 'SOTREL EQUIPAMENTOS S.A.', '2024-06-11 08:58:47', NULL, NULL),
	(250, 'PRONTO PLAN RENTAL LTDA', 1, NULL, '02.088.583/0001-80', 'PRONTO PLAN RENTAL ', '2024-06-11 08:58:47', NULL, NULL),
	(251, 'CKAPRICHO', 1, NULL, '31.723.324/0001-81', 'CKAPRICHO', '2024-06-11 08:58:47', NULL, NULL),
	(252, 'CONSTRUFORTE COMERCIO DE MAT. CONSTRUÇÃO LTDA', 0, NULL, NULL, NULL, '2024-06-11 08:58:47', NULL, NULL),
	(253, 'LOCADORA ABS EIRELI', 1, NULL, '27.701.644/0001-63', 'LOCADORA ABS', '2024-06-11 08:58:47', NULL, NULL),
	(254, 'J & J LOCAÇÕES', 0, 219, NULL, NULL, '2024-06-11 08:58:47', NULL, NULL),
	(255, 'ML MERITIENSE LOCAÇÃO E TERRAPLANAGEM LTDA', 1, NULL, '06.262.140/0001-14', 'GRAMADOS OURO VERDE', '2024-06-11 08:58:47', NULL, NULL),
	(256, 'AGF - LOCAÇAO DE EQUIPAMENTOS, SERVIÇOS E PEÇAS LTDA - EPP', 0, 219, NULL, NULL, '2024-06-11 08:58:47', NULL, NULL),
	(257, 'FC LOCAÇÕES', 1, NULL, '30.187.003/0001-47', 'FC LOCACOES LTDA', '2024-06-11 08:58:47', NULL, NULL),
	(258, 'AVANT LOCAÇÃO - ME', 1, NULL, '74.723.990/0001-22', 'AVANT LOCACAO E TRANSPORTE', '2024-06-11 08:58:47', NULL, NULL),
	(259, 'NONO TRANSPORTES E SERVICOS LTDA', 1, NULL, '24.934.291/0001-53', 'NONO TRANSPORTE', '2024-06-11 08:58:47', NULL, NULL),
	(260, 'J F LOPES', 1, NULL, '12.246.588/0001-47', 'GUINDASTE LOPES', '2024-06-11 08:58:47', NULL, NULL),
	(261, 'LELO LOCAÇÕES', 1, NULL, '29.864.653/0001-09', 'OSENITA OLIVEIRA ARAUJO DA CRUZ', '2024-06-11 08:58:47', NULL, NULL),
	(262, 'SORAIA MARTA ALVES CUNHA', 1, NULL, '31.047.802/0001-80', 'AUTO PEÇAS E FERRAGENS N.S APARECIDA', '2024-06-11 08:58:47', NULL, NULL),
	(263, 'TRANSPORTADORA SANTA RITA', 1, NULL, '11.228.011/0001-40', 'TRANSPORTADORA SANTA RITA DE CASSIA', '2024-06-11 08:58:47', NULL, NULL),
	(265, 'ESCAVAÇÕES TEIXEIRA', 1, NULL, '18.542.193/0001-78', 'ESCAVAÇÕES TEIXEIRA', '2024-06-11 08:58:47', NULL, NULL),
	(267, 'PLANAR EQUIPAMENTOS  E LOGISTICA LTDA', 1, NULL, '07.277.010/0001-18', 'PLANAR EQUIPAMENTOS E LOGISTICA LTDA', '2024-06-11 08:58:47', NULL, NULL),
	(268, 'GUINDASTES OLIVEIRA', 1, NULL, '09.150.259/0001-93', 'GUINDASTES E MUNCK OLIVEIRA', '2024-06-11 08:58:47', NULL, NULL),
	(269, 'MULTIMIX COM. DE CONCRETO DE TERESÓPOLIS', 1, NULL, '22.084.765/0001-90', 'MULTIMIX COMERCIO DE CONCRETO DE TERESÓPOLIS EIRELI', '2024-06-11 08:58:47', NULL, NULL),
	(270, 'PESSANHA LOCACOES E TRANSPORTES LTDA', 1, NULL, '27.024.227/0001-23', 'ENGEFORTE LOCAÇÕES', '2024-06-11 08:58:47', NULL, NULL),
	(271, 'LOKAL LOCAÇÕES DE EQUIPAMENTOS INDUSTRIAIS LTDA', 1, NULL, '11.951.913/0001-00', 'LOKAL LOCAÇÃO DE EQUIPAMENTOS INDUSTRIAIS LTDA', '2024-06-11 08:58:47', NULL, NULL),
	(273, 'SOLARES EQUIPAMENTOS E SERVIÇOS LTDA', 1, NULL, '01.633.840/0014-79', 'SOLARIS EQUIPAMENTOS E SERVICOS LTDA', '2024-06-11 08:58:47', NULL, NULL),
	(275, 'JR FHORTALEZA LOCAçõES', 1, NULL, '19.641.791/0001-67', 'JR FHORTALEZA LOCAÇÕES EIRELI', '2024-06-11 08:58:47', NULL, NULL),
	(276, 'SADI DA SILVA LIMA - AVANT', 1, NULL, '01.470.498/0001-19', 'SADI TRANSPORTES EIRELI', '2024-06-11 08:58:47', NULL, NULL),
	(277, 'MILENA LOCACOES LTDA', 1, NULL, '14.460.228/0001-79', 'LOK-MI', '2024-06-11 08:58:47', NULL, NULL),
	(278, 'MARCO ENGENHARIA', 1, NULL, '02.404.222/0001-03', 'EMPREITEIRA MAC', '2024-06-11 08:58:47', NULL, NULL),
	(279, 'ADRIANO ARR', 1, NULL, '21.861.758/0001-94', 'ARR LOCAÇÕES', '2024-06-11 08:58:47', NULL, NULL),
	(280, 'JULIO VALDO MIRO HIPPLER & CIA LTDA', 1, NULL, '08.598.786/0001-00', 'MIRO HIPPLER & CIA LTDA', '2024-06-11 08:58:47', NULL, NULL),
	(281, 'J S BRANDÃO FILHO EMPREENDIMENTOS EIRELI', 1, NULL, '10.513.636/0001-90', 'BRADAO FILHO LOCACOES E SERVIÇOS', '2024-06-11 08:58:47', NULL, NULL),
	(282, 'MOBILE AUTOMOTIVA EIRELI ME', 1, NULL, '22.424.987/0001-04', 'MOBILE AUTOMOTIVA EIRELI', '2024-06-11 08:58:47', NULL, NULL),
	(283, 'ARC-AREIAL RIO CASCA LTDA-ME', 1, NULL, '16.887.516/0001-30', 'ARC AREIAL RIO CASCA LTDA ME', '2024-06-11 08:58:47', NULL, NULL),
	(284, 'JOSE CARLOS DE SOUZA DE SOBRADINHO', 1, NULL, '32.684.771/0001-31', 'SERRALHARIA E VIDRACARIA SOUZA', '2024-06-11 08:58:47', NULL, NULL),
	(285, 'JH LOCAÇÕES LTDA', 1, NULL, '30.448.959/0001-55', 'JH LOCAÇÕES LTDA', '2024-06-11 08:58:47', NULL, NULL),
	(286, 'EMERGENCY MEDICAL SERVICE CLINIC LABOR LTDA', 1, NULL, '05.281.041/0001-17', 'EMERGENCY MEDICAL SERVICE CLINIC LABOR LTDA', '2024-06-11 08:58:47', NULL, NULL),
	(287, 'GERIZIM TRANSPORTES LTDA', 1, NULL, '58.505.694/0001-07', 'GERIZIM TRANSPORTE LTDA', '2024-06-11 08:58:47', NULL, NULL),
	(288, 'NATANAEL SANTANA CHAVES EIRELI', 1, NULL, '08.696.115/0001-74', 'NATANAEL SANTANA CHAVES EIRELI', '2024-06-11 08:58:47', NULL, NULL),
	(289, 'LA EMPREENDIMENTOS E CONSTRUÇÕES LTDA', 1, NULL, '11.164.923/0001-03', 'LA EMPREENDIMENTOS E CONSTRUCOES LTDA', '2024-06-11 08:58:47', NULL, NULL),
	(290, 'LANCHES ARIANE LTDA', 1, NULL, '59.535.096/0001-35', 'LANCHES ARIANE LTDA', '2024-06-11 08:58:47', NULL, NULL),
	(291, 'SC TERRAPLANAGEM LTDA', 1, NULL, '09.624.811/0001-38', 'S & C CONSTRUÇÕES E TERRAPLANAGEM', '2024-06-11 08:58:47', NULL, NULL),
	(292, 'EXTRAMINAS - EXTRAÇÃO MINEIRA DE AREIA LTDA - ME', 1, NULL, '31.334.388/0002-71', 'EXTRAMINAS EXTRACAO MINEIRA DE AREIA LTDA', '2024-06-11 08:58:47', NULL, NULL),
	(293, 'ZENOR FERREIRA DA ROCHA', 1, NULL, '33.326.657/0001-00', 'ZF ROCHA ALUGUEL DE MAQUINAS E EQUIPAMENTOS', '2024-06-11 08:58:47', NULL, NULL),
	(294, 'EMPRESA BRASILEIRA DE ENGENHARIA E COMERCIO S.A. EBEC.', 1, NULL, '17.162.280/0001-37', 'EMPRESA BRASILEIRA DE ENGENHARIA E COMERCIO SA EBEC', '2024-06-11 08:58:47', NULL, NULL),
	(295, 'UNIDAS LOCADORA DE VEÍCULOS LTDA.', 1, NULL, '01.079.210/0001-80', 'UNIDAS', '2024-06-11 08:58:47', NULL, NULL),
	(296, 'COMPEC', 1, NULL, '07.486.118/0001-10', 'COMPEC', '2024-06-11 08:58:47', NULL, NULL),
	(297, 'W.P.X LOCAÇÕES LTDA', 1, NULL, '22.212.519/0001-76', 'W.P.X. LOCACOES LTDA', '2024-06-11 08:58:47', NULL, NULL),
	(298, 'REDEMAQUINAS COM E SERV DE MAQUINASE EQUIP LTDA', 1, NULL, '06.094.934/0009-73', 'REDEMAQUINAS COMERCIO E SERVIÇOS DE MAQUINAS E EQUIPAMENTOS LTDA', '2024-06-11 08:58:47', NULL, NULL),
	(299, 'LOCALIZA RENT A CAR S.A.', 1, NULL, '16.670.085/0001-55', 'LOCALIZA RENT A CAR', '2024-06-11 08:58:47', NULL, NULL),
	(300, 'JFF EMPREENDIMENTOS EIRELI - ME', 1, NULL, '09.195.778/0001-78', 'LOCA ALL', '2024-06-11 08:58:47', NULL, NULL),
	(301, 'J MACEDO CONSTRUTORA E SERVIÇOS DE GEOTECNIA LTDA', 1, NULL, '02.467.477/0001-07', 'J MACEDO GEOTECNICA', '2024-06-11 08:58:47', NULL, NULL),
	(302, 'GOMES FERNANDES TRANSPORTES LTDA', 1, NULL, '30.154.598/0001-34', 'GOMES FERNANDES TRANSPORTES LTDA', '2024-06-11 08:58:47', NULL, NULL),
	(303, 'A DE ASSIS FILHO LOCAçãO TRANSPORTE', 1, NULL, '12.588.474/0001-85', 'LOCAMIX', '2024-06-11 08:58:47', NULL, NULL),
	(304, 'JAIME DE OLIVEIRA NUNES LTDA', 1, NULL, '08.964.498/0001-14', 'ELETROMAQ', '2024-06-11 08:58:47', NULL, NULL),
	(305, 'ESTEVÃO MARCOLAN CASAGRANDE', 1, NULL, '33.978.964/0001-68', 'M F LOCAÇÕES', '2024-06-11 08:58:47', NULL, NULL),
	(306, 'TBT ENGENHARIA LTDA', 1, NULL, '07.447.225/0001-30', 'TBT ENGENHARIA LTDA - EPP', '2024-06-11 08:58:47', NULL, NULL),
	(307, 'LOGFLEET SISTEMAS E GESTÃO DE FROTAS EIRELLI', 1, NULL, '27.437.613/0001-47', 'PERSONAL SERVICOS', '2024-06-11 08:58:47', NULL, NULL),
	(308, 'FLORA RAIZES PAISAGISMO COMERCIO E IMPORTAÇÃO LTDA-ME', 1, NULL, '65.470.601/0001-03', 'FLORA RAIZES PAISAGISMO COMERCIO E IMPORTACAO LTDA', '2024-06-11 08:58:47', NULL, NULL),
	(309, 'CONCREJE LOCAÇÕES LTDA', 1, NULL, '02.902.564/0001-45', NULL, '2024-06-11 08:58:47', NULL, NULL),
	(310, 'DI BASE MIX SERVIÇO DE CONCRETO LTDA', 1, NULL, '21.947.638/0001-04', 'DI BASE MIX ', '2024-06-11 08:58:47', NULL, NULL),
	(311, 'ENGEP ESCAVAÇÕES, DESMONTE DE ROCHA E TERRAPLANAGEM - EIRELI', 1, NULL, '05.440.785/0003-07', 'ENGP ESCAVACOES, DESMONTE DE ROCHA E TERRAPLENAGEM EIRELI ­ ME', '2024-06-11 08:58:47', NULL, NULL),
	(312, 'RR COMÉRCIO E PRESTAÇÃO DE SERVIÇOS LTDA', 1, NULL, '09.553.939/0001-58', 'RR COMERCIO E PRESTACAO DE SERVIÇO LTDA', '2024-06-11 08:58:47', NULL, NULL),
	(313, 'GUADALINI EQUIPAMENTOS TOPOGRÁFICOS EIRELI', 1, NULL, '15.739.099/0001-15', 'GUANDALINI EQUIPAMENTOS TOPOGRAFICOS EIRELI', '2024-06-11 08:58:47', NULL, NULL),
	(314, 'AP&L ENGENHARIA LIMITADA - EPP', 1, NULL, '07.505.325/0001-75', 'AP&L ENGENHARIA LIMITADA ', '2024-06-11 08:58:47', NULL, NULL),
	(315, 'JULIANA APARECIDA LARA CARVALHO', 1, NULL, '20.490.472/0001-87', 'RR TRANSPORTES', '2024-06-11 08:58:47', NULL, NULL),
	(316, 'ENGENHARIA DE FUNDAÇÕES SOROCABANA', 1, NULL, '25.400.578/0001-66', 'ENGENHARIA DE FUNDACOES SOROCABANA', '2024-06-11 08:58:47', NULL, NULL),
	(317, 'COL NORTE COLETA DE RESIDUOS LTDA', 1, NULL, '09.190.350/0001-32', 'NORTE RECICLA', '2024-06-11 08:58:47', NULL, NULL),
	(318, 'A2Z - GERENCIAMENTO E SERVIÇOS LTDA', 1, NULL, '11.042.045/0001-45', 'A2Z- GERENCIAMENTO E SERVICOS LTDA', '2024-06-11 08:58:47', NULL, NULL),
	(319, 'CONSORCIO DE DESENVOLVIMENTO SUSTENTAVEL DO VELHO CHICO', 1, NULL, '30.069.044/0001-39', 'CONSORCIO DE DESENVOLVIMENTO SUSTENTVEL DO VELHO CHICO - CDS DO VELHO CHICO', '2024-06-11 08:58:47', NULL, NULL),
	(320, 'FN CRESPO NETO SERVIÇOS DE ENGENHARIA LTDA', 1, NULL, '15.821.368/0001-98', 'FN SONDAGENS, FUNDACOES E OBRAS ESPECIAIS', '2024-06-11 08:58:47', NULL, NULL),
	(321, 'POPAY LOCAÇÕES E TRANSPORTES', 1, NULL, '17.196.330/0001-05', 'POPAY', '2024-06-11 08:58:47', NULL, NULL),
	(322, 'JULIANA RODRIGUES FERREIRA', 1, NULL, '26.022.560/0001-30', 'MENIM LOCACAO E CONTRUCAO', '2024-06-11 08:58:47', NULL, NULL),
	(323, 'VILLA INTERNACIONAL SOLUCOES EM CONCRETO SA', 1, NULL, '10.978.858/0001-89', 'VILLA INTERNACIONAL SOLUCOES EM CONCRETO SA', '2024-06-11 08:58:47', NULL, NULL),
	(324, 'JEFTER RIBEIRO PEREIRA MECANIZAÇÃO AGRICOLA', 1, NULL, '10.968.506/0001-42', 'JEFTER RIBEIRO PEREIRA MECANIZACAO AGRICOLA', '2024-06-11 08:58:47', NULL, NULL),
	(325, 'J & W TRANSPORTES, LOCAÇÃO E SERVIÇOS LTDA', 1, NULL, '16.631.485/0001-51', 'BELLAS TOUR', '2024-06-11 08:58:47', NULL, NULL),
	(326, 'TRANSLEMOS', 1, NULL, '07.281.106/0001-50', 'TRANSLEMOS', '2024-06-11 08:58:47', NULL, NULL),
	(327, 'TRIUNFO LOCACOES E SERVICO', 1, NULL, '30.264.773/0001-46', 'TRIUNFO LOCACOES E SERVICOS', '2024-06-11 08:58:47', NULL, NULL),
	(328, 'VIPOL TRANSPORTES', 1, NULL, '10.807.776/0001-71', 'VIPOL TRANSPORTES', '2024-06-11 08:58:47', NULL, NULL),
	(329, 'HIJOS LOCAÇÕES', 1, NULL, '28.528.662/0001-58', 'HIJOS EMPORIO', '2024-06-11 08:58:47', NULL, NULL),
	(330, 'GEOMETA ENGENHARIA DE FUN E IND E', 1, NULL, '25.452.608/0001-88', 'GEOMETA ENGENHARIA DE FUNDACOES E SONDAGENS LTDA', '2024-06-11 08:58:47', NULL, NULL),
	(331, 'LOCADORA PAI & FILHOS', 1, NULL, '23.254.811/0001-14', 'LOCADORA PAIS & FILHOS', '2024-06-11 08:58:47', NULL, NULL),
	(332, 'ABENGOA CONSTRUÇÃO BRASIL LTDA', 1, NULL, '04.651.067/0001-47', 'ABENGOA CONSTRUÇÃO BRASIL LTDA', '2024-06-11 08:58:47', NULL, NULL),
	(333, 'R DA SILVA ARAUJO LOCACOES', 1, NULL, '27.977.631/0001-11', 'I R LOCAÇÕES', '2024-06-11 08:58:47', NULL, NULL),
	(334, 'LOCAFAZ MOTORES E MAQUINAS LTDA', 1, NULL, '06.929.547/0001-52', 'LOCAFAZ AMAZONAS', '2024-06-11 08:58:47', NULL, NULL),
	(335, 'W. CORREA DE ALMEDIA', 1, NULL, '19.989.376/0001-07', 'WCORREA LOCACAO MUNK', '2024-06-11 08:58:47', NULL, NULL),
	(336, 'MIT MONTAGENS INDUSTRIAIS TRAJANO LTDA', 1, NULL, '12.587.263/0001-28', 'MIT', '2024-06-11 08:58:47', NULL, NULL),
	(337, 'MENIM LOCAÇÃO E CONSTRUÇÃO', 1, NULL, '26.022.560/0001-30', 'MENIM LOCACAO E CONTRUCAO', '2024-06-11 08:58:47', NULL, NULL),
	(338, 'TRANSVASFER GUINDASTES E EQUIPAMENTOS LTDA', 1, NULL, '07.553.859/0001-77', 'TRANSVASFER ARMAZENAGEM E TRANSPORTES', '2024-06-11 08:58:47', NULL, NULL),
	(339, 'GUINDASTE CENTRO OESTE LTDA', 1, NULL, '23.770.944/0001-43', 'GUINDASTES CENTRO OESTE LTDA', '2024-06-11 08:58:47', NULL, NULL),
	(341, 'PARÁ CIMENTOS COMERCIO & SERVIÇOS - EIRELI', 1, NULL, '24.565.777/0001-61', 'PARA CIMENTO ', '2024-06-11 08:58:47', NULL, NULL),
	(342, 'ALEXANDRE ENGENIO UNGARATTI - ME', 1, NULL, '13.117.949/0001-18', 'M. F. DE MELO', '2024-06-11 08:58:47', NULL, NULL),
	(343, 'GASPAR AMBULÂNCIAS', 1, NULL, '27.217.886/0001-86', 'GASPAR AMBULANCIAS', '2024-06-11 08:58:47', NULL, NULL),
	(344, 'MAMUTH TRANSPORTE DE MAQUINAS LTDA.', 1, NULL, '47.389.879/0001-79', 'MAMUTH TRANSPORTE DE MAQUINAS LTDA', '2024-06-11 08:58:47', NULL, NULL),
	(345, 'EUCI ELZA DA SILVA ROCHA-ME', 1, NULL, '15.008.479/0001-80', 'EUCI ELZA DA SILVA ROCHA', '2024-06-11 08:58:47', NULL, NULL),
	(346, 'A DA COSTA VERGETTE TRANSPORTE E LOCAÇÃO', 1, NULL, '17.859.936/0001-75', 'A DA COSTA VERGETTE TRANSPORTE E LOCACAO', '2024-06-11 08:58:47', NULL, NULL),
	(347, 'BAHIA SUL TRANSPORTE E LOGISTICA LTDA', 1, NULL, '29.750.986/0001-07', 'BAHIA SUL TRANSPORTES', '2024-06-11 08:58:47', NULL, NULL),
	(348, 'LOKSAN ENTRETENIMENTO E SERVIÇOS LTDA', 1, NULL, '00.613.917/0001-61', 'LOKSAN', '2024-06-11 08:58:47', NULL, NULL),
	(349, 'VIAMED ASSISTÊNCIA MÉDICA LTDA', 1, NULL, '26.732.104/0001-84', 'VIAMED EMERGENCIAS MEDICAS', '2024-06-11 08:58:47', NULL, NULL),
	(350, 'SARAIVA EQUIPAMENTOS', 1, NULL, '41.024.712/0001-28', 'SARAIVA EQUIPAMENTOS LTDA', '2024-06-11 08:58:47', NULL, NULL),
	(351, 'AVB SERVIÇOS E COMERCIO LTDA E PP', 1, NULL, '21.097.505/0001-96', NULL, '2024-06-11 08:58:47', NULL, NULL),
	(352, 'GOIAS SERVIÇOS DE CONCRETAGEM LTDA', 1, NULL, '05.134.885/0006-40', 'GOIAS SERVIÇOS DE CONCRETAGEM LTDA', '2024-06-11 08:58:47', NULL, NULL),
	(353, 'LEANDRO DOS SANTOS', 1, NULL, '00.476.574/2558-05', NULL, '2024-06-11 08:58:47', NULL, NULL),
	(354, 'FREDERICO DE MOURA', 1, NULL, '00.507.297/4405-85', NULL, '2024-06-11 08:58:47', NULL, NULL),
	(355, 'AGROPECUARIA CRUZEIRO DO SUL EIRELI', 1, NULL, '37.010.373/0001-53', 'AGROPECUARIA CRUZEIRO DO SUL', '2024-06-11 08:58:47', NULL, NULL),
	(356, 'CLAUDENIZIA MARTINS DE SOUZA', 1, NULL, '30.720.682/0001-78', 'CHURRASCARIA E LANCHONETE CLARICE', '2024-06-11 08:58:47', NULL, NULL),
	(357, 'GM TRANSPORTADORA', 1, NULL, '14.252.521/0001-40', 'GM TRANSPORTADORA', '2024-06-11 08:58:47', NULL, NULL),
	(358, 'CDC SERVICOS FLORESTAIS LTDA ME', 1, NULL, '10.382.705/0001-74', NULL, '2024-06-11 08:58:47', NULL, NULL),
	(359, 'TRANSLIMA', 1, NULL, '17.432.905/0001-33', 'TRANSLIMA', '2024-06-11 08:58:47', NULL, NULL),
	(360, 'FERMATEC LOCACOES', 1, NULL, '23.894.216/0001-43', 'FERMATEC LOCACOES', '2024-06-11 08:58:47', NULL, NULL),
	(361, 'JN LOCADORA DE VEICULO E EQUIPAMENTO LTDA ME', 1, NULL, '22.131.729/000130', NULL, '2024-06-11 08:58:47', NULL, NULL),
	(362, 'ENGELOC ENGENHARIA E LOCAÇÃO EIRELI', 1, NULL, '11.222.077/0001-22', 'ENGELOC', '2024-06-11 08:58:47', NULL, NULL),
	(363, 'CONSTRUTORA GUSSO LTDA', 1, NULL, '33.134.020/0001-04', 'CONSTRUTORA GUSSO LTDA', '2024-06-11 08:58:47', NULL, NULL),
	(364, 'A&G SERVIÇOS MÉDICOS LTDA', 1, NULL, '12.532.358/0001-44', 'CMD SAUDE', '2024-06-11 08:58:47', NULL, NULL),
	(365, 'SERAFIM E SOUZA LTDA ( SS ESCAVAÇÕES - ME )', 1, NULL, '11.591.148/0001-64', 'SS ESCAVACOES', '2024-06-11 08:58:47', NULL, NULL),
	(366, 'JI LOCADORA DE VEICULO LTDA.', 1, NULL, '17.247.277/0001-16', 'JI LOCACOES', '2024-06-11 08:58:47', NULL, NULL),
	(367, 'E C DE LIMA LOCADORA DE VEICULOS', 1, NULL, '32.343.124/0001-66', 'S P LOCACOES', '2024-06-11 08:58:47', NULL, NULL),
	(368, 'LOC-BEM LOCAÇÃO DE EQUIPAMENTOS', 1, NULL, '17.935.510/0001-53', 'LOC BEM ', '2024-06-11 08:58:47', NULL, NULL),
	(370, 'MARIA BETANIA NOGUEIRA DA SILVA', 1, NULL, '32.450.473/0001-87', 'ROBINHO GUINCHO', '2024-06-11 08:58:47', NULL, NULL),
	(371, 'E.L.A. SERVIÇOS FLORESTAIS - EIRELI ( HP SERVIÇOS ) ME', 1, NULL, '26.670.655/0001-60', 'HP SERVICOS', '2024-06-11 08:58:47', NULL, NULL),
	(372, 'L. PEDRAO', 1, NULL, '24.976.647/0001-11', 'L.PEDRAO', '2024-06-11 08:58:47', NULL, NULL),
	(373, 'JP LOCAÇÕES DE VEICULOS EIRELI', 1, NULL, '32.834.846/0001-13', 'JP LOCACOES', '2024-06-11 08:58:47', NULL, NULL),
	(374, 'ROBSON SILVEIRO RIBEIRO - ME ( LOCAÇÕES DE VEICULO KATITA )', 1, NULL, '22.869.329/0001-26', NULL, '2024-06-11 08:58:47', NULL, NULL),
	(375, 'JOSE CARLOS PEREIRA DOS SANTOS', 1, NULL, '32.774.740/0001-71', NULL, '2024-06-11 08:58:47', NULL, NULL),
	(377, 'M. DE F. MENDES DA SILVA EIREL', 1, NULL, '19.690.902/0001-25', 'ELETROCONSTRON', '2024-06-11 08:58:47', NULL, NULL),
	(378, 'TECNICA ENGENHARIA LTDA', 1, NULL, '05.283.511/0001-81', 'TECNICA ENGENHARIA', '2024-06-11 08:58:47', NULL, NULL),
	(380, 'RM BARTOLOTTO LTDA', 1, NULL, '11.263.489/0001-00', 'ROMEU TRANSPORTE', '2024-06-11 08:58:47', NULL, NULL),
	(381, 'TECNICA SONDAGEM E TECNOLOGIA LTDA', 1, NULL, '24.995.164/0001-64', 'TECNICA SONDAGEM E TECNOLOGIA', '2024-06-11 08:58:47', NULL, NULL),
	(382, 'ARMAC LOCACAO, LOGISTICA E SERVICOS S.A.', 1, NULL, '00.242.184/0001-04', NULL, '2024-06-11 08:58:47', NULL, NULL),
	(383, 'BORDO ARTIGOS DO VESTUARIO COMERCIO E LOCACOES LTDA', 1, NULL, '10.904.719/0001-00', 'BORDO', '2024-06-11 08:58:47', NULL, NULL),
	(384, 'BRASIL MAQUINAS E AGROPECUARIA LTDA', 1, NULL, '39.455.861/0001-08', 'BRASIL MAQUINAS', '2024-06-11 08:58:47', NULL, NULL),
	(385, 'MASTER GUINDASTES LOCACOES DE EQUIPAMENTOS LTDA', 1, NULL, '00.423.562/0001-48', 'MASTER GUINDASTES', '2024-06-11 08:58:47', NULL, NULL),
	(386, 'JOSE ARNALDO ALVES DA SILVA', 1, NULL, '09.447.796/0001-08', 'RODOGUINCHOS LOCACOES E SERVICOS', '2024-06-11 08:58:47', NULL, NULL),
	(387, 'TECNOMIL MONTAGENS INDUSTRIAIS LTDA', 1, NULL, '08.968.621/0001-75', '', '2024-06-11 08:58:47', NULL, NULL),
	(388, 'G.M.P. LOCACOES DE MAQUINAS E SERVICOS LTDA', 1, NULL, '08.184.170/0001-85', 'GEMAPE', '2024-06-11 08:58:47', NULL, NULL),
	(389, 'F B BATISTA LOCACOES', 1, NULL, '11.933.713/0001-24', '', '2024-06-11 08:58:47', NULL, NULL),
	(390, 'CNLL GUINDASTES LTDA', 1, NULL, '23.909.677/0001-42', 'CNLL GUINDASTES', '2024-06-11 08:58:47', NULL, NULL),
	(391, 'WAGNER MILLANEZ VIANA DE ASSUNCAO - LOCACOES', 1, NULL, '22.090.749/0001-00', 'W A LOCACOES', '2024-06-11 08:58:47', NULL, NULL),
	(392, 'ALDI TRATOR TERRA LTDA', 1, NULL, '23.878.297/0001-98', 'ATT MAQUINAS E MATERIAL DE CONSTRUCAO', '2024-06-11 08:58:47', NULL, NULL),
	(393, 'CONCRETTEM USINADOS DE CONCRETO LTDA', 1, NULL, '03.236.588/0001-75', 'CONCRETTEM USINADOS', '2024-06-11 08:58:47', NULL, NULL),
	(394, 'ROGERIO CIESIELKI', 1, NULL, '10.243.028/0001-03', 'TORNEARIA SETE QUEDAS', '2024-06-11 08:58:47', NULL, NULL),
	(395, 'PESA RENTAL LOCACOES S.A.', 1, NULL, '19.266.802/0001-76', '', '2024-06-11 08:58:47', NULL, NULL),
	(396, 'NORTE GERADORES IMP EXP E LOCACAO DE MAQUINAS LTDA', 1, NULL, '63.876.114/0003-81', 'NORTE GERADORES', '2024-06-11 08:58:47', NULL, NULL),
	(397, 'BSM ENGENHARIA S.A. EM RECUPERACAO JUDICIAL', 1, NULL, '34.078.154/0003-80', '', '2024-06-11 08:58:47', NULL, NULL),
	(398, 'RP GUINDASTES E CONSTRUCOES LTDA', 1, NULL, '09.520.510/0001-64', 'RP GUINDASTES', '2024-06-11 08:58:47', NULL, NULL),
	(399, 'FILIPE NASCIMENTO CAMPOS E CIA LTDA', 1, NULL, '33.790.046/0001-00', 'FILIPE RODAS REBOQUE', '2024-06-11 08:58:47', NULL, NULL),
	(400, '2R LOCACOES DE VEICULOS E EQUIPAMENTOS LTDA', 0, 219, '33.202.877/0001-14', '', '2024-06-11 08:58:47', NULL, NULL),
	(401, 'BSM SERVICOS TECNICOS DE ENGENHARIA E LOCACAO LTDA', 1, NULL, '14.337.622/0001-14', '', '2024-06-11 08:58:47', NULL, NULL),
	(402, 'VALTUIR SPERANDIO COTT', 1, NULL, '31.805.302/0001-60', 'VSC TRANSPORTES LTDA - EPP', '2024-06-11 08:58:47', NULL, NULL),
	(403, 'MEDISTAR LTDA', 1, NULL, '37.983.800/0001-80', 'MEDISTAR LTDA', '2024-06-11 08:58:47', NULL, NULL),
	(404, 'EXPRESSO SEM FRONTEIRAS LTDA', 1, NULL, '02.714.199/0001-45', 'EXPRESSO SEM FRONTEIRAS LTDA', '2024-06-11 08:58:47', NULL, NULL),
	(405, 'UNIGUINCHO TRANSPORTES ESPECIAIS EIRELI', 1, NULL, '10.355.674/0001-62', 'UNIGUINCHO TRANSPORTES ESPECIAIS EIRELI', '2024-06-11 08:58:47', NULL, NULL),
	(406, 'MINABRASI TERRAPLENAGEM E SERVICOS LTDA.', 1, NULL, '08.486.422/0001-20', 'MINABRASI TERRAPLENAGEM', '2024-06-11 08:58:47', NULL, NULL),
	(407, 'R.K.J TRANSPORTES & SERVICOS LTDA', 1, NULL, '11.192.345/0001-00', '', '2024-06-11 08:58:47', NULL, NULL),
	(408, 'CM GUINDASTES LOCACOES E SERVICOS LTDA', 1, NULL, '26.271.815/0001-07', 'CM GUINDASTES', '2024-06-11 08:58:47', NULL, NULL),
	(409, 'VERSI LOCACOES E COMERCIO LTDA', 1, NULL, '37.365.136/0001-05', 'VERSI LOC', '2024-06-11 08:58:47', NULL, NULL),
	(410, 'CM LOCACAO E SERVICOS LTDA', 1, NULL, '14.608.724/0001-27', 'CM LOCACAO E SERVICOS', '2024-06-11 08:58:47', NULL, NULL),
	(411, 'ADM RENTAL SERVICE LTDA.', 1, NULL, '44.749.543/0001-81', 'ADM RENTAL SERVICE LTDA.', '2024-06-11 08:58:47', NULL, NULL),
	(412, 'ESTRELA DE MINAS TRANSPORTE LTDA', 1, NULL, '02.320.214/0001-70', 'ESTRELA DE MINAS TRANSPORTE LTDA', '2024-06-11 08:58:47', NULL, NULL),
	(413, 'EKIPAMIL LOCAÇÃO DE EQUIPAMENTOS LTDA', 1, NULL, '35.513.186/0001-67', 'EKIPAMIL LOCAÇÃO DE EQUIPAMENTOS', '2024-06-11 08:58:47', NULL, NULL),
	(414, 'LOCAR GUINDASTES E TRANSPORTES INTERMODAIS S A', 1, NULL, '43.368.422/0021-70', '', '2024-06-11 08:58:47', NULL, NULL),
	(415, 'MILLS ESTRUTURAS E SERVICOS DE ENGENHARIA S/A', 1, NULL, '27.093.558/0001-15', '', '2024-06-11 08:58:47', NULL, NULL),
	(416, 'FARLOC COMERCIO E SERVICOS LTDA', 1, NULL, '03.172.011/0001-47', 'FARLOC', '2024-06-11 08:58:47', NULL, NULL),
	(417, 'SISTERMI LOCACAO DE MAQUINAS E EQUIPAMENTOS LTDA', 1, NULL, '27.535.996/0001-96', 'SISTERMI', '2024-06-11 08:58:47', NULL, NULL),
	(418, 'TRANSTHOMAZINI TRANSPORTES LTDA', 1, NULL, '08.698.643/0001-62', 'TRANSTHOMAZINI', '2024-06-11 08:58:47', NULL, NULL),
	(419, 'ZAMLOC LOCACAO DE MOVEIS, MAQUINAS E EQUIPAMENTOS EIRELI', 1, NULL, '36.445.686/0005-03', '********', '2024-06-11 08:58:47', NULL, NULL),
	(420, 'DC TRANSPORTES E SERVICOS LTDA', 1, NULL, '22.332.830/0001-59', 'DC TRANSPORTES', '2024-06-11 08:58:47', NULL, NULL),
	(421, 'MRS SOLUCAO TRANSPORTES E TURISMO LTDA', 1, NULL, '47.604.527/0001-99', '********', '2024-06-11 08:58:47', NULL, NULL),
	(422, 'ELISABETH SANTOS TAVEIRA LTDA', 1, NULL, '21.588.258/0001-20', 'ALICIA ATENDIMENTO MEDICO DOMICILIAR E REMOCOES', '2024-06-11 08:58:47', NULL, NULL),
	(423, 'GURGEL & FILHOS COMERCIAL LTDA', 1, NULL, '01.997.222/0001-93', '********', '2024-06-11 08:58:47', NULL, NULL),
	(424, 'MURICI MAQUINAS E EQUIPAMENTOS LTDA', 1, NULL, '23.306.699/0001-18', 'MURICI MAQUINAS E EQUIPAMENTOS', '2024-06-11 08:58:47', NULL, NULL),
	(425, 'RIO NEGRO TRANSPORTES LTDA', 1, NULL, '08.642.410/0001-48', 'TRANSPORTADORA RIO NEGRO LTDA', '2024-06-11 08:58:47', NULL, NULL),
	(426, 'LOCMAQ LOCACAO DE EQUIPAMENTOS INDUSTRIAIS LTDA', 1, NULL, '10.851.626/0001-65', '********', '2024-06-11 08:58:47', NULL, NULL),
	(427, 'ICSK BRASIL CONSTRUCAO LTDA', 1, NULL, '24.301.458/0001-49', 'SKIC BRASIL', '2024-06-11 08:58:47', NULL, NULL),
	(428, 'RAJA RENT A CAR S/A', 1, NULL, '01.338.388/0001-06', '********', '2024-06-11 08:58:47', NULL, NULL),
	(429, 'TRANSPORTES SAVENHAGO LTDA', 1, NULL, '02.294.891/0001-61', 'TRANSPORTES SAVENHAGO', '2024-06-11 08:58:47', NULL, NULL),
	(430, 'JL - LOCACAO DE MAQUINAS E VEICULOS LTDA', 1, NULL, '11.065.268/0001-28', '********', '2024-06-11 08:58:47', NULL, NULL),
	(431, 'MEGGA LOCADORA DE MAQUINAS LTDA', 1, NULL, '16.927.260/0001-47', 'MEGGA LOCADORA', '2024-06-11 08:58:47', NULL, NULL),
	(432, 'WM SERVICOS E LOCACOES LTDA', 1, NULL, '29.975.300/0001-78', '********', '2024-06-11 08:58:47', NULL, NULL),
	(433, 'ROBERTO VIAGENS ESPECIAIS LTDA', 1, NULL, '02.560.408/0001-43', 'ROBERTO VIAGENS ESPECIAIS', '2024-06-11 08:58:47', NULL, NULL),
	(434, 'ARAUJO CAMINHOES E MAQUINAS', 1, NULL, '16.597.118/0001-89', 'ETIVALDO NEVES DE ARAUJO', '2024-06-11 08:58:47', NULL, NULL),
	(435, 'MCM LOCACOES LTDA', 1, NULL, '17.533.095/0001-01', 'MCM LOCACOES LTDA', '2024-06-11 08:58:47', NULL, NULL),
	(436, 'SUPORTE EQUIPAMENTOS LTDA', 1, NULL, '11.793.343/0001-77', '********', '2024-06-11 08:58:47', NULL, NULL),
	(437, 'POWER SOLAR FUNDACOES LTDA', 1, NULL, '32.960.547/0001-25', '********', '2024-06-11 08:58:47', NULL, NULL),
	(438, 'TEX LOCACOES DE EQUIPAMENTOS P/CONSTRUCAO LTDA', 1, NULL, '35.829.938/0001-01', 'TEX LOCACOES', '2024-06-11 08:58:47', NULL, NULL),
	(439, 'BRSUL LOGISTICA LTDA', 1, NULL, '20.861.271/0001-49', '********', '2024-06-11 08:58:47', NULL, NULL),
	(440, 'TRANSMATHEUS TRANSPORTADORA LTDA', 1, NULL, '11.321.061/0001-77', 'TRANSMATHEUS', '2024-06-11 08:58:47', NULL, NULL),
	(441, 'OASIS AUTO PECAS E TRANSPORTES LTDA', 1, NULL, '23.171.481/0001-01', 'OASIS ACESSORIOS E TRANSPORTES', '2024-06-11 08:58:47', NULL, NULL),
	(442, 'S. SIEPLIN LOCACOES LTDA', 1, NULL, '26.196.127/0001-11', '********', '2024-06-11 08:58:47', NULL, NULL),
	(443, 'PETERRA ALUGUEL DE EQUIPAMENTOS LTDA', 1, NULL, '27.249.457/0001-90', 'PETERRA', '2024-06-11 08:58:47', NULL, NULL),
	(444, 'FM TERRAPLENAGEM LTDA', 1, NULL, '32.855.579/0001-60', 'FM TERRAPLENAGEM', '2024-06-11 08:58:47', NULL, NULL),
	(445, 'M E PARDAL SERVICOS DE ENGENHARIA', 1, NULL, '36.518.088/0001-85', 'M E PARDAL SERVICOS DE ENGENHARIA', '2024-06-11 08:58:47', NULL, NULL),
	(446, 'SIGA SISTEMA INTELIGENTE DE GERENCIAMENTO DE ALOJAMENTO', 1, NULL, '46.842.546/0001-90', 'SIGA HOTEL LTDA', '2024-06-11 08:58:47', NULL, NULL),
	(447, 'TRO LOCACOES DE PIPA LTDA', 1, NULL, '34.503.918/0001-75', 'TRO LOCACOES DE PIPA LTDA', '2024-06-11 08:58:47', NULL, NULL),
	(448, 'A GERADORA ALUGUEL DE MAQUINAS S.A.', 1, NULL, '33.845.322/0004-33', '********', '2024-06-11 08:58:47', NULL, NULL),
	(449, 'JANILSON LOCACOES', 1, NULL, '22.089.843/0001-49', 'JANILSON MENEZES FARIAS DE CAETITE', '2024-06-11 08:58:47', NULL, NULL),
	(450, 'AMORIM RENTAL LOCACOES E SERVICOS', 1, NULL, '46.455.250/0001-17', 'LEANDRO MACEDO NUNES AMORIM', '2024-06-11 08:58:47', NULL, NULL),
	(451, 'INOVAGRO PREPAROS E LOCACOES LTDA', 1, NULL, '19.448.662/0001-57', 'INOVAGRO', '2024-06-11 08:58:47', NULL, NULL),
	(452, 'CONSERV RENTAL LOCACOES DE MAQUINAS E SERVICOS LTDA', 1, NULL, '18.648.540/0001-41', 'CONSERV RENTAL', '2024-06-11 08:58:47', NULL, NULL),
	(453, 'PORTUGAL LOCACAO DE MAQUINAS LTDA', 1, NULL, '73.734.048/0001-05', '********', '2024-06-11 08:58:47', NULL, NULL),
	(454, 'GEOBASE GEOTECNIA E FUNDACAO LTDA', 1, NULL, '28.476.212/0001-69', '********', '2024-06-11 08:58:47', NULL, NULL),
	(455, 'SONDATECH ENGENHARIA E SOLUCOES LTDA', 1, NULL, '22.134.205/0001-00', 'SONDATECH', '2024-06-11 08:58:47', NULL, NULL),
	(456, 'CERAMICA MINAS BAHIA LTDA', 1, NULL, '05.628.519/0001-32', 'CERAMICA MINAS BAHIA LTDA', '2024-06-11 08:58:47', NULL, NULL),
	(457, 'STL CONSTRUÇÕES E LOCAÇÕES LTDA', 1, NULL, '31.050.448/0001-43', 'STL CONSTRUÇÕES E LOCAÇÕES LTDA', '2024-06-11 08:58:47', NULL, NULL),
	(458, 'CAMARGO CORREA INFRA LTDA', 1, NULL, '11.178.032/0018-46', '********', '2024-06-11 08:58:47', NULL, NULL),
	(459, 'REALIZA TRANSPORTES E LOCACAO DE VEICULOS LTDA', 1, NULL, '00.215.234/0001-56', 'REALIZA RENT A CAR', '2024-06-11 08:58:47', NULL, NULL),
	(460, 'TERRA FORTE LOCACOES DE MAQUINAS E VEICULOS LTDA', 1, NULL, '30.978.562/0001-75', 'TERRA FORTE LOCACOES DE MAQUINAS', '2024-06-11 08:58:47', NULL, NULL),
	(462, 'POCOS ARTESIANOS MINAS LTDA', 1, NULL, '09.511.840/0001-93', 'MINAS POCOS', '2024-06-11 08:58:47', NULL, NULL),
	(463, 'FERREIRA LOCACOES E TRANSPORTE LTDA', 1, NULL, '50.231.373/0001-41', 'FERREIRA LOCACOES E TRANSPORTE', '2024-06-11 08:58:47', NULL, NULL),
	(464, 'SALVADOR EMPREENDIMENTOS LTDA', 1, NULL, '17.330.993/0001-62', '********', '2024-06-11 08:58:47', NULL, NULL),
	(465, 'IVONEIDE SILVEIRA MARTINS KAKIUCHI 10407663665', 1, NULL, '36.561.619/0001-12', 'MULT LOCACOES', '2024-06-11 08:58:47', NULL, NULL),
	(466, 'RETRO SERVICE LOCACOES LTDA', 1, NULL, '28.431.822/0001-46', 'RETRO-SERVICE', '2024-06-11 08:58:47', NULL, NULL),
	(467, 'TRANSDATA ENGENHARIA E MOVIMENTACAO LTDA', 1, NULL, '43.053.081/0001-09', '********', '2024-06-11 08:58:47', NULL, NULL),
	(468, 'MAXIMA LOCACOES, COMERCIO E SERVICOS LTDA', 1, NULL, '24.541.208/0001-86', 'MAXIMA LOCACOES E SERVICOS', '2024-06-11 08:58:47', NULL, NULL),
	(469, 'LOKTHOMAZINI TRANSPORTES LTDA', 1, NULL, '46.513.234/0001-33', 'LOKTHOMAZINI', '2024-06-11 08:58:47', NULL, NULL),
	(470, 'ERMINIO GONCALVES PAZOLINI', 1, NULL, '44.263.967/0001-31', 'GP TOUR', '2024-06-11 08:58:47', NULL, NULL),
	(471, 'A CASA PADRAO LOCACAO DE MAQUINAS LTDA', 1, NULL, '07.109.963/0001-77', 'CASA PADRAO', '2024-06-11 08:58:47', NULL, NULL),
	(472, 'BRV SERVICOS DE LIMPEZA E MANUTENCAO LTDA', 1, NULL, '52.622.085/0001-43', 'BRV SERVICOS DE LIMPEZA E MANUTENCAO LTDA', '2024-06-11 08:58:47', NULL, NULL),
	(473, 'JERVECE MAZETTO', 1, NULL, '06.986.346/0002-78', 'LOCAGUINCHO', '2024-06-11 08:58:47', NULL, NULL),
	(474, 'MAZETTO RENTAL LOCACAO DE MAQUINAS LTDA', 1, NULL, '32.834.203/0001-70', '********', '2024-06-11 08:58:47', NULL, NULL),
	(475, 'TECNOGERA - LOCACAO E TRANSFORMACAO DE ENERGIA SA', 1, NULL, '08.100.057/0021-18', '********', '2024-06-11 08:58:47', NULL, NULL),
	(476, 'AURABRASIL TRANSPORTADORA, MÁQUINAS E EQUIPAMENTOS LTDA', 1, NULL, '14.053.968/0001-90', 'AURABRASIL TRANSPORTADORA, MÁQUINAS E EQUIPAMENTOS LTDA', '2024-06-11 08:58:47', NULL, NULL),
	(477, 'WGL SOLUCOES EM TECNOLOGIAS E SERVICOS LTDA', 1, NULL, '11.063.844/0004-40', 'WGL SOLUCOES EM TECNOLOGIAS E SERVICOS LTDA', '2024-06-11 08:58:47', NULL, NULL),
	(478, 'SOUZA RAMOS LOCACOES E SERVICOS LTDA', 1, NULL, '01.612.165/0001-87', 'SOUZA RAMOS LOCACOES E SERVICOS', '2024-06-11 08:58:47', NULL, NULL);
/*!40000 ALTER TABLE `supplyers` ENABLE KEYS */;

-- Copiando estrutura para tabela toll_db.system_modules
CREATE TABLE IF NOT EXISTS `system_modules` (
  `id` int(11) NOT NULL AUTO_INCREMENT,
  `name` varchar(50) DEFAULT NULL,
  `is_activated` int(11) DEFAULT '1',
  `order_by` int(11) DEFAULT NULL,
  `country_id` int(11) DEFAULT NULL,
  `icon` varchar(120) DEFAULT NULL,
  `route` varchar(120) DEFAULT NULL,
  PRIMARY KEY (`id`),
  KEY `country_id_fk1` (`country_id`),
  CONSTRAINT `country_id_fk1` FOREIGN KEY (`country_id`) REFERENCES `countries` (`id`)
) ENGINE=InnoDB AUTO_INCREMENT=12 DEFAULT CHARSET=utf8;

-- Copiando dados para a tabela toll_db.system_modules: ~3 rows (aproximadamente)
/*!40000 ALTER TABLE `system_modules` DISABLE KEYS */;
INSERT INTO `system_modules` (`id`, `name`, `is_activated`, `order_by`, `country_id`, `icon`, `route`) VALUES
	(1, 'Admin', 1, NULL, NULL, 'nav-icon fas fa-marker', '#'),
	(2, 'General Registrations', 1, NULL, NULL, 'nav-icon fas fa-edit', '#'),
	(3, 'Tooling', 1, 1, NULL, 'nav-icon fas fa-hammer', '#');
/*!40000 ALTER TABLE `system_modules` ENABLE KEYS */;

-- Copiando estrutura para tabela toll_db.system_settings
CREATE TABLE IF NOT EXISTS `system_settings` (
  `id` int(11) unsigned NOT NULL AUTO_INCREMENT,
  `company_id` int(11) DEFAULT NULL,
  `has_km` int(11) unsigned DEFAULT '1',
  `has_h` int(11) unsigned DEFAULT '1',
  `has_arrival_kilometer` int(11) unsigned DEFAULT '1',
  `has_driver` int(11) unsigned DEFAULT '1',
  `has_project_client` int(11) unsigned DEFAULT '1',
  `has_field_activity` int(11) unsigned DEFAULT '1',
  `has_radio` int(11) unsigned DEFAULT '1',
  `requires_approval` int(11) unsigned DEFAULT '1',
  `requires_attachments` int(11) unsigned DEFAULT '1',
  `is_activated` int(10) unsigned DEFAULT '1',
  `created_at` timestamp NULL DEFAULT NULL,
  `updated_at` timestamp NULL DEFAULT NULL,
  `deleted_at` timestamp NULL DEFAULT NULL,
  PRIMARY KEY (`id`),
  KEY `company_id_fk1` (`company_id`),
  CONSTRAINT `company_id_fk1` FOREIGN KEY (`company_id`) REFERENCES `companies` (`id`)
) ENGINE=InnoDB DEFAULT CHARSET=latin1;

-- Copiando dados para a tabela toll_db.system_settings: ~0 rows (aproximadamente)
/*!40000 ALTER TABLE `system_settings` DISABLE KEYS */;
/*!40000 ALTER TABLE `system_settings` ENABLE KEYS */;

-- Copiando estrutura para tabela toll_db.tools
CREATE TABLE IF NOT EXISTS `tools` (
  `id` int(11) unsigned NOT NULL AUTO_INCREMENT,
  `brand_id` int(10) unsigned DEFAULT NULL,
  `name` varchar(100) DEFAULT NULL,
  `serial_number` varchar(30) DEFAULT NULL,
  `category` int(11) DEFAULT NULL,
  `voltage` varchar(10) DEFAULT NULL,
  `application` varchar(100) DEFAULT NULL,
  `is_activated` int(11) DEFAULT '1',
  `created_at` timestamp NULL DEFAULT CURRENT_TIMESTAMP,
  `updated_at` timestamp NULL DEFAULT NULL,
  `deleted_at` timestamp NULL DEFAULT NULL,
  PRIMARY KEY (`id`),
  KEY `brand_id_fk367` (`brand_id`),
  CONSTRAINT `brand_id_fk367` FOREIGN KEY (`brand_id`) REFERENCES `brands` (`id`)
) ENGINE=InnoDB AUTO_INCREMENT=14 DEFAULT CHARSET=latin1;

-- Copiando dados para a tabela toll_db.tools: ~12 rows (aproximadamente)
/*!40000 ALTER TABLE `tools` DISABLE KEYS */;
INSERT INTO `tools` (`id`, `brand_id`, `name`, `serial_number`, `category`, `voltage`, `application`, `is_activated`, `created_at`, `updated_at`, `deleted_at`) VALUES
	(1, NULL, 'Utility Knife', NULL, 1, NULL, 'For cutting track and insulation', 1, '2024-10-18 09:50:18', NULL, NULL),
	(2, NULL, 'Metal Snips', NULL, 1, NULL, 'To cut metal studs and tracks accurately', 1, '2024-10-18 09:50:18', NULL, NULL),
	(3, NULL, 'Drill/Driver', NULL, 2, '220', 'For fastening screws into metal studs', 1, '2024-10-18 09:50:18', NULL, NULL),
	(4, NULL, 'Screw Gun', NULL, 1, NULL, 'Specifically designed for metal framing screws', 1, '2024-10-18 09:50:18', NULL, NULL),
	(5, NULL, 'Level', NULL, 1, NULL, 'To ensure walls are plumb and straight', 1, '2024-10-18 09:50:18', NULL, NULL),
	(6, NULL, 'Measuring Tape', NULL, 1, NULL, 'For precise measurements', 1, '2024-10-18 09:50:18', NULL, NULL),
	(7, NULL, 'Square', NULL, 1, NULL, 'To ensure right angles in the framing', 1, '2024-10-18 09:50:18', NULL, NULL),
	(8, NULL, 'Clamps', NULL, 1, NULL, 'To hold pieces in place during assembly', 1, '2024-10-18 09:50:18', NULL, NULL),
	(9, NULL, 'Stud Finder', NULL, 1, NULL, 'To locate existing structures and ensure proper placement', 1, '2024-10-18 09:50:18', NULL, NULL),
	(10, NULL, 'Safety Gear', NULL, 1, NULL, 'Including gloves, goggles, and hearing protection', 1, '2024-10-18 09:50:18', NULL, NULL),
	(11, NULL, 'Tapping Tool', NULL, 1, NULL, 'For creating threads in metal studs if necessary', 1, '2024-10-18 09:50:18', NULL, NULL),
	(12, NULL, 'Angle Finder', NULL, 1, NULL, 'For measuring and cutting angles accurately', 1, '2024-10-18 09:50:18', NULL, NULL);
/*!40000 ALTER TABLE `tools` ENABLE KEYS */;

-- Copiando estrutura para tabela toll_db.trades
CREATE TABLE IF NOT EXISTS `trades` (
  `id` int(11) unsigned NOT NULL AUTO_INCREMENT,
  `name` varchar(50) DEFAULT NULL,
  `is_activated` int(11) DEFAULT '1',
  `created_at` timestamp NULL DEFAULT NULL,
  `deleted_at` timestamp NULL DEFAULT NULL,
  `updated_at` timestamp NULL DEFAULT NULL,
  PRIMARY KEY (`id`)
) ENGINE=InnoDB AUTO_INCREMENT=8 DEFAULT CHARSET=latin1;

-- Copiando dados para a tabela toll_db.trades: ~7 rows (aproximadamente)
/*!40000 ALTER TABLE `trades` DISABLE KEYS */;
INSERT INTO `trades` (`id`, `name`, `is_activated`, `created_at`, `deleted_at`, `updated_at`) VALUES
	(1, 'CARPENTRY', 1, NULL, NULL, NULL),
	(2, 'SIDING', 1, NULL, NULL, NULL),
	(3, 'LGMF', 1, NULL, NULL, NULL),
	(4, 'DRYWALL', 1, NULL, NULL, NULL),
	(5, 'INSULATION', 1, NULL, NULL, NULL),
	(6, 'CEILING', 1, NULL, NULL, NULL),
	(7, 'PAINTING', 1, NULL, NULL, NULL);
/*!40000 ALTER TABLE `trades` ENABLE KEYS */;

-- Copiando estrutura para tabela toll_db.type_documents
CREATE TABLE IF NOT EXISTS `type_documents` (
  `id` int(10) unsigned NOT NULL AUTO_INCREMENT,
  `name` varchar(80) DEFAULT NULL,
  `is_activated` int(10) unsigned DEFAULT '1',
  `code` char(5) DEFAULT NULL,
  `created_at` timestamp NULL DEFAULT NULL,
  `updated_at` timestamp NULL DEFAULT NULL,
  `deleted_at` timestamp NULL DEFAULT NULL,
  PRIMARY KEY (`id`)
) ENGINE=InnoDB AUTO_INCREMENT=17 DEFAULT CHARSET=latin1;

-- Copiando dados para a tabela toll_db.type_documents: ~2 rows (aproximadamente)
/*!40000 ALTER TABLE `type_documents` DISABLE KEYS */;
INSERT INTO `type_documents` (`id`, `name`, `is_activated`, `code`, `created_at`, `updated_at`, `deleted_at`) VALUES
	(1, 'COI', 1, 'COI', '2024-02-22 15:28:50', NULL, NULL),
	(15, 'LICENSE', 1, 'LIC', '2024-02-22 15:28:50', NULL, NULL);
/*!40000 ALTER TABLE `type_documents` ENABLE KEYS */;

-- Copiando estrutura para tabela toll_db.users
CREATE TABLE IF NOT EXISTS `users` (
  `id` bigint(20) unsigned NOT NULL AUTO_INCREMENT,
  `name` varchar(255) CHARACTER SET utf8mb4 COLLATE utf8mb4_unicode_ci NOT NULL,
  `email` varchar(255) CHARACTER SET utf8mb4 COLLATE utf8mb4_unicode_ci NOT NULL,
  `email_verified_at` timestamp NULL DEFAULT NULL,
  `password` varchar(255) CHARACTER SET utf8mb4 COLLATE utf8mb4_unicode_ci NOT NULL,
  `two_factor_secret` text CHARACTER SET utf8mb4 COLLATE utf8mb4_unicode_ci,
  `two_factor_recovery_codes` text CHARACTER SET utf8mb4 COLLATE utf8mb4_unicode_ci,
  `two_factor_confirmed_at` timestamp NULL DEFAULT NULL,
  `remember_token` varchar(100) CHARACTER SET utf8mb4 COLLATE utf8mb4_unicode_ci DEFAULT NULL,
  `created_at` timestamp NULL DEFAULT NULL,
  `updated_at` timestamp NULL DEFAULT NULL,
  `access_level` int(11) DEFAULT '2',
  `is_activated` int(11) unsigned DEFAULT '1',
  PRIMARY KEY (`id`),
  UNIQUE KEY `users_email_unique` (`email`)
) ENGINE=InnoDB AUTO_INCREMENT=22 DEFAULT CHARSET=utf8mb4 COLLATE=utf8mb4_unicode_ci;

-- Copiando dados para a tabela toll_db.users: ~4 rows (aproximadamente)
/*!40000 ALTER TABLE `users` DISABLE KEYS */;
INSERT INTO `users` (`id`, `name`, `email`, `email_verified_at`, `password`, `two_factor_secret`, `two_factor_recovery_codes`, `two_factor_confirmed_at`, `remember_token`, `created_at`, `updated_at`, `access_level`, `is_activated`) VALUES
	(1, 'Marcelo Usbert', 'usbert@gmail.com', NULL, '$2y$10$7HFcOoW6msQLKpeKPx/1NOA.kmp6mzI4gKuJMZy.Fif0u/7FSM8.G', NULL, NULL, NULL, NULL, '2024-01-05 19:10:33', '2024-01-05 19:10:33', 1, 1),
	(3, 'Edwin Louis Cole', 'edwin@gmail.com', NULL, '$2y$10$7HFcOoW6msQLKpeKPx/1NOA.kmp6mzI4gKuJMZy.Fif0u/7FSM8.G', NULL, NULL, NULL, NULL, '2024-01-05 19:10:33', '2024-01-05 19:10:33', 2, 1),
	(18, 'Evangelos Odysseas', 'evangelos@gmail.com', NULL, '$2y$10$/sGCcwZlBDtOsF99iZ.pwu0gwxdDWTzPW2e32ocRx4hpW.CFTPnyy', NULL, NULL, NULL, NULL, '2024-06-19 11:31:58', '2024-06-19 11:31:58', 2, 1),
	(21, 'Lucas Willians', 'lucasw@skic.com', NULL, '$2y$10$XcVJ67NsLgaAB/7MiQ3Vq.go6q0U8qNwZFwDARc.jGmeQu1lukDrm', NULL, NULL, NULL, NULL, '2024-07-22 18:23:00', '2024-07-22 18:23:00', 2, 1);
/*!40000 ALTER TABLE `users` ENABLE KEYS */;

-- Copiando estrutura para tabela toll_db.user_projects
CREATE TABLE IF NOT EXISTS `user_projects` (
  `id` int(11) NOT NULL AUTO_INCREMENT,
  `user_id` bigint(20) unsigned NOT NULL,
  `project_id` int(11) NOT NULL,
  `created_at` timestamp NULL DEFAULT NULL,
  `updated_at` timestamp NULL DEFAULT NULL,
  `is_activated` int(11) unsigned DEFAULT '1',
  `deleted_at` timestamp NULL DEFAULT NULL,
  PRIMARY KEY (`id`),
  KEY `user_id_fkup1` (`user_id`),
  KEY `project_id_fkup1` (`project_id`),
  CONSTRAINT `project_id_fkup1` FOREIGN KEY (`project_id`) REFERENCES `projects` (`id`),
  CONSTRAINT `user_id_fkup1` FOREIGN KEY (`user_id`) REFERENCES `users` (`id`)
) ENGINE=InnoDB AUTO_INCREMENT=620 DEFAULT CHARSET=latin1;

-- Copiando dados para a tabela toll_db.user_projects: ~0 rows (aproximadamente)
/*!40000 ALTER TABLE `user_projects` DISABLE KEYS */;
/*!40000 ALTER TABLE `user_projects` ENABLE KEYS */;

-- Copiando estrutura para tabela toll_db.warehouses
CREATE TABLE IF NOT EXISTS `warehouses` (
  `id` int(11) NOT NULL AUTO_INCREMENT,
  `address_id` int(11) unsigned DEFAULT NULL,
  `name` varchar(100) DEFAULT NULL,
  `code` varchar(10) DEFAULT NULL,
  `responsible` varchar(80) DEFAULT NULL,
  `is_activated` int(11) DEFAULT '1',
  `created_at` timestamp NULL DEFAULT NULL,
  `deleted_at` timestamp NULL DEFAULT NULL,
  `updated_at` timestamp NULL DEFAULT NULL,
  PRIMARY KEY (`id`)
) ENGINE=InnoDB AUTO_INCREMENT=4 DEFAULT CHARSET=latin1;

-- Copiando dados para a tabela toll_db.warehouses: ~2 rows (aproximadamente)
/*!40000 ALTER TABLE `warehouses` DISABLE KEYS */;
INSERT INTO `warehouses` (`id`, `address_id`, `name`, `code`, `responsible`, `is_activated`, `created_at`, `deleted_at`, `updated_at`) VALUES
	(1, 12, 'Ashland', '0001', 'Edwin Louis', 1, NULL, NULL, NULL),
	(3, 13, 'Westborough', '0002', 'Antônio Carlos', 1, NULL, NULL, NULL);
/*!40000 ALTER TABLE `warehouses` ENABLE KEYS */;

/*!40101 SET SQL_MODE=IFNULL(@OLD_SQL_MODE, '') */;
/*!40014 SET FOREIGN_KEY_CHECKS=IF(@OLD_FOREIGN_KEY_CHECKS IS NULL, 1, @OLD_FOREIGN_KEY_CHECKS) */;
/*!40101 SET CHARACTER_SET_CLIENT=@OLD_CHARACTER_SET_CLIENT */;
